Name,% HQ,Sequence,Sequence List Name
ghe_m2x_1_A_ITS1F_A03.ab1,80.5%,ATACATTTCAAACCCCCTTGTCTAAACCACCTGTTGCTTCCGGCTGTTTGGGCTGTACAGTTAGCTGAATAGCCTGGCCGGAAGGTTAACATAAAATATTGTATTTAGAGTCTTCTGAATTTTTAAAATAAAAGTTAAAACTTTCAACAACGGATCTCTTGGTTCTCGCATCGATGAAGAACGCAGCGAAATGCGATAAGTAGTGTGAATTGCAGAATTCAGTGAATCATCGAATCTTTGAACGCACATTGCGCCTTCCGGTATTCCGGGAGGCATGCCTGTCCGAGCGTCATCAAAAACCACTCAAGTAGTTTTGCTTGGTCATGAAAGAAGAGTTTGCTTGCAAATTCCCTTTCGAAATTCAATGGCGGAGAGTCTCATGATTCCGGCGTAGTAATAACTTATTCGCTTGGTCATTGTAATAATCCTGCCTCAAACCCCCAATTCTAGTGTTTGACCTCGGATCAGGTAGGGATACCCGCTGAACTTAAG,
ghe_m2x_1_E_ITS1F_C03.ab1,4.6%,CCCTTGTCTAAACCACCTGTTGCTTCCGGCTGTTTGGGCTGTACAGTTAGCTGAATAGCCTGGCCGGAAGGTTAACATAAAATATTGTATTTAGAGTCTTCTGAATTTTTAAAATAAAAGTTAAAACTTTCAACAACGGATCTCTTGGTTCTCGCATCGATGAAGAACGCAGCGAAATGCGATAAGTAGTGTGAATTGCAGAATTCAGTGAATCATCGAATCTTTGAACGCACATTGCGCCTTCCGGTATTCCGGGAGGCATGCCTGTCCGAGCGTCATCAAAAACCACTCAAGTAGTTTTGCTTGGTCATGAAAGAAGAGTTTGCTTGCAAATTCCCTTTCGAAATTCAATGGCGGAGAGTCTCATGATTCCGGCGTAGTAATAACTTATTCGCTTGGTCATTGTAATAATCCTGCCTCAAACCCCCAATTCTAGTGTTTGACCTCGGATCAGGTAGGGATACCCGCTGAACTTAAGCATA,
ghe_m2x_1_H_ITS1F_E03.ab1,19.4%,TATACATTTCAAACCCCCTTGTCTAAACCACCTGTTGCTTCCGGCTGTTTGGGCTGTACAGTTAGCTGAATAGCCTGGCCGGAAGGTTAACATAAAATATTGTATTTAGAGTCTTCTGAATTTTTAAAATAAAAGTTAAAACTTTCAACAACGGATCTCTTGGTTCTCGCATCGATGAAGAACGCAGCGAAATGCGATAAGTAGTGTGAATTGCAGAATTCAGTGAATCATCGAATCTTTGAACGCACATTGCGCCTTCCGGTATTCCGGGAGGCATGCCTGTCCGAGCGTCATCAAAAACCACTCAAGTAGTTTTGCTTGGTCATGAAAGAAGAGTTTGCTTGCAAATTCCCTTTCGAAATTCAATGGCGGAGAGTCTCATGATTCCGGCGTAGTAATAACTTATTCGCTTGGTCATTGTAATAATCCTGCCTCAAACCCCCAATTCTAGTGTTTGACCTCGGATCAGGTAGGGATACCCGCTGAACTTAAGCATATCAT,
ghe_m2x_2_B_ITS1F_F03.ab1,16.5%,GGCTACCGAACGTTGTAAACAGCGGTTAGGAGCTTACACCCACCCGTGTTTACATACTATTGTTGCTTTGGCGGNCCGTGGCCTCCACTGCGGCCTCTGCTCGTGTGTGCCCGCCAGAGAACCAAACTCTGAATGTTAGTGATGTCTGAGTACTATCTAATAGTTAAAACTTTCAACAACGGATCTCTTGGTTCTGGCATCGATGAAGAACGCAGCGAAATGCGATAAGTAATGTGAATTGCAGAATTCAGTGAATCATCGAATCTTTGAACGCACATTGCGCCCTGTGGTATTCCGCAGGGCATGCCTGTTCGAGCGTCATTTAACCACTCACGCCTAGCGTGTTATTGNGGCACGCGGTCTCCGCGGCCCTCAAAATTAGTGGCGGCGCCGGTGGGCTCTAAGCGTAGTACATACTCCCGCTATAGAGTTCCCCCCGGTGGCTCGCCAGAACCCCCAATTTTTACAGGTTGACCTCGGATCAGGTAGGGATACCCGCTGAACTTAAGC,
ghe_m2x_2_C_ITS1F_G03.ab1,84.8%,ATACCAATGTGTTCCCTGACCCATACCACCTCTGTGTACCGCTCCATGTTGCTTTCCCAGGTGCTCAATCCTTGTAGTAGCTCATCGCAAATGACATGTCGCTGCTGCCCGCGATTGGCTACTGGGAAAGGTCTTATTTAACGCCTTCAATTGAATTTGCCGTCTGAGTTGGCCTGGTGCCATGAACTTTGAACAAGTTAAAAAACTTTCAACAACGGATCTCTTGGCTCTCGCATCGATGAAGAACGCAGCGAAATGCGATAAGTAATGTGAATTGCAGAATTCAGTGAATCATCGAATCTTTGAACGCACATTGCGCCCCTTGGTATTCCTTGGGGCATGCCTGTTCGAGCGTCACTACAAAACCCACTCATAAATGTTATGGTACTGATGGAAGTGAACTGTCGCCACTCATGCGCTCAGATCACTCTGTTGAAATGCATAGGCAGGATAATCAACCTCCGCAACGGACTTAGTAACAGTTTTAAAGACATAAACCAGTCACTTGTTAGGTTCCAGCCTGGCCATCATGGACCTCCATCCAAGTTGAACTCTGGGTTGACCTCGGATCAGGTAGGGATACCCGCTGAACTTAAG,
ghe_m2x_2_D_ITS1F_H03.ab1,72.7%,ATCGGAAAGCTGTCGCTGGCCTTCGGGCATGTGCACGCCGACCGTGTTTCATAAATTTCTCACCTGTGAACCTAATGTAGGATGCCTATTCCTTTGGGATAGGGGACCTATGTCTTCATATACATCTCCGTGTAGAAAGTCTTAGAATGTTTACTATCATAGAGTCGCGACTTCTAGGAGACGCGAATCTGTGAGATAAAAGTTATTACAACTTTCAGCAATGGATCTCTTGGCTCTCGCATCGATGAAGAACGCAGCGAAAAGCGATATGTAATGTGAATTGCAGATCTACAGTGAATCATCGAATCTTTGAACGCACCTTGCGCTCCTCGGTGTTCCGAGGAGCATGCCTGTTTGAGTGTCAGTAAATTCTCAACCCCTCTTGATTGAGGGAGTTTGGATAGTGGGGGTTTGCCGGAGACTTTTTGACTCGGGCTCTCCTGAAATGCATCGGCTTGCGGTCGACTTTCGACTATGCGCGACAAGGCTTTCGGCGTGATAATGATCGCCGTTCGCTGAAGTGCATGAATGAAGGTTACGCGCCTCTAATACGTCGACTCTTATTATCTCTTAGGAGAGAAAAGGTCTTCCTTATTGACTTTTGACCTCAAATCAGGTAGGACTACCCGCTGAACTT,
ghe_m2x_2_E_ITS1F_A04.ab1,71.9%,ATCGGAAAGCTGTCGCTGGCCTTCGGGCATGTGCACGCCGACCGTGTTTCATAAATTTCTCACCTGTGAACCTAATGTAGGATGCCTATTCCTTTGGGATAGGGGACCTATGTCTTCATATACATCTCCGTGTAGAAAGTCTTAGAATGTTTACTATCATAGAGTCGCGACTTCTAGGAGACGCGAATCTGTGAGATAAAAGTTATTACAACTTTCAGCAATGGATCTCTTGGCTCTCGCATCGATGAAGAACGCAGCGAAAAGCGATATGTAATGTGAATTGCAGATCTACAGTGAATCATCGAATCTTTGAACGCACCTTGCGCTCCTCGGTGTTCCGAGGAGCATGCCTGTTTGAGTGTCAGTAAATTCTCAACCCCTCTTGATTGAGGGAGTTTGGATAGTGGGGGTTTGCCGGAGACTTTTTGACTCGGGCTCTCCTGAAATGCATCGGCTTGCGGTCGACTTTCGACTATGCGCGACAAGGCTTTCGGCGTGATAATGATCGCCGTTCGCTGAAGCGCATGAATGAAGGTTNCGCGCCTCTAATACGTCGACTCTTATTATCTCTTAGGAGAGAAAAGGTCTTCTTTATTGACTTTTGACCTCAAATCAGGTAGGACTACCCGCTGAACTT,
ghe_m2x_2_G_ITS1F_B04.ab1,81.9%,ACATTTCAAACCCCCTTGTCTAAACCACCTGTTGCTTCCGGCTGTTTGGGCTGTACAGTTAGCTGAATAGCCTGGCCGGAAGGTTAACATAAAATATTGTATTTAGAGTCTTCTGAATTTTTAAAATAGAAGTTAAAACTTTCAACAACGGATCTCTTGGTTCTCGCATCGATGAAGAACGCAGCGAAATGCGATAAGTAGTGTGAATTGCAGAATTCAGTGAATCATCGAATCTTTGAACGCACATTGCGCCTTCCGGTATTCCGGGAGGCATGCCTGTCCGAGCGTCATCAAAAACCACTCAAGTAGTTTTGCTTGGTCATGAAAGAAGAGTTTGCTTGCAAATTCCCTTTCGAAATTCAATGGCGGAGAGTCTCATGATTCCGGCGTAGTAATAACTTATTCGCTTGGTCATTGTAATAATCCTGCCTCAAACCCCCAATTCTAGTGTTTGACCTCGGATCAGGTAGGGATACCCGCTGAACTTAAGCAT,
ghe_m2x_3_A_ITS1F_C04.ab1,82.5%,GCTGGCCTTCGGGCATGTGCACGCCGACCGTGTTTCATAAATTTCTCACCTGTGAACCTAATGTAGGATGCCTATTCCTTTGGGATAGGGGACCTATGTCTTCATATACATCTCCGTGTAGAAAGTCTTAGAATGTTTACTATCATAGAGTCGCGACTTCTAGGAGACGCGAATCTGTGAGATAAAAGTTATTACAACTTTCAGCAATGGATCTCTTGGCTCTCGCATCGATGAAGAACGCAGCGAAAAGCGATATGTAATGTGAATTGCAGATCTACAGTGAATCATCGAATCTTTGAACGCACCTTGCGCTCCTCGGTGTTCCGAGGAGCATGCCTGTTTGAGTGTCAGTAAATTCTCAACCCCTCTTGATTGAGGGAGTTTGGATAGTGGGGGTTTGCCGGAGACTTTTTGACTCGGGCTCTCCTGAAATGCATCGGCTTGCGGTCGACTTTCGACTATGCGCGACAAGGCTTTCGGCGTGATAATGATCGCCGTTCGCTGAAGCGCATGAATGAAGGTTTCGCGCCTCTAATACGTCGACTCTTATTATCTCTTAGGAGAGAAAAGGTCTTCTTTATTGACTTTTGACCTCAAATCAGGTAGGACTACCCGCTGAACTTAAGC,
ghe_m2x_3_E_ITS1F_D04.ab1,86.0%,TTCATTTGAATATACATTTCAAACCCCCTTGTCTAAACCACCTGTTGCTTCCGGCTGTTTGGGCTGTACAGTTAGCTGAATAGCCTGGCCGGAAGGTTAACATAAAATATTGTATTTAGAGTCTTCTGAATTTTTAAAATAGAAGTTAAAACTTTCAACAACGGATCTCTTGGTTCTCGCATCGATGAAGAACGCAGCGAAATGCGATAAGTAGTGTGAATTGCAGAATTCAGTGAATCATCGAATCTTTGAACGCACATTGCGCCTTCCGGTATTCCGGGAGGCATGCCTGTCCGAGCGTCATCAAAAACCACTCAAGTAGTTTTGCTTGGTCATGAAAGAAGAGTTTGCTTGCAAATTCCCTTTCGAAATTCAATGGCGGAGAGTCTCATGATTCCGGCGTAGTAATAACTTATTCGCTTGGTCATTGTAATAATCCTGCCTCAAACCCCCAATTCTAGTGTTTGACCTCGGATCAGGTAGGGATACCCGCTGAACTTAAGCAT,
ghe_m2x_3_F_ITS1F_E04.ab1,1.7%,GTAGACCTCCCACCCGATGTTATCATTACCTTTGTTGCTTTGGCGGGCCGCCAGGCTTCGGTCAGGCTATCGGCTTCGGCTGGTAAGCGCCCGCCAGAGGACCCCAACATCCTGATTATTAGTGTCGTCTGAGTCCTATGCAATAGTTAAAACTTTCAACAACGGATCTCTTGTTTCTGGCATCGATGAAGAACGCAGCGAAATGCGATAAGTAATGTGAATTGCAGAATTCAGTGAATCATCGAATCTTTGAACGCACATTGCGCCCCTTGGTATTCCGAGGGGCATGCCTGTTCGAGCGTCATTACAACCCTCAAGCATTGCTTGNTGTTAGGCTCCGCTGCTCACCCAGCGGGCCTTAAAATCAGTGACGGTGCCGTCGGGCCCTGAGCGTAGTAAATCTCCTCGCTACAGGGCCCCGGTGGACGCTGGCCATCAACCCCTCACTTTCTAAGTTTGACCTCGGATCAGGTAG,
ghe_m2x_3_G_ITS1F_F04.ab1,18.7%,CGACTGAATATACCCATTCTGAGTACCTTGCCTGTTGCTTCCATGGAGCATGACAAATGTCACTCTGGGGATTTACATCCCGAGGGAGCCTCCGTGGAAGGTAATCAATTAACCCTTGAATCCAATGTCATCTGTCTGATAATGTTTATAACAAATGTTAAAACTTTCAACAACGGATCTCTTGGTTCTCGCATCGATGAAGAACGCAGCGAAATGCGATAAGTAGTGTGAATTGCAGAATTCAGTGAATCATCGAATCTTTGAACGCACATTGCGCCTCCTGGTATTCCGGGAGGCATGCCTGTTCGAGCGTCATTAAATACCACTCAAGCTCTTCTGCTTGGTCATGGAAGAAGAGTATGCTTGCATCCTCTCTTCTGAAATTGAATGNCGGACCGCCTCATGTGCCTCGCGTAGTAAGTTCATCTTTTCGCTTGGAGTGTGAGACAGTCTCGCCATCAACCCCCATACTTCTAAGGTTGACCTCGGATCAGGTAGGGATACCCGCTGAACTTAAG,
ghe_m2x_3_H_ITS1F_G04.ab1,64.4%,TTGACCAAAACCCTCTCTGCGTACCAATCTATGTTGCTTTCCTAGGTGGTTGGTTTCAGCTGCCGTCCAACATTGCCTGCTAGCTCAGTCAGCCCGAGTGGTTAACTCGGAGTTTGATCTTTTTTACTGATGGGTTAAGCTTTAATCGGTCAGCGAGCTTAATTTATGTCCATCAGGATCAGCTATGCAGGCCCCTGGGAAAGGGTCCATCCCAAATGAATATGCCAATCAGCTGTCTGAGTTGGCCTTGTGCCTTATTCTTTGAACAAGTTAAAACTTTCAACAACGGATCTCTTGGCTCTCGCATCGATGAAGAACGCAGCGAAATGCGATAAGTAATGTGAATTGCAGAATTCAGTGAATCATCGAATCTTTGAACGCACATTGCGCCCCTTGGTATTCCTTGGGGCATGCCTGTTCGAGCGTCACTATAAACCCGCTCATAAATGTTATGGTATTGATGGAAGTGAACTGTTGCAACTAAAGTGTGTGGATCACTCCATCGAAATACATAGGCAGGACAACAAACCTCTGTAGCTGACTTAGTAACTGTTTTCAAAGACACAAACCAGTCACTTGCTAGGTTCTAGCCTGGCCTCCTTAGACCTCCATTCAAGATAAAATACTGGGTTGACCTCGGATCAGGTAGGGATACCCGCTGAACTTAAGCA,
ghe_m2x_4_A_ITS1F_H04.ab1,64.1%,CGGAAAGCTGTCGCTGGCCTTCGGGCATGTGCACGCCGACCGTGTTTCATAAATTTCTCACCTGTGAACCTAATGTAGGATGCCTATTCCTTTGGGATAGGGGACCTATGTCTTCATATACATCTCCGTGTAGAAAGTCTTAGAATGTTTACTATCATAGAGTCGCGACTTCTAGGAGACGCGAATCTGTGAGATAAAAGTTATTACAACTTTCAGCAATGGATCTCTTGGCTCTCGCATCGATGAAGAACGCAGCGAAAAGCGATATGTAATGTGAATTGCAGATCTACAGTGAATCATCGAATCTTTGAACGCACCTTGCGCTCCTCGGTGTTCCGAGGAGCATGCCTGTTTGAGTGTCAGTAAATTCTCAACCCCTCTTGATTGAGGGAGTTTGGATAGTGGGGGTTTGCCGGAGACTTTTTGACTCGGGCTCTCCTGAAATGCATCGGCTTGCGGTCGACTTTCGACTATGCGCGACAAGGCTTTCGGCGTGATAATGATCGCCGTTCGCTGAAGCGCATGAATGAAGGTTTCGCGCCTCTAATACGTCGACTCTTATTATCTCTTAGGAGAGAAAAGGTCTTCTTTATTGACTTTTGACCTCAAATCAGGTAGGACTACCCGCTGAACTTAAGCA,
ghe_m2x_4_B_ITS1F_A05.ab1,59.4%,AATCGGAAAGCTGTCGCTGGCCTTCGGGCATGTGCACGCCGACCGTGTTTCATAAATTTCTCACCTGTGAACCTAATGTAGGATGCCTATTCCTTTGGGATAGGGGACCTATGTCTTCATATACATCTCCGTGTAGAAAGTCTTAGAATGTTTACTATCATAGAGTCGCGACTTCTAGGAGACGCGAATCTGTGAGATAAAAGTTATTACAACTTTCAGCAATGGATCTCTTGGCTCTCGCATCGATGAAGAACGCAGCGAAAAGCGATATGTAATGTGAATTGCAGATCTACAGTGAATCATCGAATCTTTGAACGCACCTTGCGCTCCTCGGTGTTCCGAGGAGCATGCCTGTTTGAGTGTCAGTAAATTCTCAACCCCTCTTGATTGAGGGAGTTTGGATAGTGGGGGTTTGCCGGAGACTTTTTGACTCGGGCTCTCCTGAAATGCATCGGCTTGCGGTCGACTTTCGACTATGCGCGACAAGGCTTTCGGCGTGATAATGATCGCCGTTCGCTGA,
ghe_m2x_4_H_ITS1F_D05.ab1,93.5%,ATATTCATTTGAATATACATTTCAAACCCCCTTGTCTAAACCACCTGTTGCTTCCGGCTGTTTGGGCTGTACAGTTAGCTGAATAGCCTGGCCGGAAGGTTAACATAAAATATTGTATTTAGAGTCTTCTGAATTTTTAAAATAAAAGTTAAAACTTTCAACAACGGATCTCTTGGTTCTCGCATCGATGAAGAACGCAGCGAAATGCGATAAGTAGTGTGAATTGCAGAATTCAGTGAATCATCGAATCTTTGAACGCACATTGCGCCTTCCGGTATTCCGGGAGGCATGCCTGTCCGAGCGTCATCAAAAACCACTCAAGTAGTTTTGCTTGGTCATGAAAGAAGAGTTTGCTTGCAAATTCCCTTTCGAAATTCAATGGCGGAGAGTCTCATGATTCCGGCGTAGTAATAACTTATTCGCTTGGTCATTGTAATAATCCTGCCTCAAACCCCCAATTCTAGTGTTTGACCTCGGATCAGGTAGGGATACCCGCTGAACTTAAGC,
ghe_m2x_5_A_ITS1F_E05.ab1,93.2%,ATTTGAATATACATTTCAAACCCCCTTGTCTAAACCACCTGTTGCTTCCGGCTGTTTGGGCTGTACAGTTAGCTGAATAGCCTGGCCGGAAGGTTAACATAAAATATTGTATTTAGAGTCTTCTGAATTTTTAAAATAAAAGTTAAAACTTTCAACAACGGATCTCTTGGTTCTCGCATCGATGAAGAACGCAGCGAAATGCGATAAGTAGTGTGAATTGCAGAATTCAGTGAATCATCGAATCTTTGAACGCACATTGCGCCTTCCGGTATTCCGGGAGGCATGCCTGTCCGAGCGTCATCAAAAACCACTCAAGTAGTTTTGCTTGGTCATGAAAGAAGAGTTTGCTTGCAAATTCCCTTTCGAAATTCAATGGCGGAGAGTCTCATGATTCCGGCGTAGTAATAACTTATTCGCTTGGTCATTGTAATAATCCTGCCTCAAACCCCCAATTCTAGTGTTTGACCTCGGATCAGGTAGGGATACCCGCTGAACTT,
ghe_m2x_5_B_ITS1F_F05.ab1,85.0%,TTAAAAGTAATATATATTCATTTGAATATACATTTCAAACCCCCTTGTCTAAACCACCTGTTGCTTCCGGCTGTTTGGGCTGTACAGTTAGCTGAATAGCCTGGCCGGAAGGTTAACATAAAATATTGTATTTAGAGTCTTCTGAATTTTTAAAATAAAAGTTAAAACTTTCAACAACGGATCTCTTGGTTCTCGCATCGATGAAGAACGCAGCGAAATGCGATAAGTAGTGTGAATTGCAGAATTCAGTGAATCATCGAATCTTTGAACGCACATTGCGCCTTCCGGTATTCCGGGAGGCATGCCTGTCCGAGCGTCATCAAAAACCACTCAAGTAGTTTTGCTTGGTCATGAAAGAAGAGTTTGCTTGCAAATTCCCTTTCGAAATTCAATGGCGGAGAGTCTCATGATTCCGGCGTAGTAATAACTTATTCGCTTGGTCATTGTAATAATCCTGCCTCAAACCCCCAATTCTAGTGTTTGACCTCGGATCAGGTAGGGATACCCGCTGAACTTAAG,
ghe_m2x_5_D_ITS1F_G05.ab1,87.5%,TCATTTGAATATACATTTCAAACCCCCTTGTCTAAACCACCTGTTGCTTCCGGCTGTTTGGGCTGTACAGTTAGCTGAATAGCCTGGCCGGAAGGTTAACATAAAATATTGTATTTAGAGTCTTCTGAATTTTTAAAATAAAAGTTAAAACTTTCAACAACGGATCTCTTGGTTCTCGCATCGATGAAGAACGCAGCGAAATGCGATAAGTAGTGTGAATTGCAGAATTCAGTGAATCATCGAATCTTTGAACGCACATTGCGCCTTCCGGTATTCCGGGAGGCATGCCTGTCCGAGCGTCATCAAAAACCACTCAAGTAGTTTTGCTTGGTCATGAAAGAAGAGTTTGCTTGCAAATTCCCTTTCGAAATTCAATGGCGGAGAGTCTCATGATTCCGGCGTAGTAATAACTTATTCGCTTGGTCATTGTAATAATCCTGCCTCAAACCCCCAATTCTAGTGTTTGACCTCGGATCAGGTAGGGATACCCGCTGAACTTAAGCAT,
ghe_m2x_5_E_ITS1F_H05.ab1,84.2%,TCATTAAAAGTAATATATATTCATTTGAATATACATTTCAAACCCCCTTGTCTAAACCACCTGTTGCTTCCGGCTGTTTGGGCTGTACAGTTAGCTGAATAGCCTGGCCGGAAGGTTAACATAAAATATTGTATTTAGAGTCTTCTGAATTTTTAAAATAGAAGTTAAAACTTTCAACAACGGATCTCTTGGTTCTCGCATCGATGAAGAACGCAGCGAAATGCGATAAGTAGTGTGAATTGCAGAATTCAGTGAATCATCGAATCTTTGAACGCACATTGCGCCTTCCGGTATTCCGGGAGGCATGCCTGTCCGAGCGTCATCAAAAACCACTCAAGTAGTTTTGCTTGGTCATGAAAGAAGAGTTTGCTTGCAAATTCCCTTTCGAAATTCAATGGCGGAGAGTCTCATGATTCCGGCGTAGTAATAACTTATTCGCTTGGTCATTGTAATAATCCTGCCTCAAACCCCCAATTCTAGTGTTTGACCTCGGATCAGGTAGGGATACCCGCTGAACTTA,
ghe_m2x_6_A_ITS1F_A06.ab1,14.3%,TGGAGGGGAAGACGAGCGAGCGAAGTTTGGTAGATCGTAGGGATTGTCGCTGGCCTTTGGCAACCGAAGGCATGTGCACGTTCCGAGTTCTCCTTTAGTCCTCATTTGCCTTTCCTTTTGGAAAACCTTTATTTCACACCTGTGCACCTATTGTAGGTCCCGCAAGGGATCTATGTTTCTAATCTACCCCAAATGTATGTCTAGAATGTCATTAATGCGTCGATCGGCTTGGCTAACGCCTCGTTGGCGACGGTAAAGAAATCATATACAACTTTCAGCAACGGATCTCTTGGCTCTCGCATCGATGAAGAACGCAGCGAATTGCGATACGTAATGTGAATTGCAGATTTTCAGTGAATCATCGAATCTTTGAACGCACCTTGCGCTCCTTGGTATTCCGAGGAGCATGCCTGTTTGAGTGTCATTGAATTCTCAACCATCCTTTGATTGATTTCGAGGGGATGGCTTGGATTTTGGGAGCTGCCGGCTGACCTTTACTAAAGGACGGGTCGGCTCTTCTTAAAAGCATTAGCGAAAGGT,
ghe_m2x_6_F_ITS1F_B06.ab1,23.1%,TATCGAAAAGCAATCTGGAGGGGAAGACGAGCGAGCGAAGTTTGGTAGATCGTAGGGATTGTCGCTGGCCTTTGGCAACCGAAGGCATGTGCACGTTCCGAGTTCTCCTTTAGTCCTCATTTGCCTTTCCTTTTGGAAAACCTTTATTTCACACCTGTGCACCTATTGTAGGTCCCGCAAGGGATCTATGTTTCTAATCTACCCCAAATGTATGTCTAGAATGTCATTAATGCGTCGATCGGCTTGGCTAACGCCTCGTTGGCGACGGTAAAGAAATCATATACAACTTTCAGCAACGGATCTCTTGGCTCTCGCATCGATGAAGAACGCAGCGAATTGCGATACGTAATGTGAATTGCAGATTTTCAGTGAATCATCGAATCTTTGAACGCACCTTGCGCTCCTTGGTATTCCGAGGAGCATGCCTGTTTGAGTGTCATTGAATTCTCAACCATCCTTTGATTGATTTCGAGGGGATGGCTTGGATTTTGGGAGCTGCCGGCTGACCTTTACTAAAGGACGGGTCGGCTCTTCTT,
ghe_m2x_6_G_ITS1F_C06.ab1,56.8%,TAGCGAGTATAACTCTCTAAAACCATTGTGAACGAACGAACCCGTTGCTTCGGCGGACGGCTCTGCCGCCGCCGGAAGAACGCAAACTCTTGTTATTATTGTTTCTCTGAGTACTTATTCAATAAGTAAAAACTTTCAACAACGGATCTCTTGGTTCTGGCATCGATGAAGAACGCAGCGAAATGCGATAAGTAATGTGAATTGCAGAATTCAGTGAATCATCGAATCTTTGAACGCACATTGCGCCCGCCAGTATTCTGGCGGGCATGCCTGTTCGAGCGTCATTTCAACCATCAAGCCCCAGGCTTGTGTTGGGGGCCTGCAGCTGCTGCAGCCCCCTAAAAGCAGTGGCGGACTCGCTGTCATTCCGAGCGCAGTAGTTACATCTCGCTCTGGGCGTGGCGGTGGGCACCTGCCGTGAAACACTCTTTCTAAGGTTGACCTCGGATCAGGTAGGAATACCCGCTGAACTTAAGC,
ghe_m2x_6_H_ITS1F_D06.ab1,15.5%,CGAAAAGCAATCTGGAGGGGAAGACGAGCGAGCGAAGTTTGGTAGATCGTAGGGATTGTCGCTGGCCTTTGGCAACCGAAGGCATGTGCACGTTCCGAGTTCTCCTTTAGTCCTCATTTGCCTTTCCTTTTGGAAAACCTTTATTTCACACCTGTGCACCTATTGTAGGTCCCGCAAGGGATCTATGTTTCTAATCTACCCCAAATGTATGTCTAGAATGTCATTAATGCGTCGATCGGCTTGGCTAACGCCTCGTTGGCGACGGTAAAGAAATCATATACAACTTTCAGCAACGGATCTCTTGGCTCTCGCATCGATGAAGAACGCAGCGAATTGCGATACGTAATGTGAATTGCAGATTTTCAGTGAATCATCGAATCTTTGAACGCACCTTGCGCTCCTTGGTATTCCGAGGAGCATGCCTGTTTGAGTGTCATTGAATTCTCAACCATCCTTTGATTGATTTCGAGGGGATGGCTTGGATTTTGGGAGCTGCCGGCTGACCTTTACTAAAGGACGGGTCGGCTCT,
ghe_m2x_7_B_ITS1F_E06.ab1,8.8%,CGTTCCGAGTTCTCCTTTAGTCCTCATTTGCCTTTCCTTTTGGAAAACCTTTATTTCACACCTGTGCACCTATTGTAGGTCCCGCAAGGGATCTATGTTTCTAATCTACCCCAAATGTATGTCTAGAATGTCATTAATGCGTCGATCGGCTTGGCTAACGCCTCGTTGGCGACGGTAAAGAAATCATATACAACTTTCAGCAACGGATCTCTTGGCTCTCGCATCGATGAAGAACGCAGCGAATTGCGATACGTAATGTGAATTGCAGATTTTCAGTGAATCATCGAATCTTTGAACGCACCTTGCGCTCCTTGGTATTCCGAGGAGCATGCCTGTTTGAGTGTCATTGAATTCTCAACCATCCTTTGATTGATTTCGAGGGGATGGCTTGGATTTTGNGAGCTGCCGGCTGACCTTTACTAAAGGACGGGTCGGCTCTTCT,
ghe_m2x_7_C_ITS1F_F06.ab1,79.8%,TAAAAGTAATATATATTCATTTGAATATACATTTCAAACCCCCTTGTCTAAACCACCTGTTGCTTCCGGCTGTTTGGGCTGTACAGTTAGCTGAATAGCCTGGCCGGAAGGTTAACATAAAATATTGTATTTAGAGTCTTCTGAATTTTTAAAATAAAAGTTAAAACTTTCAACAACGGATCTCTTGGTTCTCGCATCGATGAAGAACGCAGCGAAATGCGATAAGTAGTGTGAATTGCAGAATTCAGTGAATCATCGAATCTTTGAACGCACATTGCGCCTTCCGGTATTCCGGGAGGCATGCCTGTCCGAGCGTCATCAAAAACCACTCAAGTAGTTTTGCTTGGTCATGAAAGAAGAGTTTGCTTGCAAATTCCCTTTCGAAATTCAATGGCGGAGAGTCTCATGATTCCGGCGTAGTAATAACTTATTCGCTTGGTCATTGTAATAATCCTGCCTCAAACCCCCAATTCTAGTGTTTGACCTCGGATCAGGTAGGGATACCCGCTGACTTAA,
ghe_m2x_7_E_ITS1F_G06.ab1,55.5%,ACATATATGGGACACTAATGTGGTCCCTTGATCAAAACCCTCTCTGCGTACCAATCTATGTTGCTTTCCTAGGTGGTTGGTTTCAGCTGCCGTCCAACATTGCCTGCTAGCTCAGTCAGCCCGAGTGGTTAACTCGGAGTTTGATCTTTTTTACTGATGGGTTAAGCTTTAATCGGTCAGCGAGCTTAATTTATGTCCATCAGGATCAGCTATGCAGGCCCCTGGGAAAGGGTCCATCCCAAATGAATATGCCAATCAGCTGTCTGAGTTGGCCTTGTGCCTTATTCTTTGAACAAGTTAAAACTTTCAACAACGGATCTCTTGGCTCTCGCATCGATGAAGAACGCAGCGAAATGCGATAAGTAATGTGAATTGCAGAATTCAGTGAATCATCGAATCTTTGAACGCACATTGCGCCCCTTGGTATTCCTTGGGGCATGCCTGTTCGAGCGTCACTATAAACCCGCTCATAAATGTTATGGTATTGATGGAAGTGAACTGTTGCAACTAAAGTGTGTGGATCACTCCATCGAAATACATAGGCAGGACAACAAACCTCTGTAGCTGACTTAGTAACTGTTTTCAAAGACACAAACCAGTCACTTGCTAGGTTCTAGCCTGGCCTCCTTAGACCTCCATTCAAGATAAAATACTGGGTTGACCTCGGATCAGGTAGGGATACCCGCCGAACTTA,
ghe_m2x_7_F_ITS1F_H06.ab1,75.4%,ATACATGGGATACCAATGTGTTCCCTGACCCATACCACCTCTGTGTACCGCTCCATGTTGCTTTCCCAGGTGCTCAATCCTTGTAGTAGCTCATCGCAAATGACATGTCGCTGCTGCCCGCGAGTGGCTACTGGGAAAGGTCTTATTTAACGCCTTCAATTGAATTTGCCGTCTGAGTTGGCCTGGTGCCATGAACTTTGAACAAGTTAAAAAACTTTCAACAACGGATCTCTTGGCTCTCGCATCGATGAAGAACGCAGCGAAATGCGATAAGTAATGTGAATTGCAGAATTCAGTGAATCATCGAATCTTTGAACGCACATTGCGCCCCTTGGTATTCCTTGGGGCATGCCTGTTCGAGCGTCACTACAAAACCCACTCATAAATGTTATGGTACTGATGGAAGTGAACTGTCGCCACTCATGCGCTCAGATCACTCTGTTGAAATGCATAGGCAGGATAATCAACCTCCGCAACGGACTTAGTAACAGGTTTTAAAGACATAAACCAGTCACTTGTTAGGTTCCAGCCTGGCCATCATGGACCTCCATCCAAGTTGAACTCTGGGTTGACCTCGGATCAGGTAGGGATACCCGCTGAACTTAA,
ghe_m2x_7_G_ITS1F_A07.ab1,87.1%,TTCCCTGACCCATACCACCTCTGTGTACCGCTCCATGTTGCTTTCCCAGGTGCTCAATCCTTGTAGTAGCTCATCGCAAATGACATGTCGCTGCTGCCCGCGAGTGGCTACTGGGAAAGGTCTTATTTAACGCCTTCAATTGAATTTGCCGTCTGAGTTGGCCTGGTGCCATGAACTTTGAACAAGTTAAAAAACTTTCAACAACGGATCTCTTGGCTCTCGCATCGATGAAGAACGCAGCGAAATGCGATAAGTAATGTGAATTGCAGAATTCAGTGAATCATCGAATCTTTGAACGCACATTGCGCCCCTTGGTATTCCTTGGGGCATGCCTGTTCGAGCGTCACTACAAAACCCACTCATAAATGTTATGGTACTGATGGAAGTGAACTGTCGCCACTCATGCGCTCAGATCACTCTGTTGAAATGCATAGGCAGGATAATCAACCTCCGCAACGGACTTAGTAACAGTTTTAAAGACATAAACCAGTCACTTGTTAGGTTCCAGCCTGGCCATCATGGACCTCCATCCAAGTTGAACTCTGGGTTGACCTCGGATCAGGTAGGGATACCCGCTGAACTTAAGC,
ghe_m2x_7_H_ITS1F_B07.ab1,96.1%,TACATTTCAAACCCCCTTGTCTAAACCACCTGTTGCTTCCGGCTGTTTGGGCTGTACAGTTAGCTGAATAGCCTGGCCGGAAGGTTAACATAAAATATTGTATTTAGAGTCTTCTGAATTTTTAAAATAAAAGTTAAAACTTTCAACAACGGATCTCTTGGTTCTCGCATCGATGAAGAACGCAGCGAAATGCGATAAGTAGTGTGAATTGCAGAATTCAGTGAATCATCGAATCTTTGAACGCACATTGCGCCTTCCGGTATTCCGGGAGGCATGCCTGTCCGAGCGTCATCAAAAACCACTCAAGTAGTTTTGCTTGGTCATGAAAGAAGAGTTTGCTTGCAAATTCCCTTTCGAAATTCAATGGCGGAGAGTCTCATGATTCCGGCGTAGTAATAACTTATTCGCTTGGTCATTGTAATAATCCTGCCTCAAACCCCCAATTCTAGTGTTTGACCTCGGATCAGGTAGGGATACCCGCTGAACT,
ghe_m2x_8_A_ITS1F_C07.ab1,95.6%,TTGAATATACATTTCAAACCCCCTTGTCTAAACCACCTGTTGCTTCCGGCTGTTTGGGCTGTACAGTTAGCTGAATAGCCTGGCCGGAAGGTTAACATAAAATATTGTATTTAGAGTCTTCTGAATTTTTAAAATAAAAGTTAAAACTTTCAACAACGGATCTCTTGGTTCTCGCATCGATGAAGAACGCAGCGAAATGCGATAAGTAGTGTGAATTGCAGAATTCAGTGAATCATCGAATCTTTGAACGCACATTGCGCCTTCCGGTATTCCGGGAGGCATGCCTGTCCGAGCGTCATCAAAAACCACTCAAGTAGTTTTGCTTGGTCATGAAAGAAGAGTTTGCTTGCAAATTCCCTTTCGAAATTCAATGGCGGAGAGTCTCATGATTCCGGCGTAGTAATAACTTATTCGCTTGGTCATTGTAATAATCCTGCCTCAAACCCCCAATTCTAGTGTTTGACCTCGGATCAGGTAGGGATACCCGCTGAACTTA,
ghe_m2x_8_B_ITS1F_D07.ab1,92.2%,TAATATATATTCATTTGAATATACATTTCAAACCCCCTTGTCTAAACCACCTGTTGCTTCCGGCTGTTTGGGCTGTACAGTTAGCTGAATAGCCTGGCCGGAAGGTTAACATAAAATATTGTATTTAGAGTCTTCTGAATTTTTAAAATAAAAGTTAAAACTTTCAACAACGGATCTCTTGGTTCTCGCATCGATGAAGAACGCAGCGAAATGCGATAAGTAGTGTGAATTGCAGAATTCAGTGAATCATCGAATCTTTGAACGCACATTGCGCCTTCCGGTATTCCGGGAGGCATGCCTGTCCGAGCGTCATCAAAAACCACTCAAGTAGTTTTGCTTGGTCATGAAAGAAGAGTTTGCTTGCAAATTCCCTTTCGAAATTCAATGGCGGAGAGTCTCATGATTCCGGCGTAGTAATAACTTATTCGCTTGGTCATTGTAATAATCCTGCCTCAAACCCCCAATTCTAGTGTTTGACCTCGGATCAGGTAGGGATACCCGCTGAACTTAAG,
ghe_m2x_8_C_ITS1F_E07.ab1,93.9%,ACATTTCAAACCCCCTTGTCTAAACCACCTGTTGCTTCCGGCTGTTTGGGCTGTACAGTTAGCTGAATAGCCTGGCCGGAAGGTTAACATAAAATATTGTATTTAGAGTCTTCTGAATTTTTAAAATAGAAGTTAAAACTTTCAACAACGGATCTCTTGGTTCTCGCATCGATGAAGAACGCAGCGAAATGCGATAAGTAGTGTGAATTGCAGAATTCAGTGAATCATCGAATCTTTGAACGCACATTGCGCCTTCCGGTATTCCGGGAGGCATGCCTGTCCGAGCGTCATCAAAAACCACTCAAGTAGTTTTGCTTGGTCATGAAAGAAGAGTTTGCTTGCAAATTCCCTTTCGAAATTCAATGGCGGAGAGTCTCATGATTCCGGCGTAGTAATAACTTATTCGCTTGGTCATTGTAATAATCCTGCCTCAAACCCCCAATTCTAGTGTTTGACCTCGGATCAGGTAGGGATACCCGCTGAACTTAA,
ghe_m2x_8_D_ITS1F_F07.ab1,76.4%,TAAATCGGAAAGCTGTCGCTGGCCTTCGGGCATGTGCACGCCGACCGTGTTTCATAAATTTCTCACCTGTGAACCTAATGTAGGATGCCTATTCCTTTGGGATAGGGGACCTATGTCTTCATATACATCTCCGTGTAGAAAGTCTTAGAATGTTTACTATCATAGAGTCGCGACTTCTAGGAGACGCGAATCTGTGAGATAAAAGTTATTACAACTTTCAGCAATGGATCTCTTGGCTCTCGCATCGATGAAGAACGCAGCGAAAAGCGATATGTAATGTGAATTGCAGATCTACAGTGAATCATCGAATCTTTGAACGCACCTTGCGCTCCTCGGTGTTCCGAGGAGCATGCCTGTTTGAGTGTCAGTAAATTCTCAACCCCTCTTGATTGAGGGAGTTTGGATAGTGGGGGTTTGCCGGAGACTTTTTGACTCGGGCTCTCCTGAAATGCATCGGCTTGCGGTCGACTTTCGACTATGCGCGACAAGGCTTTCGGCGTGATAATGATCGCCGTTCGCTGAAGCGCATGAATGAAGGTTTCGCGCCTCTAATACGTCGACTCTTATTATCTCTTAGGAGAGAAAAGGTCTTCTTTATTGACTTTTGACCTCAAATCAGGTAGGACTACCCGCTGAACTT,
ghe_m2x_8_H_ITS1F_H07.ab1,91.5%,ACATTTCAAACCCCCTTGTCTAAACCACCTGTTGCTTCCGGCTGTTTGGGCTGTACAGTTAGCTGAATAGCCTGGCCGGAAGGTTAACATAAAATATTGTATTTAGAGTCTTCTGAATTTTTAAAATAAAAGTTAAAACTTTCAACAACGGATCTCTTGGTTCTCGCATCGATGAAGAACGCAGCGAAATGCGATAAGTAGTGTGAATTGCAGAATTCAGTGAATCATCGAATCTTTGAACGCACATTGCGCCTTCCGGTATTCCGGGAGGCATGCCTGTCCGAGCGTCATCAAAAACCACTCAAGTAGTTTTGCTTGGTCATGAAAGAAGAGTTTGCTTGCAAATTCCCTTTCGAAATTCAATGGCGGAGAGTCTCATGATTCCGGCGTAGTAATAACTTATTCGCTTGGTCATTGTAATAATCCTGCCTCAAACCCCCAATTCTAGTGTTTGACCTCGGATCAGGTAGGGATACCCGCTGAACTTAAGCATA,
ghe_m2x_9_D_ITS1F_B08.ab1,15.0%,CTCTATAGCTTCGGGGGCCTGCCCCGGGGGCGCTCTACGGCCGCCGAAAGCCCATCAGAACTCTTTTACAGGCTCTCTGAGTAATCATTAAATGCTAAAAACCTTCAACAACGGATCTCTTGGTTCTGGCATCGATGAAGAACGCAGCGAAATGCGATACGTAATGTGAATTGCAGAATTCCGCGAATCATCGAATCTTTGAACGCACATTGCACCCGGTGGTATTCCGCCGGGTATGCCTGTCTGAGCGTCATTTCTACCCTCGAGCACTGCTCGGTGTTGGCGGATTGCCTAGCAACCGCTGAAAATCAACGGCGGTGACCCCTATGTCCCTGTATAGTACTATTCTTACAGTGTTTATAGCGGTCTACCAGTCTCCTGTGCGCCGTAACAAGCGCTACACTTTGAAACTCGACCTCAGATCAGGTAGGAATACCCGCTGAACTTAAGCA,
ghe_m2x_9_F_ITS1F_C08.ab1,49.1%,GTCCCTTGACCAAAACCCTCTCTGCGTACCAATCTATGTTGCTTTCCTAGGTGGTTGGTTTCAGCTGCCGTCCAACATTGCCTGATAGCTCAGTCAGCCCGAGTGGTTAACTCGGAGTTTGATCTTTTTTACTGATGGGTTAAGCTTTAATCGGTCAGCGAGCTTAATTTATGTCCATCAGGATCAGCTATGCAGGCCCCTGGGAAAGGGTCCATCCCAAATGAATATGCCAATCAGCTGTCTGAGTTGGCCTTGTGCCTTATTCTTTGAACAAGTTAAAACTTTCAACAACGGATCTCTTGGCTCTCGCATCGATGAAGAACGCAGCGAAATGCGATAAGTAATGTGAATTGCAGAATTCAGTGAATCATCGAATCTTTGAACGCACATTGCGCCCCTTGGTATTCCTTGGGGCATGCCTGTTCGAGCGTCACTATAAACCCGCTCATAAATGTTATGGTATTGATGGAAGTGAACTGTTGCAACTAAAGTGTGTGGATCACTCCATCGAAATACATAGGCAGGACAACAAACCTCTGTAGCTGACTTAGTAACTGTTTTCAAAGACACAAACCAGTCACTTGCTAGGTTCTAGCC,
ghe_m2x_9_G_ITS1F_D08.ab1,69.8%,AAAACCCTCTCTGCGTACCAATCTATGTTGCTTTCCTAGGTGGTTGGTTTCAGCTGCCGTCCAACATTGCCTGATAGCTCAGTCAGCCCGAGTGGTTAACTCGGAGTTTGATCTTTTTTACTGATGGGTTAAGCTTTAATCGGTCAGCGAGCTTAATTTATGTCCATCAGGATCAGCTATGCAGGCCCCTGGGAAAGGGTCCATCCCAAATGAATATGCCAATCAGCTGTCTGAGTTGGCCTTGTGCCTTATTCTTTGAACAAGTTAAAACTTTCAACAACGGATCTCTTGGCTCTCGCATCGATGAAGAACGCAGCGAAATGCGATAAGTAATGTGAATTGCAGAATTCAGTGAATCATCGAATCTTTGAACGCACATTGCGCCCCTTGGTATTCCTTGGGGCATGCCTGTTCGAGCGTCACTATAAACCCGCTCATAAATGTTATGGTATTGATGGAAGTGAACTGTTGCAACTAAAGTGTGTGGATCACTCCATCGAAATACATAGGCAGGACAACAAACCTCTGTAGCTGACTTAGTAACTGTTTTCAAAGACACAAACCAGTCACTTGCTAGGTTCTAGCCTGGCCTCCTTAGACCTCCATTCAAGATAAAATACTGGGTTGACCTCGGATCAGGTAGGGATACCCGCTGAACTT,
ghe_m2x_9_H_ITS1F_E08.ab1,83.1%,TCCAATTTGGCTCCTAAGCAAACACTTCTATGTGTACTCTCCCATGTTGCTTCCCCAGACCAGTGGCCACTGCTGCCAGTCCGGCCTCTTAACGGGTTTCTGGTCTGAGATGTCTGGGGAAGGTCCATTATTAAACTTTTAAACCAAATGCCAGTCTGAGAAGGCCATGTGCCGTAATCTTTAAAACATATTAAAACTTTCAACAACGGATCTCTTGGCTCTCGCATCGATGAAGAACGCAGCGAAATGCGATAAGTAATGTGAATTGCAGAATTCAGTGAATCATCGAATCTTTGAACGCACATTGCGCCCTTTGGTATTCCTTAGGGCATACCTGTTCGAGCGTCACTAAAAACCATCTCATATATAATGTGGTATTGGTAGAAGTGGGTAGTATTAATAGTACTTTGTCTTACTCTACTGAAATGCATAGGCCAGAAAAGTGGACCATGGTAACAGACTCTCAGAGTGTTTTAAAATGCTAAATTAGTCTTACCACAGTTGATATCTGAGCTACCGGATCCCCATTTAGTCCAAACCAGAGAGGTTGACCTCGGATCAGGTAGGGATACCCGCTGAACTTAA,
ghe_m2x_10_A_ITS1F_F08.ab1,87.4%,TATACATTTCAAACCCCCTTGTCTAAACCACCTGTTGCTTCCGGCTGTTTGGGCTGTACAGTTAGCTGAATAGCCTGGCCGGAAGGTTAACATAAAATATTGTATTTAGAGTCTTCTGAATTTTTAAAATAAAAGTTAAAACTTTCAACAACGGATCTCTTGGTTCTCGCATCGATGAAGAACGCAGCGAAATGCGATAAGTAGTGTGAATTGCAGAATTCAGTGAATCATCGAATCTTTGAACGCACATTGCGCCTTCCGGTATTCCGGGAGGCATGCCTGTCCGAGCGTCATCAAAAACCACTCAAGTAGTTTTGCTTGGTCATGAAAGAAGAGTTTGCTTGCAAATTCCCTTTCGAAATTCAATGGCGGAGAGTCTCATGATTCCGGCGTAGTAATAACTTATTCGCTTGGTCATTGTAATAATCCTGCCTCAAACCCCCAATTCTAGTGTTTGACCTCGGATCAGGTAGGGATACCCGCTGAACTTAAGC,
ghe_m3x_1_G_ITS1F_H02.ab1,55.5%,GTTAAGCTTTAATCGGTCAGCGAGCTTAATTTATGTCCATCAGGATCAGCTATGCAGGCCCCTGGGAAAGGGTCCATCCCAAATGAATATGCCAATCAGCTGTCTGAGTTGGCCTTGTGCCTTATTCTTTGAACAAGTTAAAACTTTCAACAACGGATCTCTTGGCTCTCGCATCGATGAAGAACGCAGCGAAATGCGATAAGTAATGTGAATTGCAGAATTCAGTGAATCATCGAATCTTTGAACGCACATTGCGCCCCTTGGTATTCCTTGGGGCATGCCTGTTCGAGCGTCACTATAAACCCGCTCATAAATGTTATGGTATTGATGGAAGTGAACTGTTGCAACTAAAGTGTGTGGATCACTCCATCGAAATACATAGGCAGGACAACAAACCTCTGTAGCTGACTTAGTAACTGTTTTCAAAGACACAAACCAGTCACTTGCTAGGTTCTAGCCTG,
ghe_m3x_1_H_ITS1F_A03.ab1,56.3%,TTTTTTACTGATGGGTTAAGCTTTAATCGGTCAGCGAGCTTAATTTATGTCCATCAGGATCAGCTATGCAGGCCCCTGGGAAAGGGTCCATCCCAAATGAATATGCCAATCAGCTGTCTGAGTTGGCCTTGTGCCTTATTCTTTGAACAAGTTAAAACTTTCAACAACGGATCTCTTGGCTCTCGCATCGATGAAGAACGCAGCGAAATGCGATAAGTAATGTGAATTGCAGAATTCAGTGAATCATCGAATCTTTGAACGCACATTGCGCCCCTTGGTATTCCTTGGGGCATGCCTGTTCGAGCGTCACTATAAACCCGCTCATAAATGTTATGGTATTGATGGAAGTGAACTGTTGCAACTAAAGTGTGTGGATCACTCCATCGAAATACATAGGCAGGACAACAAACCTCTGTAGCTGACTTAGTAACTGTTTTCAAAGACACAAACCAGTCACTTGCTAGGTTCTAGCCTGNCCTCCTTAGACCTCCATTCAAGATAAAATACTGGGTT,
ghe_m3x_2_D_ITS1F_D01.ab1,9.0%,CTCCCACCCGTGTTTATCGTACCTTGTTGCTTCGGCGGACCCGCCTCACGGCCGCCGNNGGCTTCTGCCCACTGGCCCGCGCCCGCCGAAGACACCATTGAACGCTGTCTGAAGATTGCAGTCTGAACAATTAGTTAAATAATTTAAAACTTTCAACAACGGATCTCTTGGTTCCGGCATCGATGAAGAACGCAGCGAAATGCGATACGTAATGTGAATTGCAGAATTCAGTGAATCATCGAGTCTTTGAACGCACATTGCGCCCCCTGGTATTCCGGGGGGGCATGCCTGTCCGAGCGTCATTGCTGCCCTCAAGCACGGCTTGTGTGTTGGGCCTCCGTCCTCCTCCCGGGGGACGGNCCCGAAAGGGAGCGGCGGCACCGCGTCCGGGCCTCGAGCGTATGGAGCTTCGT,
ghe_m3x_3_B_ITS1F_E01.ab1,72.0%,TGATAATGTTTATAACAAATGTTAAAACTTTCAACAACGGATCTCTTGGTTCTCGCATCGATGAAGAACGCAGCGAAATGCGATAAGTAGTGTGAATTGCAGAATTCAGTGAATCATCGAATCTTTGAACGCACATTGCGCCTCCTGGTATTCCGGGAGGCATGCCTGTTCGAGCGTCATTAAATACCACTCAAGCTCTTCTGCTTGGTCATGGAAGAAGAGTATGCTTGCATCCTCTCTTCTGAAATTGAATGGCGGACCGCCTCATGTGCCTCGCGTAGTAAGTTCATCTTTTCGCTTGGAGTGTGAGACAGTCTCGCCATCAACCCCCATACTTCTAAGGTTGACCTCGGATCAGGTAGGGATACCCGCTGAACTTAAG,
ghe_m3x_3_F_ITS1F_H01.ab1,14.4%,ACAACTTTCAGCAAATTNATCTCTTGGCTCTCGCATCGATGAAGAACGCAGCGAAAAGCGATATGTAATGTGAATTGCAGATCTACAGTGAATCATCGAATCTTTGAACGCACCTTGCGCTCCTCGGTGTTCCGAGGAGCATGCCTGTTTGAGTGTCAGTAAATTCTCAACCCCTCTTGATTGAGGGAGTTTGGATAGTGGGGGTTTGCCGGAGACTTTTTTGACTCGGGCTCTCCTGAAATGCATCGGCTTGCGGTCGACTTTCGACTATGCGCGACAAAGGCTTTCGGCGTGATAATGATCGCCGTTCGCT,
ghe_m3x_4_B_ITS1F_A02.ab1,31.1%,GCTTAATTTATGTCCATCAGGATCAGCTATGCAGGCCCCTGGGAAAGGGTCCATCCCAAATGAATATGCCAATCAGCTGTCTGAGTTGGCCTTGTGCCTTATTCTTTGAACAAGTTAAAACTTTCAACAACGGGTCTCTTGGCCTCTCGCATCGATGAAGAACGCAGCGAAATGCGATAAGTAATGTGAATTGCAGAATTCAGTGAATCATCGAATCTTTGAACGCACATTGCGCCCCTTGNTATTCCTTGGGGCATGCCTGTTCGAGCGTCACTATAAACCCGCTCATAAATGTTATGGTATTGATGGAAGTGAACTGTTGCAACTAAAGTGTGTGGGATCACTCCATCGAAATACATAGGCAGGACAACAAACCTCTGTAGCTGACTTAGTAACTGTTTTTCAAAGACACAAACCAGTCACTTGCTAGGTTCTAGCCTGNCCTCCCTTAGACCTCCATTCAAGATAAAAT,
ghe_m3x_4_C_ITS1F_B02.ab1,39.9%,ATGATTAAGCTTTAATCGTTCAGCGAGCTTAATTTATGTCCATCAGGATCAGCTATGCAGGCCCCTGGGAAAGGGTCCATCCCAAATGAATATGCCAATCAGCTGTCTGAGTTGGCCTTGTGCCTTATTCTTTGAACAAGTTAAAACTTTCAACAACGGATCTCTTGGCTCTCGCATCGATGAAAGAACGCAGCGAAAATGCGATAAGTAATGTGAATTGCAGAATTCAGTGAATCATCGAATCTTTGAACGCACATTGCGCCCCTTGGTATTCCTTGGGGCATGCCTGTTCGAGCGTCACTATAAACCCGCTCATAAATGTTATGGTATTGATGGAAGTGAACTGTTGCAACTAAAGTGTGTGGATCACTCCATCGAAATACATAGGCAGGACAACAAACCTCTGTAGCTGACTTAGTAACTGTTTTCAAAGACACAAACCAGTCACTTGCTAGGTTCTAGCCTGGCCTCCTTAGACCTCCATTCAAGATAAAATACT,
ghe_m3x_4_D_ITS1F_B03.ab1,9.5%,AGTCTTCTGAATTTTTAAAATAGAACTTAAAACTTTCAACAACGGATCTCTTGGTTCTCGCATCGATGAAGAACGCAGCGAAATGCGATAAGTAGTGTGAATTGCAGAATTCAGTGAATCATCGAGTCTTTGAACGCACATTGCGCCTTCCGAATTCCGNAANATGCCTGTCCGAGCGTCATCAAAAACCACTCAAGTAGTTTTGCTTGGTCATGAAGAAGAGTTGCTTGCAAATTCCCTTTCGAAATTCAATGGCGGAGAGTCTCATGATTCCGGCGTAGTAATAACTTATTCGCTTGGTCATTGTAATAATCCTGCCTCAAACCCCCAATTCTAGTGTTTGACC,
ghe_m3x_4_H_ITS1F_C02.ab1,54.6%,ATGCCATGAACTTTGAACAAAATAAAAAACTTTCAACAACGGATCTCTTGNCTCTCGCATCGATGAAAGAACGCAGCGAAATGCGATAAGTAATGTGAATTGCAGAATTCAGTGAATCATCGAATCTTTGAACGCACATTGCGCCCCTTGGTATTCCTTGGGGCATGCCTGTTCGAGCGTCACTACAAAACCCACTCATAAATGTTATGGTACTGATGGAAGTGAACTGTCGCCACTCATGCGCTCAGATCACTCTGTTGAAATGCATAGNCAGGATAATCAACCTCCGCAACGGACTTAGTAACAGTTTTAAAGACATAAACCAGTCACTTGTTAGGTTCCAGCCTGNCCATCATGGACCTCCATCCAAGTTGAACTCTGGGTTGACCTCGGATCAGGTAGGGATACCCGCTGAACTTAAGCAT,
ghe_m3x_8_C_ITS1F_A01.ab1,45.9%,AAACCTTTAAACAAATTAGTTGTCTGAGAGGCCCATTTGTCCTAATATTTAAAATATATTAAAACTTTCAACAACGGATCTCTTGNCTCTCGCATCGATGAAGAACGCAGCGAAATGCGATAAGTAATGTGAATTGCAGAATTCAGTGAATCATCGAATCTTTGAACGCACATTGCGCCCTTTGGTATTCCTTAGGGCATGCCTGTTCGAGCGTCACTAAAAACCACTTCACATATAATGTGGTATTGGTATAAGTGGGTGGTACCGATAGTACTTCATCCTACTCTACTGAAATCAATAGGTCAGAAAAGTGGACCATGGTAACAGACTCTCAGAGTGTTTTGAAAATACTAAACAAGTCTTTAACCAGGTTGNAATCTGAGTCACTGGACCCCCATTTAGTCCAAACAATAGAGGTTGACCTCGGATCAGGTAGGGATACCCGCTGAACTTAAGCA,
ghe_m3x_9_G_ITS1F_E02.ab1,33.9%,GAAGCGTAACATAAAATATTGTATTTAGAGTCTTCTGAATTTTTAAAATAAAAGTTAAAACTTTCAACAACGGATCTCTTGGTTCTCGCATCGATGAAGAACGCAGCGAAATGCGATAAGTAGTGTGAATTGCAGAATTCAGTGAATCATCGAATCTTTGAACGCACATTGCGCCTTCCGGTATTCCGGGAGGCATGCCTGTCCGAGCGTCATCAAAAACCACTCAAGTAGTTTTGCTTGGTCATGAAAGAAGAGTTTGCTTGCAAATTCCCTTTCGAAATTCAATGACGGAGAGTCTCATGATTCCGGCGTAGTAATAACTTATTCGCTTGNTCATTGTAATAATCCTGCCTCAAACCCCCAATTCTAGTGTTTGACCTCGGATC,
ghe_m3x_10_G_ITS1F_F02.ab1,74.1%,GCTGGCCTTCGGGCATGTGCACGCCGACCGTGTTTCATAAATTTCTCACCTGTGAACCTAATGTAGGATGCCTATTCCTTTGGGATAGGGGACCTATGTCTTCATATACATCTCCGTGTAGAAAGTCTTAGAATGTTTACTATCATAGAGTCGCGACTTCTAGGAGACGCGAATCTGTGAGATAAAAGTTATTACAACTTTCAGCAATGGATCTCTTGGCTCTCGCATCGATGAAGAACGCAGCGAAAAGCGATATGTAATGTGAATTGCAGATCTACAGTGAATCATCGAATCTTTGAACGCACCTTGCGCTCCTCGGTGTTCCGAGGAGCATGCCTGTTTGAGTGTCAGTAAATTCTCAACCCCTCTTGATTGAGGGAGTTTGGATAGTGGGGGTTTGCCGGAGACTTTTTGACTCGGGCTCTCCTGAAATGCATCGGCTTGCGGTCGACTTTCGACTATGCGCGACAAGGCTTTCGGCGTGATAATGATCGCCGTTCGCTGAAGTGCATGAATGAAGGTTACGCGCCTCT,
ghe_m3x_10_H_ITS1F_G02.ab1,30.3%,AACAACGGATCTCTTGGTTCTCGCATCGATGAAGAACGCAGCGAAATGCGATAAGTAGTGTGAATTGCAGAATTCAGTGAATCATCGAATCTTTGAACGCACATTGCGCCTTCCGGTATTCCGGGAGGCATGCCTGTCCGAGCGTCATCAAAAACCACTCAAGTAGTTTTGCTTGGTCATGAAAGAAGAGTTTGCTTGCAAATTCCCTTTCGAAATTCAATGNCGGAGAGTCTCATGATTCCGGCGTAGTAATAACTTATTCGCTTGNTCATTGTAATAATCCTGCCTCAAACCCCCAATTCTAGTGTTTGACCTCGGATCAGGTAGGGATACCCGCTGAACTTAAGCAT,
ghe_m4x_3_A_ITS1F_H09.ab1,60.2%,TATATATTCATTTGAATATACATTTCAAACCCCCTTGTCTAAACCACCTGTTGCTTCCGGCTGTTTGGGCTGTACAGTTAGCTGAATAGCCTGGCCGGAAGGTTAACATAAAATATTGTATTTAGAGTCTTCTGAATTTTTAAAATAGAAGTTAAAACTTTCAACAACGGATCTCTTGGTTCTCGCATCGATGAAGAACGCAGCGAAATGCGATAAGTAGTGTGAATTGCAGAATTCAGTGAATCATCGAATCTTTGAACGCACATTGCGCCTTCCGGTATTCCGGGAGGCATGCCTGTCCGAGCGTCATCAAAAACCACTCAAGTAGTTTTGCTTGGTCATGAAAGAAGAGTTTGCTTGCAAATTCCCTTTCGAAATTCAATGGCGGAGAGTCTCATGATTCCGGCGTAGTAATAACTTATTCGCTTGGTCATTGTAATAATCCTGCCTCAAACCCCCAATTCTAGTGTTTGACCTCGGATCAGGTAGGGATACCCGCTGAACT,
ghe_m4x_3_D_ITS1F_A10.ab1,77.1%,CGAGTGAGGGCCCTCTGGGTCCAACCTCCCACCCGTGTTTATCGTACCTTGTTGCTTCGGCGGGCCCGCCGCAAGGCCGCCGGGGGGCATCTGCCCTCTGGCCCGCGCCCGCCGAAGACACCATTGAACGCTGTCTGAAGATTGCAGTCTGAGCAATTAGTTAAATAACTTAAAACTTTCAACAACGGATCTCTTGGTTCCGGCATCGATGAAGAACGCAGCGAAATGCGATACGTAATGTGAATTGCAGAATTCAGTGAATCATCGAGTCTTTGAACGCACATTGCGCCCCCTGGTATTCCGGGGGGCATGCCTGTCCGAGCGTCATTGCTGCCCTCAAGCACGGCTTGTGTGTTGGGCTCCGTCCTCCTTCCGGGGGGACGGGCCCGAAAGGCAGCGGCGGCACCGCGTCCGGTCCTCGAGCGTATGGGGCTTCGTCACCCGCTCTGCAGGCCCGGCCGGCGCTTGCCGACACATCAATCTTTTTTCCAGGTTGACCTCGGATCAGGTAGGGATACCCGCTGAACTT,
ghe_m4x_3_E_ITS1F_B10.ab1,28.6%,CCAACCTCCCACCCGTGTTTATCGTACCTTGTTGCTTCGGCGGGCCCGCCGCAAGGCCGCCGGGGGCATCTGCCCTCTGNCCCGCGCCCGCCGAAGACACCATTGAACGCTGTCTGAAGATTGCAGTCTGAGCAATTAGTTAAATAACTTAAAACTTTCAACAACGGATCTCTTGGTTCCGGCATCGATGAAGAACGCAGCGAAATGCGATACGTAATGTGAATTGCAGAATTCAGTGAATCATCGAGTCTTTGAACGCACATTGCGCCCCCTGGTATTCCGGGGGGCATGCCTGTCCGAGCGTCATTGCTGCCCTCAAGCACGGCTTGTGTGTTGGGCTCCGTCCTCCTTCCGGGGGGACGGNCCCGAAAGGCAGCGGCGGCACCGCGTCCGGTCCTCGAGCGTATGGGGCTTCGTCACCCGCTCTGCAGGCCCGGCCGGCGCTTGCCGACACATCAATCTTTTTTCCAGTTGACCTCGGTCAGT,
ghe_m4x_3_F_ITS1F_C10.ab1,39.5%,CATTAAAAGTATATAGTTATACATTCTCTGTATCGACTGAATATACCCATTCTGAGTACCTTGCCTGTTGCTTCCATGGAGCATGNCAAATGTCACTCTGGCGATTTACATCCCGAGGNAGCCTCCGTGGAAGGTAATCAATTAACCCTTGAATCCAATGTCATCTGTCTGATAATGTTTATAACAAATGTTAAAACTTTCAACAACGGATCTCTTGGTTCTCGCATCGATGAAGAACGCAGCGAAATGCGATAAGTAGTGTGAATTGCAGAATTCAGTGAATCATCGAATCTTTGAACGCACATTGCGCCTCCTGGTATTCCGGGAGGCATGCCTGTTCGAGCGTCATTAAATACCACTCAAGCTCTTCTGCTTGGTCATGGAAGAAGAGTATGCTTGCATCCTCTCTTCTGAAATTGAATGGCGGACCGCCTCATGTGCCTCGCGTAGTAAGTTCATCTTTTCGCTTGGAGTGTGAGACAGTCTCGCCATCAACCCCCATACTTCTAAGGTTGACCTCGGATCAGGTAGGGATACCCGCTGAACTTA,
ghe_m4x_3_G_ITS1F_D10.ab1,69.9%,TTATACATTCTCTGTATCGACTGAATATACCCATTCTGAGTACCTTGCCTGTTGCTTCCATGGAGCATGACAAATGTCACTCTGGGGATTTACATCCCGAGGGAGCCTCCGTGGAAGGTAATCAATTAACCCTTGAATCCAATGTCATCTGTCTGATAATGTTTATAACAAATGTTAAAACTTTCAACAACGGATCTCTTGGTTCTCGCATCGATGAAGAACGCAGCGAAATGCGATAAGTAGTGTGAATTGCAGAATTCAGTGAATCATCGAATCTTTGAACGCACATTGCGCCTCCTGGTATTCCGGGAGGCATGCCTGTTCGAGCGTCATTAAATACCACTCAAGCTCTTCTGCTTGGTCATGGAAGAAGAGTATGCTTGCATCCTCTCTTCTGAAATTGAATGGCGGACCGCCTCATGTGCCTCGCGTAGTAAGTTCATCTTTTCGCTTGGAGTGTGAGACAGTCTCGCCATCAACCCCCATACTTCTAAGGTTGACCTCGGATCAGGTAGGGATACCCGCTGAACTAAA,
ghe_m4x_4_F_ITS1F_F10.ab1,34.0%,CCCTTGACTAAAACCCTCTCCGCGTACCAATCTATGTTGCTTTCCTAGGTGGTTGGTTTCAGCTGCCGTCCAACATTGCCTGCTAGCTCAGTCAATCCGAGTTGTTAACTTGGAGTTTGATCTTTTTTTACTGATGGGTTAAGCTTTAATGGGTCAGCGAGCTTAATTTATATCTATCAGGATCAGCTATGTAGGCCCCTGGGAAAGGGTCCATCGCAAGTGAATATTTCAATCAGCTGTCTGAGTCGGCCTAGTGCCTTATTCTTTAAACAAGTTAAAACTTTCAACAACGGATCTCTTGGCTCTCGCATCGATGAAGAACGCAGCGAAATGCGATAAGTAATGTGAATTGCAGAATTCAGTGAATCATCGAATCTTTGAACGCACATTGCGCCCCTTGGTATTCCCTTGGGGCATGCCTGNTCGGAGCGTCACTACAAACCCACTCATAAATTGTTATGGTTATTGATGGAAAGTGAACTG,
ghe_m4x_4_H_ITS1F_G10.ab1,58.7%,CTCTTGGTTCTCGCATCGATGAAGAACGCAGCGAAACGCGATAGTTAATGTGAATTGCAGAATTCAGTGAATCATCGAGTCTTTGAACGCACATTGCGCCCATTGGTATTCCTTTGGGCATGTCTGTTTGAGCGTCATTACAACACCTCAGCGCAAGCTGGTTTTGAGCCGTGAGGGTCCTCTTTCTGAGCCCTTCCGCTTTAAAGTTGTAAGCTCTGCTGACCTCCAGCTTGACCGGAAACATAGTAAACCATTGCTTGTTTATGGAACGGTTGGGGGTTTTCGGCCTGAACAAAAATCTTCAATTTCTAAGGTTTGACCTCAGATCAGACAAGGATACCCGCTGAACTTAAGCA,
ghe_m4x_5_C_ITS1F_A11.ab1,76.6%,GCTGGCCTTCGGGCATGTGCACGCCGACCGTGTTTCATAAATTTCTCACCTGTGAACCTAATGTAGGATGCCTATTCCTTTGGGATAGGGGACCTATGTCTTCATATACATCTCCGTGTAGAAAGTCTTAGAATGTTTACTATCATAGAGTCGCAACTTCTAGGAGACGCGAATCTGTGAGATAAAAGTTATTACAACTTTCAGCAATGGATCTCTTGGCTCTCGCATCGATGAAGAACGCAGCGAAAAGCGATATGTAATGTGAATTGCAGATCTACAGTGAATCATCGAATCTTTGAACGCACCTTGCGCTCCTCGGTGTTCCGAGGAGCATGCCTGTTTGAGTGTCAGTAAATTCTCAAC,
ghe_m4x_6_C_ITS1F_B11.ab1,37.6%,TACCGAGTTTACAACTCCCAAACCCCTGTGAACATACCTGTCGTTGCTTCGGCGGCCACGCCCCGGTGCCCCCGTGCCCGGAACCAGGCGCCCGCCGGAGGCCTAAACTCTGCATCTTTTACATGTATCATCTGAGTGGCACAATGCAAATAAATCAAAACTTTCAACAACGGATCTCTTGGTTCTGGCATCGATGAAGAACGCAGCGAAATGCGATAAGTAATGTGAATTGCAGAATTCAGTGAATCATCGAATCTTTGAACGCACATTGCGCCCGCCAGCATTCTGGCGGGCATGCCTGTTCGAGCGTCATTTCAACCCTCGCCGCCCAATTGCGGCCAGCGGTGTTGNNACCGGCAGCCGACGCCCCCCCTCGGGGGGGAAGAGGAGCCGCCCCCTAAATCCAT,
ghe_m4x_6_D_ITS1F_C11.ab1,47.8%,GAGTGAGGGCCCTCTGGGTCCAACCTCCCACCCGTGTTTATCGTACCTTGTTGCTTCGGCGGGCCCGCCTCACGGCCGCCGGGGGGCTTCTGCCCCCTGGCCCGCGCCCGCCGAAGACACCATTGAACGCTGTCTGAAGAATGCAGTCTGAGCAATTAGCTAAATAAGTTAAAACTTTCAACAACGGATCTCTTGGTTCCGGCATCGATGAAGAACGCAGCGAAATGCGATACGTAATGTGAATTGCAGAATTCAGTGAATCATCGAGTCTTTGAACGCACATTGCGCCCCCTGGTATTCCGGGGGGCATGCCTGTCCGAGCGTCATTGCTGCCCTCAAGCACGGCTTGTGTGTTGGGCCTCCGTCCTCCTCCCGGGGGACGGGCCCGAAAGGCAGCGGCGGCACCGCGTCCGGTCCTCGAGCGTATGGGGCTTCGTCACCCGCTCTTGTAGGCCCGGCCGGCGCTTGCCGACACATCAATCTTTTTTCCAGGTTGACCTCGGATCAGGTAGGGATACCCGCTGAACTTAA,
ghe_m4x_6_E_ITS1F_D11.ab1,54.3%,TACAGGTAGCTGAATAGCCTGGCCGGAAGGTTAACATAAAATATTGTATTTAGAGTCTTCTGAATTTTTAAAATAAAAGTTAAAACTTTCAACAACGGATCTCTTGGTTCTCGCATCGATGAAGAACGCAGCGAAATGCGATAAGTAGTGTGAATTGCAGAATTCAGTGAATCATCGAATCTTTGAACGCACATTGCGCCTTCCGGTATTCCGGGAGGCATGCCTGTCCGAGCGTCATCAAAAACCACTCAAGTAGTTTTGCTTGGTCATGAAAGAAGAGTTTGCTTGCAAATTCCCTTTCGAAATTCAATGGCGGAGAGTCTCATGATTCCGGCGTAGTAATAACTTATTCGCTTGGTCATTGTAATAATCCTGCCTCAAACCCCCAATTCTAGTGTTTGACCTCGGATCAGGTAGGGATACCCGCTGAACTTAAGCTT,
ghe_m4x_6_F_ITS1F_E11.ab1,67.0%,CATTTGAATATACATTTCAAACCCCCTTGTCTAAACCACCTGTTGCTTCCGGCTGTTTGGGCTGTACAGTTAGCTGAATAGCCTGGCCGGAAGGTTAACATAAAATATTGTATTTAGAGTCTTCTGAATTTTTAAAATAAAAGTTAAAACTTTCAACAACGGATCTCTTGGTTCTCGCATCGATGAAGAACGCAGCGAAATGCGATAAGTAGTGTGAATTGCAGAATTCAGTGAATCATCGAATCTTTGAACGCACATTGCGCCTTCCGGTATTCCGGGAGGCATGCCTGTCCGAGCGTCATCAAAAACCACTCAAGTAGTTTTGCTTGGTCATGAAAGAAGAGTTTGCTTGCAAATTCCCTTTCGAAATTCAATGGCGGAGAGTCTCATGATTCCGGCGTAGTAATAACTTATTCGCTTGGTCATTGTAATAATCCTGCCTCAAACCCCCAATTCTAGTGTTTGACCTCGGATCAGGTAGGGATACCCGCTGAACTTAAGCA,
ghe_m4x_6_H_ITS1F_F11.ab1,48.7%,GTAATATATATTCATTTGAATATACATTTCAAACCCCCTTGTCTAAACCACCTGTTGCTTCCGGCTGTTTGGGCTGTACAGTTAGCTGAATAGCCTGGCCGGAAGGTTAACATAAAATATTGTATTTAGAGTCTTCTGAATTTTTAAAATAAAAGTTAAAACTTTCAACAACGGATCTCTTGGTTCTCGCATCGATGAAGAACGCAGCGAAATGCGATAAGTAGTGTGAATTGCAGAATTCAGTGAATCATCGAATCTTTGAACGCACATTGCGCCTTCCGGTATTCCGGGAGGCATGCCTGTCCGAGCGTCATCAAAAACCACTCAAGTAGTTTTGCTTGGTCATGAAAGAAGAGTTTGCTTGCAAATTCCCTTTCGAAATTCAATGGCGGAGAGTCTCATGATTCCGGCGTAGTAATAACTTATTCGCTTGGTCATTGTAATAATCCTGCCTCAAACCCCCAATTCTAGTGTTTGACCTCGGATCAGGTAGGGATACCCGCTGAACTTAAGCATATCT,
ghe_m4x_7_B_ITS1F_G11.ab1,32.7%,TATATATTCATTTGAATATACATTTCAAACCCCCTTGTCTGAAACCACCTGTTGCTTCCGGCTGTTTGGGCTGTACAGTTAGCTGAATAGCCTGGCCGGAAGGTTAACATAAAATATTGTATTTAGAGTCTTCTGAATTTTTAAAATAAAAGTTAAAACTTTCAACAACGGATCTCTTGGTTCTCGCATCGATGAAGAACGCAGCGAAATGCGATAAGTAGTGTGAATTGCAGAATTCAGTGAATCATCGAATCTTTGAACGCACATTGCGCCTTCCGGTATTCCGGGAGGCATGCCTGTCCGAGCGTCATCAAAAACCACTCAAGTAGTTTTGCTTGGTCATGAAAGAAGAGTTTGCTTGCAAATTCCCTTTCGAAATTCAATGGCGGAGAGTCTCATGATTCCGGCGTAGTAATAACTTATTCGCTTGTCATTGTAATAATCCTGCCTCAAACCCCCAATTCTAGTGTTTGACCTCGGATCAGGTAGGGATACCCGCTG,
ghe_m4x_7_D_ITS1F_H11.ab1,10.7%,TCTTTTAGTGTATTTCTGAGTGGCATAAGCAAATAAATCAAAACTTTCAGCAACGGATCTCTTGGTTCTGGCATCGATGAAGAACGCAGCAAAATGCGANAAGTAATGTGAATTGCAGAATTCAGTGAATCATCGAATCTTTGAACGCACATTGCGCCCGCCAGTATTCTGGCGGGCATGCTTGTCTGAGCGTCATTTCAACCCTCAGGACCCGTTCGCGGGACCTGGNGTTGGGGATCAGCCTGCCCCTGGCGGCGGCTGGCCCTGAAATCCAGTGGCGGTCCCTCGCGAACTCCTCCGTGCAGTAATTAAACCTCTCGCGGCAGGATAGCGGTGAACCACGCCGTTAAACCCCCCACTTCTCAG,
ghe_m4x_7_F_ITS1F_B12.ab1,15.3%,GGGGGGCATCCGCCCCCGGGCCCGCGCCCGCCGAAGACACCTGTGAACACTGTCTGAAGTTGCAGTCTGAGAAACTAGCTAAATTAGTTAAAACTTTCAACAACGGATCTCTTGTTTCCGGCATCGATGAAGAACGCAGCGAAATGCGATAAATAATGTGAATTGCAGAATTCAGTGAATCATCGAGTCTTTGAACGCACATTGCGCCCTCTGGTATTCCGGAGGGCATGCCTGTCCGAGCGTCATTGCTGCCCTCAAGCACGGCTTGNGTGTTGGGCCCCCGTCCCCCCGCCAGGGGGGACGGNCCGAAAGGCAGCGGCGGCACCGCGTCCGGTCCTCGAGCGTATGGGGCTCTGTCACCCGCTCTTGTAGGCCCGGCCGGCGCCAGCGGA,
ghe_m4x_7_H_ITS1F_D12.ab1,5.2%,TGTAGGAAGCCTATTCCTTTGAGATAGAAAACCTATGTCTTCATATACATCTCCGGGAAGAAAGTCATAGAATGTTTACTATCATAGAGTCGCAACTTCTAGGAGACGCGAATCTGTGAGATAAAAGTTATTACAACTTTCAGCAATGGATCTCTTGNCTCTCGCATCGATGAAGAACGCAGCGAAAAGCGATATGTAATGTGAATTGCAGATCTACAGGGAATCATCGAATCTTTGAACGCACCTTGCGCTCCTCGGNGTTCCGAGGAGCATGCCTGTTTGAGTGTCAGTAAATTCTCAACCCCTCTTGATTGAGGGAGTTTGGATAGTGGNGNTTTGCCGGAGACTTTTTGACTCGGNCTCTCCTGAAATGCATCGGCTTGCGGACGACTTTCGACTATGCGCGACAAGGATTTCGGGCGTGATAATGATCGCCGATC,
ghe_m5x_1_C_ITSIF_A07.ab1,61.9%,ATACATTTCAAACCCCCTTGTCTAAACCACCTGTTGCTTCCGGCTGTTTGGGCTGTACAGTTAGCTGAATAGCCTGNCCGGAAGGTTAACATAAAATATTGTATTTAGAGTCTTCTGAATTTTTAAAATAAAAGTTAAAACTTTCAACAACGGATCTCTTGGTTCTCGCATCGATGAAGAACGCAGCGAAATGCGATAAGTAGTGTGAATTGCAGAATTCAGTGAATCATCGAATCTTTGAACGCACATTGCGCCTTCCGGTATTCCGGGAGGCATGCCTGTCCGAGCGTCATCAAAAACCACTCAAGTAGTTTTGCTTGGTCATGAAAGAAGAGTTTGCTTGCAAATTCCCTTTCGAAATTCAATGGCGGAGAGTCTCATGATTCCGGCGTAGTAATAACTTATTCGCTTGNTCATTGTAATAATCCTGCCTCAAACCCCCAATTCTAGTGTTTGACCTCGGATCAGTAGGG,
ghe_m5x_2_C_ITSIF_E01.ab1,28.4%,CTGTCGCTGAGCCTTCGGCATGTGCACGCCGACCGTGTTTCATAAATTTCTCACCTGTGAACCTAATGTAGGATGCCTATTCCTTTGGGATAGGGGACCTATGTCTTCATATACATCTCCGTGTAGAAAGTCTTAGAATGTTTACTATCATAGAGTCGCAACTTCTAGGAGACGCGAATCTGTGAGATAAAAGTTATTACAACTTTCAGCAATGGATCTCTTGGCTCTCGCATCGATGAAGAACGCAGCGAAAAGCGATATGTAATGTGAATTGCAGATCTACAGTGAATCATCGAATCTTTGAACGCACCTTGCGCTCCTCGGTGTTCCGAGGAGCATGCCTGTTTGAGTGTCAGTAAATTCTCAACCCCTCTTGATTGAGGGAGTTTGGATAGTGNGGGTTTGCCGGAGACTTTTTGACTCGGGCTCTCCTGAAATGCATCGGCTTGCGGTCGACTTTCGACTATGCGCGACAAGGCTTTCGGCGTGATAATGATCGCCGTTCGCTGAAGTGCATGAATGAAGGTTACNCGCCTCTAATACGTCGACTCTTATTATCTCTTAGGAGAGAAAAGGTCTTCTTTATTGACTTTTGACCTCAAATCAGGTAGGACTACCGCTGAACTTAAGCATA,
ghe_m5x_2_E_ITSIF_G01.ab1,56.0%,TTCATTTGAATATACATTTCAAACCCCCTTGTCTAAACCACCTGTTGCTTCCGGCTGTTTGGGCTGTACAGTTAGCTGAATAGCCTGGCCGGAAGGTTAACATAAAATATTGTATTTAGAGTCTTCTGAATTTTTAAAATAGAAGTTAAAACTTTCAACAACGGATCTCTTGGTTCTCGCATCGATGAAGAACGCAGCGAAATGCGATAAGTAGTGTGAATTGCAGAATTCAGTGAATCATCGAATCTTTGAACGCACATTGCGCCTTCCGGTATTCCGGGAGGCATGCCTGTCCGAGCGTCATCAAAAACCACTCAAGTAGTTTTGCTTGGTCATGAAAGAAGAGTTTGCTTGCAAATTCCCTTTCGAAATTCAATGGCGGAGAGTCTCATGATTCCGGCGTAGTAATAACTTATTCGCTTGNTCATTGTAATAATCCTGCCTCAAACCCCCAATTCTAGTGTTTGACCTCGGATCAGGTA,
ghe_m5x_2_F_ITSIF_H01.ab1,14.4%,AAGCTGTCGCTGGCCTTCGGGCATGTGCACGCCGACCGTGTTTCATAAATTTCTCACCTGTGAACCTAATGTAGGATGCCTATTCCTTCGGNATAGGGGACCTATGTCTTCATATACATCTCCGTGTAGAAAGTCTTAGAATGTTTACTCTCATAGAGTCACAACTTCTAGGAGACGCGAATCTGTGAGATAAAAGTTATTACAACTTTCAGCAATGGATCTCTTGGCTCTCGCATCGATGAAGAACGCAGCGAAAAGCGATATGTAATGTGAATTGCAGATCTACAGTGAATCATCGAATCTTTGAACGCACCTTGCGCTCCTCGGTGTTCCGAGGAGCATGCCTGTTTGAGTGNCAGTAAATTCTCAACCCCTCTTGATTGAGGGAGTTTGGATAGTGGGGTTTGCCGGAGACTTTTTGACTCGGGCTCTCCTGAATGCATCGGCTTGCGGTCGACTTTCGACTATGCGCGACAAGGCTTCGGC,
ghe_m5x_2_G_ITSIF_B07.ab1,75.2%,AATATACATTTCAAACCCCCTTGTCTAAACCACCTGTTGCTTCCGGCTGTTTGGGCTGTACAGTTAGCTGAATAGCCTGGCCGGAAGGTTAACATAAAATATTGTATTTAGAGTCTTCTGAATTTTTAAAATAGAAGTTAAAACTTTCAACAACGGATCTCTTGGTTCTCGCATCGATGAAGAACGCAGCGAAATGCGATAAGTAGTGTGAATTGCAGAATTCAGTGAATCATCGAATCTTTGAACGCACATTGCGCCTTCCGGTATTCCGGGAGGCATGCCTGTCCGAGCGTCATCAAAAACCACTCAAGTAGTTTTGCTTGGTCATGAAAGAAGAGTTTGCTTGCAAATTCCCTTTCGAAATTCAATGGCGGAGAGTCTCATGATTCCGGCGTAGTAATAACTTATTCGCTTGGTCATTGTAATAATCCTGCCTCAAACCCCCAATTCTAGTGTTTGACCTCGGATCAGGTAGGGATACCCGCTGAACTT,
ghe_m5x_2_H_ITSIF_A02.ab1,57.5%,CATTTCAAACCCCCTTGTCTAAACCACCTGTTGCTTCCGGCTGTTTGGGCTGTACAGTTAGCTGAATAGCCTGGCCGGAAGGTTAACATAAAATATTGTATTTAGAGTCTTCTGAATTTTTAAAATAGAAGTTAAAACTTTCAACAACGGATCTCTTGGTTCTCGCATCGATGAAGAACGCAGCGAAATGCGATAAGTAGTGTGAATTGCAGAATTCAGTGAATCATCGAATCTTTGAACGCACATTGCGCCTTCCGGTATTCCGGGAGGCATGCCTGTCCGAGCGTCATCAAAAACCACTCAAGTAGTTTTGCTTGGTCATGAAAGAAGAGTTTGCTTGCAAATTCCCTTTCGAAATTCAATGGCGGAGAGTCTCATGATTCCGGCGTAGTAATAACTTATTCGCTTGGCATTGTAATAATCCTGCCTCAAACCCCCAATTCTAGTGTTTGACCTCGG,
ghe_m5x_3_A_ITSIF_C07.ab1,3.0%,CTATACATTTCCAACCCCCTTGTCTAAACCACCTGTTGCTTCCGGCTGTTTGGNCTGTACAGTTAGCTGAATAGCCTGGCCGGAAGGTCAACATAAAATATTGNATTTAGAGTCTTCTGAATTTTTACAATAGAAGTTAAAACTTTCAACAACGGATCTCTTGGTTCTCGCATCGATGAAGAACGCAGCGAAATGCGATAAGTAGTGTGAATTGCAGAATTCAGTGAATCATCGAATCTTTGAACGCACATTGCGCCTTCCGGTATTCCGGNAGGCATGCCTGTCCGAGCGTCATCAAAAACCACTCAAGTACGTTTGCTTGCTCATGAAAGAAGAGTTTGCTTGCAAATTCCCTTTCGAAATTCAATGNCGGAGAGTCTCATGATTCCGGCGTAGTAATAACTTATTCGCTTGCTCATTGTAATAATCCTGCCTCAAACCCCCAATTCTAGTGTTTGACCTCGGATCAGGTATGAATACCCGCTGAACTTAAGCAT,
ghe_m5x_3_C_ITSIF_B02.ab1,42.4%,GTCGCTGGCCTTCGGGCATGTGCACGCCGACCGTGTTTCATAAATTTCTCACCTGTGAACCTAATGTAGGATGCCTATTCCTTTGGGATAGGGGACCTATGTCTTCATATACATCTCCGTGTAGAAAGTCTTAGAATGTTTACTATCATAGAGTCGCGACTTCTAGGAGACGCGAATCTGTGAGATAAAAGTTATTACAACTTTCAGCAATGGATCTCTTGGCTCTCGCATCGATGAAGAACGCAGCGAAAAGCGATATGTAATGTGAATTGCAGATCTACAGTGAATCATCGAATCTTTGAACGCACCTTGCGCTCCTCGGTGTTCCGAGGAGCATGCCTGTTTGAGTGTCAGTAAATTCTCAACCCCTCTTGTTGAGGGAGTTGGTAGTGNNTTTGCCGGAGATTTTTGACTCGGCTCTCCTGAAATGCTCGGTTGCGTCGATTTCGACTATGCGCGACAAGGTTTCGGCGTGTATGTCGCGTCGCTGAAGCGCTGATGAGGTTCGC,
ghe_m5x_3_E_ITSIF_D02.ab1,55.7%,GCGCTGAGCCTTCGGGCATGTGCACGCCGACCGTGTTTCATAAATTTCTCACCTGTGAACCTAATGTAGGATGCCTATTCCTTTGGGATAGGGGACCTATGTCTTCATATACATCTCCGTGTAGAAAGTCTTAGAATGTTTACTATCATAGAGTCGCGACTTCTAGGAGACGCGAATCTGTGAGATAAAAGTTATTACAACTTTCAGCAATGGATCTCTTGGCTCTCGCATCGATGAAGAACGCAGCGAAAAGCGATATGTAATGTGAATTGCAGATCTACAGTGAATCATCGAATCTTTGAACGCACCTTGCGCTCCTCGGTGTTCCGAGGAGCATGCCTGTTTGAGTGTCAGTAAATTCTCAACCCCTCTTGATTGAGGGAGTTTGGATAGTGGGGGTTTGCCGGAGACTTTTTGACTCGGGCTCTCCTGAAATGCATCGGCTTGCGGTCGACTTTCGACTATGCGCGACAAGGCTTTCGGCGTGATAATGATCGCCGTTCGCTGAAGCGCATGAATGAAGGTTTCGCGCCTCTAATACGTCGACTCTTATTATCTCTTAGGAGAGAAAAGGTCTTCTTTTATTGACTTTTGACCTCAAATCAGGTAGGACTACCCGCTGAACTTAAGCA,
ghe_m5x_3_G_ITSIF_F02.ab1,74.5%,CATTTCAAACCCCCTTGTCTAAACCACCTGTTGCTTCCGGCTGTTTGGGCTGTACAGTTAGCTGAATAGCCTGGCCGGAAGGTTAACATAAAATATTGTATTTAGAGTCTTCTGAATTTTTAAAATAAAAGTTAAAACTTTCAACAACGGATCTCTTGGTTCTCGCATCGATGAAGAACGCAGCGAAATGCGATAAGTAGTGTGAATTGCAGAATTCAGTGAATCATCGAATCTTTGAACGCACATTGCGCCTTCCGGTATTCCGGGAGGCATGCCTGTCCGAGCGTCATCAAAAACCACTCAAGTAGTTTTGCTTGGTCATGAAAGAAGAGTTTGCTTGCAAATTCCCTTTCGAAATTCAATGGCGGAGAGTCTCATGATTCCGGCGTAGTAATAACTTATTCGCTTGGTCATTGTAATAATCCTGCCTCAAACCCCCAATTCTAGTGTTTGACCTCGGATCAGGTAGGGATACCCGCTGAACTTA,
ghe_m5x_3_H_ITSIF_G02.ab1,63.5%,TTCAAACCCCCTTGTCTAAACCACCTGTTGCTTCCGGCTGTTTGGGCTGTACAGTTAGCTGAATAGCCTGGCCGGAAGGTTAACATAAAATATTGTATTTAGAGTCTTCTGAATTTTTAAAATAAAAGTTAAAACTTTCAACAACGGATCTCTTGGTTCTCGCATCGATGAAGAACGCAGCGAAATGCGATAAGTAGTGTGAATTGCAGAATTCAGTGAATCATCGAATCTTTGAACGCACATTGCGCCTTCCGGTATTCCGGGAGGCATGCCTGTCCGAGCGTCATCAAAAACCACTCAAGTAGTTTTGCTTGGTCATGAAAGAAGAGTTTGCTTGCAAATTCCCTTTCGAAATTCAATGGCGGAGAGTCTCATGATTCCGGCGTAGTAATAACTTATTCGCTTGGTCATTGTAATAATCCTGCCTCAAACCCCCAATTCTAGTGTTTGACCTCGGATCAGGTAGGGATACCCGCTGAACT,
ghe_m5x_4_B_ITSIF_H02.ab1,63.0%,TATACATTTCAAACCCCCTTGTCTAAACCACCTGTTGCTTCCGGCTGTTTGGGCTGTACAGTTAGCTGAATAGCCTGGCCGGAAGGTTAACATAAAATATTGTATTTAGAGTCTTCTGAATTTTTAAAATAAAAGTTAAAACTTTCAACAACGGATCTCTTGGTTCTCGCATCGATGAAGAACGCAGCGAAATGCGATAAGTAGTGTGAATTGCAGAATTCAGTGAATCATCGAATCTTTGAACGCACATTGCGCCTTCCGGTATTCCGGGAGGCATGCCTGTCCGAGCGTCATCAAAAACCACTCAAGTAGTTTTGCTTGGTCATGAAAGAAGAGTTTGCTTGCAAATTCCCTTTCGAAATTCAATGGCGGAGAGTCTCATGATTCCGGCGTAGTAATAACTTATTCGCTTGGTCATTGTAATAATCCTGCCTCAAACCCCCAATTCTAGTGTTTGACCTCGGATCAGGTAGGGATACCCGCTGAACT,
ghe_m5x_4_C_ITSIF_A03.ab1,28.9%,TATATATTCATTTGAATATACATTTCAAACCCCCTTGTCTAAACCACCTGTTGCTTCCGGCTGTTTGGGCTGTACAGTTAGCTGAATAGCCTGGCCGGAAGGTTAACATAAAATATTGTATTTAGAGTCTTCTGAATTTTTAAAATAGAAGTTAAAACTTTCAACAACGGATCTCTTGGTTCTCGCATCGATGAAGAACGCAGCGAAATGCGATAAGTAGTGTGATTGCAGATTCAGTGATCATCGATCTTTGAACGCACATTGCGCCTTCCGTATCCGGAGCTGCCTGCCGACGCTCAAAACCACTCAATAGTTTGTTGTCTGNAAAANTTGTTGAATTCCCTTCAATTCATGCGAAGCCTGTTCCGCGATATACTATCGTTGGCTTGATATCTGCTCACCCATCATGTGCCCGTAGAGGTACCGTGA,
ghe_m5x_4_D_ITSIF_B03.ab1,37.3%,ACGAATATAAATCGGAAAGCTGTCGCTGGCCTTCGGGCATGTGCACGCCGACCGTGTTTCATAAATTTCTCACCTGTGAACCTAATGTAGGATGCCTATTCCTTCGGGATAGGGGACCTATGTCTTCATATACATCTCCGTGTAGAAAGTCTTAGAATGTTTACTATCATAGAGTCGCAACTTCTAGGAGACGCGAATCTGTGAGATAAAAGTTATTACAACTTTCAGCAATGGATCTCTTGGCTCTCGCATCGATGAAGAACGCAGCGAAAAGCGATATGTAATGTGAATTGCAGATCTACAGTGAATCATCGAATCTTTGAACGCACCTTGCGCTCCTCGGTGTTCCGAGGAGCATGCCTGTTTGAGTGNCAGTAAATTCTCAACCC,
ghe_m5x_4_F_ITSIF_D03.ab1,5.2%,TTGCTTCAGCATGTTGGGGCTGAACAGTTANNGNAATAGCCTGCCCGGAAGCTTAACATAAAATATTGTATTTAGAGTCTTCTGAATTTTTAAAATAAAAGTTAAAACTTTCAACAACGGATCTCTTGGTTCTCGCATCGATGAAGAACGCAGCGAAATGCGATAAGTAGTGTGAATTGCAGAATTCAGTGAATCATCGAATCTTTGAACGCACATTGCGCCTTCCGTATTCCGGAGGCATGCCTGTCCGAGCGTCATCAAAAACCACTCAATAGTTTGCTTGGCATGAAAGAAGAGTTGCTTGCAAATTCCCTTTCGAAATTCATGCGGNAGCTCTGTTCCGCGAGAATAATTATTCGTTGTCATGAATATCCTGCCTCAACCCCATTCTAGGTTGCCTCG,
ghe_m5x_4_G_ITSIF_E03.ab1,40.3%,TTGCTTCCGCCTGTTTGGACTGTACAGTTAGCTGATAGCCTGGCCGGAAGGTTAACATAAAATATTGTATTTAGAGTCTTCTGAATTTTTAAAATAAAAGTTAAAACTTTCAACAACGGATCTCTTGGTTCTCGCATCGATGAAGAACGCAGCGAAATGCGATAAGTAGTGTGAATTGCAGAATTCAGTGAATCATCGAATCTTTGAACGCACATTGCGCCTTCCGGTATTCCGGGAGGCATGCCTGTCCGAGCGTCATCAAAAACCACTCAAGTAGTTTTGCTTGGTCATGAAAGAAGAGTTTGCTTGCAAATTCCCTTTCGAAATTCAATGNCGGAGAGTCTCATGATTCCGGCGTAGTAATAACTTATTCGCTTGGTCATTGTAATAATCCTGCCTCAAACCCCCAATTCTAGTGTTTGACCTCGGATCAGGTAGGGATACCCGCTGAACTTAA,
ghe_m5x_5_A_ITSIF_F03.ab1,34.1%,CTTGACCAAAACCCTCTCTGCGTACCAATCTATGTTGCTTTCCTAGGTGGTTGGTTTCAGCTGCCGTCCAACATTGCCTGATAGCTCAGTCAGCCCGAGTGGTTAACTCGGAGTTTGATCTTTTTTACTGATGGGTTAAGCTTTAATCGGTCAGCGAGCTTAATTTATGTCCATCAGGATCAGCTATGCAGGCCCCTGGGAAAGGGTCCATCCCAAATGAATATGCCAATCAGCTGTCTGAGTTGGCCTTGTGCCTTATTCTTTGAACAAGTTAAAACTTTCAACAACGGATCTCTTGGCTCTCGCATCGATGAAGAACGCAGCGAAATGCGATAAGTAATGTGAATTGCAGAATTCAGTGAATCATCGAATCTTTGAACGCACATTGCGCCCCTTGGTATTCCTTGGGGCATGCCTGTTCGAGCGTCACTATAAACCCGCTCATAAATGTTATGGTATTGATGGAAGTGAACTGNTGCAACTAAAGTGTGTGGATCACTCCATCGAAATACATAGGCAGGACAACAAACCTCTGTAGCTGACTTAGTAACTGTTTTCAAAGACACAAACCAGTCACTTGCTAGGTTCTAGCCTG,
ghe_m5x_5_G_ITSIF_C04.ab1,3.7%,CTCCCACCCGTGTTTATCGTACCTTGTTGCTTCGGCGGGCCCGCCTCACGGCCGCCGNGGGGNATCCGCGCCCGGGCCCGCGCCCGCCGAAAACACCTGTGAGCGCTGTCTGAAGTTGTTGCTGCTGAACTAACTAAATAAATTAAAAATTTCTACAAAGGATCTCTTGGTTCCGGCATCGATGGATAAAGCACGCAAAGGGGATAAATAATGTGTATTGCAGAATTCAGTGAATCAATCATTCTTTGTACGCACATTGCTTCCTCCGGCTTCCGTCGGGATGCCTGCCCGACCGANTTGCTGCCCTCCATCACGCTTGTGTGTTG,
ghe_m5x_5_H_ITSIF_D04.ab1,53.9%,TTCCCTGACCCATACCACCTCTGTGTACCGCTCCATGTTGCTTTCCCAGGTGCTCAATCCTTGTAGTAGCTCATCGCAAATGACATGTCGCTGCTGCCCGCGAGTGGCTACTGGGAAAGGTCTTATTTAACGCCTTCAATTGAATTTGCCGTCTGAGTTGGCCTGGTGCCATGAACTTTGAACAAGTTAAAAAACTTTCAACAACGGATCTCTTGGCTCTCGCATCGATGAAGAACGCAGCGAAATGCGATAAGTAATGTGAATTGCAGAATTCAGTGAATCATCGAATCTTTGAACGCACATTGCGCCCCTTGGTATTCCTTGGGGCATGCCTGTTCGAGCGTCACTACAAAACCCACTCATAAATGTTATGGTACTGATGGAAGTGAACTGTCGCCACTCATGCGCTCAGATCACTCTGTTGAAATGCATAGGCAGGATAATCAACCTCCGCAACGGACTTAGTAACAGTTTTAAAGACATAAACCAGTCACTTGTTAGGTTCCAGCC,
ghe_m5x_6_A_ITSIF_E04.ab1,45.7%,TAGCTGAATAGCCTGGCCGGAAGGTTAACATAAAATATTGTATTTAGAGTCTTCTGAATTTTTAAAATAGAAGTTAAAACTTTCAACAACGGATCTCTTGGTTCTCGCATCGATGAAGAACGCAGCGAAATGCGATAAGTAGTGTGAATTGCAGAATTCAGTGAATCATCGAATCTTTGAACGCACATTGCGCCTTCCGGTATTCCGGGAGGCATGCCTGTCCGAGCGTCATCAAAAACCACTCAAGTAGTTTTGCTTGGTCATGAAAGAAGAGTTTGCTTGCAAATTCCCTTTCGAAATTCAATGGCGGAGAGTCTCATGATTCCGGCGTAGTAATAACTTATTCGCTTGGTCATTGTAATAATCCTGCCTCAAACCCCCAATTCTAGTGTTTGACCTCGGATCAGGTAGGGATACCCGCTGAACTTAAG,
ghe_m5x_6_D_ITSIF_G04.ab1,44.5%,AAATCGGAAAGCTGTCGCTGGCCTTCGGGCATGTGCACGCCGACCGTGTTTCATAAATTTCTCACCTGTGAACCTAATGTAGGATGCCTATTCCTTTGGGATAGGGGACCTATGTCTTCATATACATCTCCGTGTAGAAAGTCTTAGAATGTTTACTATCATAGAGTCGCGACTTCTAGGAGACGCGAATCTGTGAGATAAAAGTTATTACAACTTTCAGCAATGGATCTCTTGGCTCTCGCATCGATGAAGAACGCAGCGAAAAGCGATATGTAATGTGAATTGCAGATCTACAGTGAATCATCGAATCTTTGAACGCACCTTGCGCTCCTCGGTGTTCCGAGGAGCATGCCTGTTTGAGTGTCAGTAAATTCTCAACCCCTCTTGATTGAGGGAGTTTGGATAGTGGGGGTTTGCCGGAGACTTTTTGACTCGGGCTCTCCTGAAATGCATCGGCTTGCGGTCGACTTTCGACTATGCGCGACAAGGCTTTCGGCGTGATAATGATCGCCGTTCGCTGAAGCGCATGAATGAAGGTTACGCGCCTCTAATACGTCGACTCTTATTATCTCTTAGGAGAGAAAAGGTCTTCCTTTATTGACTTTTGACCTCAAATCAGGTAGGACTACCCGCTGAACTTA,
ghe_m5x_6_E_ITSIF_H04.ab1,61.7%,CATTAAAGTAATATATATTCATTTGAATATACATTTCAAACCCCCTTGTCTAAACCACCTGTTGCTTCCGGCTGTTTGGGCTGTACAGTTAGCTGAATAGCCTGGCCGGAAGGTTAACATAAAATATTGTATTTAGAGTCTTCTGAATTTTTAAAATAAAAGTTAAAACTTTCAACAACGGATCTCTTGGTTCTCGCATCGATGAAGAACGCAGCGAAATGCGATAAGTAGTGTGAATTGCAGAATTCAGTGAATCATCGAATCTTTGAACGCACATTGCGCCTTCCGGTATTCCGGGAGGCATGCCTGTCCGAGCGTCATCAAAAACCACTCAAGTAGTTTTGCTTGGTCATGAAAGAAGAGTTTGCTTGCAAATTCCCTTTCGAAATTCAATGGCGGAGAGTCTCATGATTCCGGCGTAGTAATAACTTATTCGCTTGGTCATTGTAATAATCCTGCCTCAAACCCCCAATTCTAGTGTTTGACCTCGGATCAGGTAGGGATACCCGCTGAACTT,
ghe_m5x_6_F_ITSIF_A05.ab1,53.8%,TATTCATTTGAATATACATTTCAAACCCCCTTGTCTAAACCACCTGTTGCTTCCGGCTGTTTGGGCTGTACAGTTAGCTGAATAGCCTGGCCGGAAGGTTAACATAAAATATTGTATTTAGAGTCTTCTGAATTTTTAAAATAGAAGTTAAAACTTTCAACAACGGATCTCTTGGTTCTCGCATCGATGAAGAACGCAGCGAAATGCGATAAGTAGTGTGAATTGCAGAATTCAGTGAATCATCGAATCTTTGAACGCACATTGCGCCTTCCGGTATTCCGGGAGGCATGCCTGTCCGAGCGTCATCAAAAACCACTCAAGTAGTTTTGCTTGGTCATGAAAGAAGAGTTTGCTTGCAAATTCCCTTTCGAAATTCAATGGCGGAGAGTCTCATGATTCCGGCGTAGTAATAACTTATTCGCTTGGTCATTGTAATAATCCTGCCTCAACCCCCAATTCTAGTGNTGACCTCGGATCAGGTAGGGATACCGCTG,
ghe_m5x_6_G_ITSIF_B05.ab1,38.8%,CTTGTCTAAACCACCTGTTGCTTCCGGCTGTTTGGGCTGTACAGTTAGCTGNATAGCCTGGCCGGAAGGTTAACATAAAATATTGTATTTAGAGTCTTCTGAATTTTTAAAATAAAAGTTAAAACTTTCAACAACGGATCTCTTGGTTCTCGCATCGATGAAGAACGCAGCGAAATGCGATAAGTAGTGTGAATTGCAGAATTCAGTGAATCATCGAATCTTTGAACGCACATTGCGCCTTCCGGTATTCCGGGAGGCATGCCTGTCCGAGCGTCATCAAAAACCACTCAAGTAGTTTGCTTGGCATGAAAGAAGANTTGCTTGCAAATTCCCTTTCGAAATTCATGCGGAGAGCTCATGTTCCGCGTATAAAACTTATTCGTTGTCTTGAATATCCTGCCTCAACCCCCATTCTAGTGTTGACCTCGGTCAGTAG,
ghe_m5x_6_H_ITSIF_C05.ab1,37.1%,TTTCAAACCCCCTTGTCTAAACCACCTGTTGCTTCCGGCTGTTTGGGCTGNACAGTTAGCTGAATAGCCTGGCCGGAAGGTTAACATAAAATATTGTATTTAGAGTCTTCTGAATTTTTAAAATAAAAGTTAAAACTTTCAACAACGGATCTCTTGGTTCTCGCATCGATGAAGAACGCAGCGAAATGCGATAAGTAGTGTGAATTGCAGAATTCAGTGAATCATCGAATCTTTGAACGCACATTGCGCCTTCCGGTATTCCGGGAGGCATGCCTGTCCGAGCGTCATCAAAAACCACTCAAGTAGTTTTGCTTGGTCATGAAAGAAGAGTTTGCTTGCAAATTCCCTTTCGAAATTCAATGGCGGAGAGTCTCATGATTCCGGCGTAGTAATAACTTATTCGCTTGNTCATTGTAATAATCCTGCCTCAAACCCCCAATTCTAGTGTTTGACCTCGGATCAG,
ghe_m5x_7_A_ITSIF_E07.ab1,57.0%,TGACCCAAACCCTCTCTGTGTACCAATCCATGTTGCTTTCCCAGGCATTCTGCCAAGGTGTCTGATAGGCTCCGCTGCTGGGCGTAAGTCCCACCTGGGAAAGGTCACAATCAAAATCTATAATTGAATTGNCTGTCTGAGTTGGCCAAGTGCCAAGTTTATTGAAAAAGTTAAAACTTTCAACAACGGATCTCTTGGCTCTCGCATCGATGAAGAACGCAGCGAAATGCGATAAGTAATGTGAATTGCAGAATTCAGTGAATCATCGAATCTTTGAACGCACATTGCGCCCCTTGGTATTCCTTGGGGCATGCCTGTTCGAGCGTCACTGCAAACCTGCTCATATATGTTATGGTGTTGATGGAAGTGAACAGTGGCTCCTATTGTGCCCAGATCACCTCGTCGAAATGAATAGGCAGGACAATCAACCTCTGCAACTGACTTAGTAACTGTTGACAAGACGTAAACCAGTCGCTTGCTAGGTTCTGGCC,
ghe_m5x_7_B_ITSIF_D05.ab1,39.0%,AAGCTGTCGCTGGCCTTCGGGCATGTGCACGCTGACCGTGTTTCATAAATTTCTCACCTGTGAACCTAATGTAGGATGCCTATTCCTTTGGGATAGGGGACCTATGTCTTCATATACATCTCCGTGTAGAAAGTCTTAGAATGTTTACTATCATAGAGTCGCGACTTCTAGGAGACGCGAATCTGTGAGATAAAAGTTATTACAACTTTCAGCAATGGATCTCTTGGCTCTCGCATCGATGAAGAACGCAGCGAAAAGCGATATGTAATGTGAATTGCAGATCTACAGTGAATCATCGAATCTTTGAACGCACCTTGCGCTCCTCGGTGTTCCGAGGAGCATGCCTGTTTGAGTGTCAGTAAATTCTCAACCCCTCTTGATTGAGGGAGTTTGGATAGTGGGGGTTTGCCGGAGACTTTTTGACTCGGGCTCTCCTGAAATGCATCGGCTTGCGGTCGACTTTCGACTATGCGCGACAAGGCTTTCGGCGTGATAATGATCGCCGTTCGCTGAAGCTCATGAATGAAGGTTCGCGCCTCTAATACGTCGACTCTTATTATCTCTTAGGAGAGAAAGTCTTCTTATNGATTTTGACCTCAATCAGTAGGATACC,
ghe_m5x_7_C_ITSIF_E05.ab1,40.5%,TACGAATATAAATCGGAAAGCTGTCGCTGGCCTTCGGGCATGTGCACGCCGACCGTGTTTCATAAATTTCTCACCTGTGAACCTAATGTAGGATGCCTATTCCTTCGGGATAGGGGACCTATGTCTTCATATACATCTCCGTGTAGAAAGTCTTAGAATGTTTACTATCATAGAGTCGCGACTTCTAGGAGACGCGAATCTGTGAGATAAAAGTTATTACAACTTTCAGCAATGGATCTCTTGGCTCTCGCATCGATGAAGAACGCAGCGAAAAGCGATATGTAATGTGAATTGCAGATCTACAGTGAATCATCGAATCTTTGAACGCACCTTGCGCTCCTCGGTGTTCCGAGGAGCATGCCTGTTTGAGTGTCAGTAAATTCTCAACCCCTCTTGATTGAGGGAGTTTGGATAGTGNNGTTTGCCGGAGACTTTTTGACTCGGGCTCTCCTGAAATGCATCGGCTTGCGGTCGACTTTCGACTATGCGCGACAAGGCTTTCGGCGTGATATGATCGCCGTCGCTGAAGNGCATGAATGAGGTACGCGCCTCTATACGTCGACTCNTATTATCTCTTAGGAGAGAAAGTCTTC,
ghe_m5x_7_D_ITSIF_F05.ab1,52.7%,ATAAATCGGAAAGCTGTCGCTGGCCTTCGGGCATGTGCACGCCGACCGTGTTTCATAAATTTCTCACCTGTGAACCTAATGTAGGATGCCTATTCCTTTGGGATAGGGGACCTATGTCTTCATATACATCTCCGTGTAGAAAGTCTTAGAATGTTTACTATCATAGAGTCGCGACTTCTAGGAGACGCGAATCTGTGAGATAAAAGTTATTACAACTTTCAGCAATGGATCTCTTGGCTCTCGCATCGATGAAGAACGCAGCGAAAAGCGATATGTAATGTGAATTGCAGATCTACAGTGAATCATCGAATCTTTGAACGCACCTTGCGCTCCTCGGTGTTCCGAGGAGCATGCCTGTTTGAGTGTCAGTAAATTCTCAACCCCTCTTGATTGAGGGAGTTTGGATAGTGGGGGTTTGCCGGAGACTTTTTGACTCGGGCTCTCCTGAAATGCATCGGCTTGCGGTCGACTTTCGACTATGCGCGACAAGGCTTTCGGCGTGATAATGATCGCCGTTCGCTGAAGCGCATGAATGAAGGTTTCGCGCCTCTAATACGTCGACTCTTATTATCTCTTAGGAGAGAAAAGGTCTTCTTTATTGACTTTTGACCTCAAATCAGGTAGGACTACCCGCTGAACTTAAGC,
ghe_m5x_7_H_ITSIF_A06.ab1,10.4%,CGCGCGACCTCCATANCCCACCTCTGTGTACCTTTTCCTGTTGCTTCCGCGAGCNTCGAGGTTAACGCCTCGGACGCCGGCTGCGATGCCACTTCCGGCAGTCGCCTCCGTGGAGTGCTTGCGGGAGGTCTAAACGAAATCCAATTGTAATACATAGCGTCTGTCTGACTGTATATAATAATAAAAGTTAAAACTTTCAACAACGGATCTCTTGGTTCTCGCATCGATGAAGAACGCAGCGAAATGCGATAAGTAGTGTGAATTGCAGAATTCCGTGAATCATCGAATCTTTGAACGCACATTGCGCCTCCTGGTACTCCGNNGGCATGCCTGTCCGAGCGTCATTATAACCCTCTCAAGCGTCATTGCTTGGTCTTGGGCAGGTCCGTCCACCGCGGCGGACCGCTCCGAATTCCAATGGCAGACGATGGTGTCAAACGTCAGCGTAGTGAGCATTTTTATCAAAGCATCGCGAAGCGTCGTCACCCGTCCCGCCCAATGGANCCCTTCAATTCTAANTGTTGACCTCGGNTCAGGTANGGATACCCGCTGAACT,
ghe_m5x_8_D_ITSIF_B06.ab1,53.5%,ACCTGTTGCTTCCGGCTGTTTGGGCTGTACAGTTAGCTGAATAGCCTGGCCGGAAGGTTAACATAAAATATTGTATTTAGAGTCTTCTGAATTTTTAAAATAAAAGTTAAAACTTTCAACAACGGATCTCTTGGTTCTCGCATCGATGAAGAACGCAGCGAAATGCGATAAGTAGTGTGAATTGCAGAATTCAGTGAATCATCGAATCTTTGAACGCACATTGCGCCTTCCGGTATTCCGGGAGGCATGCCTGTCCGAGCGTCATCAAAAACCACTCAAGTAGTTTTGCTTGGTCATGAAAGAAGAGTTTGCTTGCAAATTCCCTTTCGAAATTCAATGGCGGAGAGTCTCATGATTCCGGCGTAGTAATAACTTATTCGCTTGGTCATTGTAATAATCCTGCCTCAAACCCCCAATTCTAGTGTTTGACCTCGGATCAGGTAGGGGATACCCGCTGAACTTAAGCATATC,
ghe_m5x_8_E_ITSIF_C06.ab1,14.3%,AAACCCCCTTGTCTAAACCACCTNTTGCTTCCGGCTGTTTGGGCTGTACAGTTAGCTGAATAGCCTGGCCGGAAGGTTAACATAAAATATTGTATTTAGAGTCTTCTGAATTTTTAAAATAAAAGTTAAAACTTTCAACAACGGATCTCTTGGTTCTCGCATCGATGAAGAACGCAGCGAAATGCGATAAGTAGTGTGAATTGCAGATTCAGTGATCATCGATCTTTGAACGCACTTGCGCCTTCCGGATTCCGGGAGCTGCCTGCCGACGCTCAAAACCACCAATAGTTTGTTGGCTGAAAAAGTTGTTGAATTCCCTTCGAATCATGCGAAGCCTGTTCCGCGAGATACTATCGTTGTCTTGATATCTGCCAACCCCATTTAGGTTGCCCGTCGGAGAACCGTGACTACTTTATNNGAAGNCCTNAACCCAAATTGTCTAACCGGACAAAATTCTTTCATTGCCCGTCCGGGGACCTGCAGTTTAAA,
ghe_m5x_8_H_ITSIF_E06.ab1,7.8%,CGCAGTGTACACTTGTAGAAGCCTTTGCAGCCACGCAAGTGTAGAACTAGGCGACTTTACATAATTCTAGGATCGCTATGCAAGTCGGTCCACGCGTGTGATGNNGCGACACTTTCGAATTGACGGGNTACCCTAAAGCCTGTCGCACCAACTCTGTGCGGNAAACCGCTGGAGGGCCCGTGCTAACTACACGGNGTGNTAACAGACGACATGNATACCTCCACGCCTTTGGTGTGGATACCATGGGCAATCCGCAGCGAAGCCTCTAAGTCCGGCCGCCGGATATGAGGAACGTTCACAGACTAAGTGNAAGTGCGTGGAGCGTTCGTCGCTTTGCTTAAGATATAGTCGGNCCCTTGGNAAACTAAGGGGTGAGTACACTGCTTGAAATTTAAACTTGAACGTGTCTCGGTCTCGGACAGCGCTTATGTTAAAATTTCGAGACTGTCGACTGCCTCGCGCGGTTCGACAGCTCTTAAAACGNTCCGTAGGTGAACCTGCGGAAGGATCATTACAGAAAGTAAACGCGGATCAAACCGCGAACTTCTAAACCTTTGACGATTGACTCATGTTGCTCGNCGGGTTCTCCCGCCAGAGNTAGATCAAAACTCCTGTTTTAACGGTGTTGTCTGAGCTACAAGCAACGAATCAAAACTTTCAACAACGGATCTCTTGNTCTGNATCGATGAAGAACGCAGCGAAATGCGATAAGTAGTGTGATTGCAGATTCAGTGATCATCGAATCTTTGAACGCACATTGCGCCCCTTGTATCCCGAGGGCATGCTGTTCGAGCGTCATTTCAC,
ghe_m5x_9_A_ITSIF_F06.ab1,55.4%,CTAGGTGGTTGGTTTCAGCTGCCGTCCAACATTGCCTGATAGCTCAGTCAGCCCGAGTGGTTAACTCGGAGTTTGATCTTTTTTACTGATGGGTTAAGCTTTAATCGGTCAGCGAGCTTAATTTATGTCCATCAGGATCAGCTATGCAGGCCCCTGGGAAAGGGTCCATCCCAAATGAATATGCCAATCAGCTGTCTGAGTTGGCCTTGTGCCTTATTCTTTGAACAAGTTAAAACTTTCAACAACGGATCTCTTGGCTCTCGCATCGATGAAGAACGCAGCGAAATGCGATAAGTAATGTGAATTGCAGAATTCAGTGAATCATCGAATCTTTGAACGCACATTGCGCCCCTTGGTATTCCTTGGGGCATGCCTGTTCGAGCGTCACTATAAACCCGCTCATAAATGTTATGGTATTGATGGAAGTGAACTGTTGCAACTAAAGTGTGTGGATCACTCCATCGAAATACATAGGCAGGACAACAAACCTCTGTAGCTGACTTAGTAACTGTTTTCAAAGACACAAACCAGTCACTTGCTAGGTTCTAGCCTGGCCTCCTTAGACCTCCATTCAAGATAAAATACTGGGTTGACCTCGGATCAGGTAGGGATACCCGCTGAACTTAAGCA,
ghe_m5x_9_B_ITSIF_G06.ab1,54.4%,GCAAACACTTCTATGTGTACTCTCCCATGTTGCTTCCCCAGACCAGTGGCCACTGCTGCCAGTCCGGCCTCTTAACGGGTTTCTGGTCTGAGATGTCTGGGGAAGGTCCATTATTAAACTTTTAAACCAAATGCCAGTCTGAGAAGGCCATGTGCCGTAATCTTTAAAACATATTAAAACTTTCAACAACGGATCTCTTGGCTCTCGCATCGATGAAGAACGCAGCGAAATGCGATAAGTAATGTGAATTGCAGAATTCAGTGAATCATCGAATCTTTGAACGCACATTGCGCCCTTTGGTATTCCTTAGGGCATACCTGTTCGAGCGTCACTAAAAACCATCTCATATATAATGTGGTATTGGTAGAAGTGNTAGTATTAATAGTACTTTGTCTTACTCTACTGANTGCATAGGCCAGAAAAGTGGACCATGGTAACAGACTCTCAGAGTGTTTTAAAATGCTAAATTAGTCTTACCACAGTTGATATCTGAGCTACCGGATCCCCATTTAGTCCAAACCAGAGAGTTGACCTCGGATCAGGTAGGGATACCCGCTGAAC,
ghe_m5x_9_C_ITSIF_G07.ab1,59.1%,GATTCAAACCCTCTCTGTGTACCAATCCATGTTGCTTTCCTAGGTGGTTGGTCCAAGCTGCCGTCCAACATTGCCTGCTAGCTAAGTCAATCTGAGTTGCTAATGTTGTAACTCAGAACCTGACACTGTCCCGATAGTGTGAGCTTTAATAAGTCAGCGAGCTTAATTGTTATCTATCAGGGTGGGCTATTCAGGTCCCTGGGAAAGGGCCCATTCAAAGTTCACGCTTCAATCAGCTGTCTGAGTTGGCCAAGTGCCATATTCTTTGAACAAGTTAAAACTTTCAACAACGGATCTCTTGGCTCTCGTATCGATGAAGAACGCAGCGAAATGCGATAAGTAATGTGAATTGCAGAATTCAGTGAATCATCGAATCTTTGAACGCACATTGCGCCCCTTGGTATTCCTTGGGGGCATGCCTGTCCGAGCGTCACTGCAAACCTGCTCATAAATACTATGGTACTGATGGAAGTGAACTCTGGCCTCTAATATGCTGGGATCACCCCGTTGAAATGCATAGGCAGGACAATCAACCTTTGCAACTGACTTAGTAACTGTTTTCAAAACAATAACCAGTCACTGCCTAGGTTCTAGCCTGGNCCTCCATGGNCCTCCATCCAAGATGAATTCTGGGTTGACCTCGGATCAGGT,
ghe_m5x_9_D_ITSIF_H06.ab1,21.0%,ATTGATAATCTGACATGGGTTGTAGCTGGCCCTCCGGGCATGTGCACACCCGTCACCTTTATCTTTCCACCTGTGCACACACTGTAGTCCTGGATACCCCTCGCCGGAAGGCGGACTTGCGGTTTGCCGTTTGCCCCTCAGGCTCGGCTCACTCTGAATTTCCAGGTCTATGATCTCACACACCCCCAAAGAATGTAACAGAATGTCATCACAGGGCCCTCGTGCCTATATAAATTTATACAACTTTCAGCAACGGATCTCTTGGCTCTCGCATCGATGAAGAACGCAGCGAAATGCGATAAGTAATGTGAATTGCAGAATTCAGTGAATCATCGAATCTTTGAACGCACCTTGCGCTCCTTGGTATTCCGAGGAGCATGCCTGTTTGAGTGTCATTAAATTCTCAGCCTCACCAATTTTATCATGAAGTTGTGTGTAGGCTTGGAGGTGGGGGGTTTTTGCAGGTCCACAACAGTGGTCTGCTCCTCTGAAATGTATTAGTGGGTTAGGCCCCTAATCTATTGGTGTGATAATTATCTACTCCATGGATTGGATTGGCTTTATCATAAGACCTGCTTCAAACCGTCCTTAATCTGGACAACTCTTGACATTTTTGACCTCAAATCAGGTAAGACTACCCGCTGAACTTAAG,
