Name,% HQ,Sequence
ghe_m2x_1_A_ITS1F_A03.ab1,72.9%,NNNNNNNNNCNNAGGTGANNTGCGGNGGTCATTAAAAGTAATATATATTCATTTGAATATACATTTCAAACCCCCTTGTCTAAACCACCTGTTGCTTCCGGCTGTTTGGGCTGTACAGTTAGCTGAATAGCCTGGCCGGAAGGTTAACATAAAATATTGTATTTAGAGTCTTCTGAATTTTTAAAATAAAAGTTAAAACTTTCAACAACGGATCTCTTGGTTCTCGCATCGATGAAGAACGCAGCGAAATGCGATAAGTAGTGTGAATTGCAGAATTCAGTGAATCATCGAATCTTTGAACGCACATTGCGCCTTCCGGTATTCCGGGAGGCATGCCTGTCCGAGCGTCATCAAAAACCACTCAAGTAGTTTTGCTTGGTCATGAAAGAAGAGTTTGCTTGCAAATTCCCTTTCGAAATTCAATGGCGGAGAGTCTCATGATTCCGGCGTAGTAATAACTTATTCGCTTGGTCATTGTAATAATCCTGCCTCAAACCCCCAATTCTAGTGTTTGACCTCGGATCAGGTAGGGATACCCGCTGAACTTAAGNNNN
ghe_m2x_1_D_ITS1F_B03.ab1,1.4%,NNNNNNNNNNNNNTACGTGACNGCGGAGGTCATTACANGGNGATGATATATCTCATCATGCCTATNCATTTGCATCCAGCTTGTCTAAACCACGTGTTGCTTCCGGCTGTTTGCCCGGCACAGTTAGATGAATACTTGGTTTTTTGGGTTAACATAAAATATTATATTTAGAGTCTTCTGTATTTTAACGATAAAAGTTGAAACTGTCATCAACGAATAACGCGGCTCTCGGATCGATGAAGAACGCAGCGCAATGCTCTAAGTATCATCGATTCTTTGATTGCACATTGCGCCCGCCAGTTGAACGCCGGTTGCGCCTGTTGGTATGCCGTTTCAACTGCCTGTCCGAGCGTTGTGTTGACGACTTGCGTACGCTTGCTTGCTCATAAAAGAAGAGTTGGCTTGCCAATTACCTTTCGAGATTCAATGTACTCTTCTCTCAGGAGTGCGGCGTAGTCCGAACGTATNNCCTTGCTATATGTAATAATCCTGCTCGNANCCCCCAATTATAGTGGCTGAACTCGNATATANNAGNNNAACNCCGGNAAAACTTAAGCATATCNNNGGGGGGGGGAGAAAAANTTTNGCGGNNTTGGACCTCCAAATAGGNAGGGGANNATCGCGATNATCTNTAAGCAATNATCGTATCCCTTGGGAAGAAANCACATTGCGCCCCCTTGGTATCCCGANGGGCCATTGCCTNGTTCGAANCGTNATTTNATAAACCACTCAANNCCTCGGNTTGNTNTNGGGGGCCTCNGCGGGTCCTCGCNGGCCCNATAAAAATCAAGTGGCGGTNGCCGTCCTGGCTCTAAGCGTAGTAATTTTTCTNCTNCCNCTATAGGGTCCAGGCGGACCACCCTGCCAGAACCCCCCCATTTCTTTTACGGTTGACCTCGGGNTCAGGTAGGGATACCCCGCTGAACTTAAGCATATCATN
ghe_m2x_1_E_ITS1F_C03.ab1,3.9%,NNNNNNNNNNNNNNNAGTGACNTGCGGNGNTCATTANNAGTAATATATATTCATTGTGAATATACATTTCAAACCCCCTTGTCTAAACCACCTGTTGCTTCCGGCTGTTTGGGCTGTACAGTTAGCTGAATAGCCTGGCCGGAAGGTTAACATAAAATATTGTATTTAGAGTCTTCTGAATTTTTAAAATAAAAGTTAAAACTTTCAACAACGGATCTCTTGGTTCTCGCATCGATGAAGAACGCAGCGAAATGCGATAAGTAGTGTGAATTGCAGAATTCAGTGAATCATCGAATCTTTGAACGCACATTGCGCCTTCCGGTATTCCGGGAGGCATGCCTGTCCGAGCGTCATCAAAAACCACTCAAGTAGTTTTGCTTGGTCATGAAAGAAGAGTTTGCTTGCAAATTCCCTTTCGAAATTCAATGGCGGAGAGTCTCATGATTCCGGCGTAGTAATAACTTATTCGCTTGGTCATTGTAATAATCCTGCCTCAAACCCCCAATTCTAGTGTTTGACCTCGGATCAGGTAGGGATACCCGCTGAACTTAAGCATATNANN
ghe_m2x_1_F_ITS1F_D03.ab1,0.9%,NNNNNNNTCACNTAGTGAANGCGGNGGTCATTACTANNTTATATATTTATTTGGTATACATTTAACCCCCCCCTACCTAACCTACCGGTGGCTTCCGCCTGTTTGGGCTGTACAGTTAGCTGACTAGCCTGGCCGGAAGCTCACCATAAAATATTGGCTTTACAGTCTTCTGAATTTTTAACATAAAAGTTAAAACTTTCAACAACGGATCTCTTGGTTCTCGCATCGATGAATAACGCAGCGGAATGCGATAAGTATTGTGTATTGCAGAATTCCGGGAATCATCGAATCTTTGTGCGCACATTGCGCCTCCCGGTATTCCGGGTGGTATGCCTGTCCGAGCGCCCTTTAAAACCACTCAAGGACATTTGCGTGCGCATGTAATAAGAACTTGCTTGCAAATTCCCTTTCGTAATTCAATGNCGGTGAGTCTCATGATTCCGGCGTAGTCAATAACTTATTCGCTTGCCCCATTGTAATANTCCTGCCTCAGACCCCCAATTCTAGTGTTTGACCTCGACNCTGTTAATGGATAGCCGCTGAACTTANACATATCATANACCCNNGNNNGAANNNCGGAATCAGTTAGNNATACCCCGCTGAAACTTAAGCATATCATANNNNCGGGNNNGAAAANNANNNNNNNNANNN
ghe_m2x_1_H_ITS1F_E03.ab1,13.8%,NNNNNNNNNNNNNNNNNNNNNNNNNNGCGGNGGTCNTTAAAANTAATATATATTCATTTGAATATACATTTCAAACCCCCTTGTCTAAACCACCTGTTGCTTCCGGCTGTTTGGGCTGTACAGTTAGCTGAATAGCCTGGCCGGAAGGTTAACATAAAATATTGTATTTAGAGTCTTCTGAATTTTTAAAATAAAAGTTAAAACTTTCAACAACGGATCTCTTGGTTCTCGCATCGATGAAGAACGCAGCGAAATGCGATAAGTAGTGTGAATTGCAGAATTCAGTGAATCATCGAATCTTTGAACGCACATTGCGCCTTCCGGTATTCCGGGAGGCATGCCTGTCCGAGCGTCATCAAAAACCACTCAAGTAGTTTTGCTTGGTCATGAAAGAAGAGTTTGCTTGCAAATTCCCTTTCGAAATTCAATGGCGGAGAGTCTCATGATTCCGGCGTAGTAATAACTTATTCGCTTGGTCATTGTAATAATCCTGCCTCAAACCCCCAATTCTAGTGTTTGACCTCGGATCAGGTAGGGATACCCGCTGAACTTAAGCATATCATAANNGGGGGGGAANTTAAGCATATAAATAACCCCGAAGGAANCTCGANNCANTGNCNGGGGAGGAAGATCTCGATGAAGGTAAGCATATCCGTATGTNGTTGGAGCATANNATANNNGGNTGGTAGGTNTNGTTTTNNNNCNNCCN
ghe_m2x_2_B_ITS1F_F03.ab1,12.9%,NNNNNNNNNNNNNAGNNGNNCTGCGGNGGTCATTACAAGTGAGGCTACCGAACGTTGTAAACAGCGGTTAGGAGCTTACACCCACCCGTGTTTACATACTATTGTTGCTTTGGCGGNCCGTGGCCTCCACTGCGGCCTCTGCTCGTGTGTGCCCGCCAGAGAACCAAACTCTGAATGTTAGTGATGTCTGAGTACTATCTAATAGTTAAAACTTTCAACAACGGATCTCTTGGTTCTGGCATCGATGAAGAACGCAGCGAAATGCGATAAGTAATGTGAATTGCAGAATTCAGTGAATCATCGAATCTTTGAACGCACATTGCGCCCTGTGGTATTCCGCAGGGCATGCCTGTTCGAGCGTCATTTAACCACTCACGCCTAGCGTGTTATTGNGGCACGCGGTCTCCGCGGCCCTCAAAATTAGTGGCGGCGCCGGTGGGCTCTAAGCGTAGTACATACTCCCGCTATAGAGTTCCCCCCGGTGGCTCGCCAGAACCCCCAATTTTTACAGGTTGACCTCGGATCAGGTAGGGATACCCGCTGAACTTAAGCTACNNGGGNNAAAAAANGCGGNNNNNTTTCCGGAGTACGTCCGGGGTGATTCTGGGTTGACTTTGGNGCAGGTAGGGATACTGGTGAATTAAGGTATTTGGCTTTTGGCTACAGAAAAATTGTACTCTA
ghe_m2x_2_C_ITS1F_G03.ab1,76.6%,NNNNNNNNNNCNNAGTGANNTGCGGNGGTCATTATACATACATGGGATACCAATGTGTTCCCTGACCCATACCACCTCTGTGTACCGCTCCATGTTGCTTTCCCAGGTGCTCAATCCTTGTAGTAGCTCATCGCAAATGACATGTCGCTGCTGCCCGCGATTGGCTACTGGGAAAGGTCTTATTTAACGCCTTCAATTGAATTTGCCGTCTGAGTTGGCCTGGTGCCATGAACTTTGAACAAGTTAAAAAACTTTCAACAACGGATCTCTTGGCTCTCGCATCGATGAAGAACGCAGCGAAATGCGATAAGTAATGTGAATTGCAGAATTCAGTGAATCATCGAATCTTTGAACGCACATTGCGCCCCTTGGTATTCCTTGGGGCATGCCTGTTCGAGCGTCACTACAAAACCCACTCATAAATGTTATGGTACTGATGGAAGTGAACTGTCGCCACTCATGCGCTCAGATCACTCTGTTGAAATGCATAGGCAGGATAATCAACCTCCGCAACGGACTTAGTAACAGTTTTAAAGACATAAACCAGTCACTTGTTAGGTTCCAGCCTGGCCATCATGGACCTCCATCCAAGTTGAACTCTGGGTTGACCTCGGATCAGGTAGGGATACCCGCTGAACTTAAGNTTNAAANAGGGGGGGNNAAAANAAAA
ghe_m2x_2_D_ITS1F_H03.ab1,62.9%,NNNNNNNNNNNNNNNNNAGGTGANNNCGGNGGATCATTAACGAATATAAATCGGAAAGCTGTCGCTGGCCTTCGGGCATGTGCACGCCGACCGTGTTTCATAAATTTCTCACCTGTGAACCTAATGTAGGATGCCTATTCCTTTGGGATAGGGGACCTATGTCTTCATATACATCTCCGTGTAGAAAGTCTTAGAATGTTTACTATCATAGAGTCGCGACTTCTAGGAGACGCGAATCTGTGAGATAAAAGTTATTACAACTTTCAGCAATGGATCTCTTGGCTCTCGCATCGATGAAGAACGCAGCGAAAAGCGATATGTAATGTGAATTGCAGATCTACAGTGAATCATCGAATCTTTGAACGCACCTTGCGCTCCTCGGTGTTCCGAGGAGCATGCCTGTTTGAGTGTCAGTAAATTCTCAACCCCTCTTGATTGAGGGAGTTTGGATAGTGGGGGTTTGCCGGAGACTTTTTGACTCGGGCTCTCCTGAAATGCATCGGCTTGCGGTCGACTTTCGACTATGCGCGACAAGGCTTTCGGCGTGATAATGATCGCCGTTCGCTGAAGTGCATGAATGAAGGTTACGCGCCTCTAATACGTCGACTCTTATTATCTCTTAGGAGAGAAAAGGTCTTCCTTATTGACTTTTGACCTCAAATCAGGTAGGACTACCCGCTGAACTTAAGNNNANATNNGNNNNNNNNNGNNNNNNNNAGGGGGGGGGGGANNGNTTNNNANNNANANNNNNNNN
ghe_m2x_2_E_ITS1F_A04.ab1,61.9%,NNNNNNNNNNNNNNNNNNNNGTGANNNGCGGNGGATCATTAACGAATATAAATCGGAAAGCTGTCGCTGGCCTTCGGGCATGTGCACGCCGACCGTGTTTCATAAATTTCTCACCTGTGAACCTAATGTAGGATGCCTATTCCTTTGGGATAGGGGACCTATGTCTTCATATACATCTCCGTGTAGAAAGTCTTAGAATGTTTACTATCATAGAGTCGCGACTTCTAGGAGACGCGAATCTGTGAGATAAAAGTTATTACAACTTTCAGCAATGGATCTCTTGGCTCTCGCATCGATGAAGAACGCAGCGAAAAGCGATATGTAATGTGAATTGCAGATCTACAGTGAATCATCGAATCTTTGAACGCACCTTGCGCTCCTCGGTGTTCCGAGGAGCATGCCTGTTTGAGTGTCAGTAAATTCTCAACCCCTCTTGATTGAGGGAGTTTGGATAGTGGGGGTTTGCCGGAGACTTTTTGACTCGGGCTCTCCTGAAATGCATCGGCTTGCGGTCGACTTTCGACTATGCGCGACAAGGCTTTCGGCGTGATAATGATCGCCGTTCGCTGAAGCGCATGAATGAAGGTTNCGCGCCTCTAATACGTCGACTCTTATTATCTCTTAGGAGAGAAAAGGTCTTCTTTATTGACTTTTGACCTCAAATCAGGTAGGACTACCCGCTGAACTTAAGNNNNNNNNNNNNNNNNNNNNNNNNNNNTTTNNTTNNNNNGGNNNNTNTNNNNNGGGNNCNNNN
ghe_m2x_2_G_ITS1F_B04.ab1,56.4%,NNNNNNNNNNNNNNNGANGACCTGCGNNGGTCATTAAAANTAATATATATTCATTTGAATATACATTTCAAACCCCCTTGTCTAAACCACCTGTTGCTTCCGGCTGTTTGGGCTGTACAGTTAGCTGAATAGCCTGGCCGGAAGGTTAACATAAAATATTGTATTTAGAGTCTTCTGAATTTTTAAAATAGAAGTTAAAACTTTCAACAACGGATCTCTTGGTTCTCGCATCGATGAAGAACGCAGCGAAATGCGATAAGTAGTGTGAATTGCAGAATTCAGTGAATCATCGAATCTTTGAACGCACATTGCGCCTTCCGGTATTCCGGGAGGCATGCCTGTCCGAGCGTCATCAAAAACCACTCAAGTAGTTTTGCTTGGTCATGAAAGAAGAGTTTGCTTGCAAATTCCCTTTCGAAATTCAATGGCGGAGAGTCTCATGATTCCGGCGTAGTAATAACTTATTCGCTTGGTCATTGTAATAATCCTGCCTCAAACCCCCAATTCTAGTGTTTGACCTCGGATCAGGTAGGGATACCCGCTGAACTTAAGCATATCTAANNNGGGGGGGAAAAANNGGGGGGGGGGAGGAAACCTTTACCCGCTGAAACTTCAGGCTTATCAATAAAGGGGGAGGGAAANNCCTGCCTTTATTAGCTACTTGGCCCCCCGATTCAAGAAAGGACGAACCCGCAGGACTAAGCATNAGGCATCGACAATTGG
ghe_m2x_3_A_ITS1F_C04.ab1,75.2%,NNNNNNNNNNNNNNNNNNNGANGNNATGCGNNNGTCATTAACGAATATAAATCGGAAAGCTGTCGCTGGCCTTCGGGCATGTGCACGCCGACCGTGTTTCATAAATTTCTCACCTGTGAACCTAATGTAGGATGCCTATTCCTTTGGGATAGGGGACCTATGTCTTCATATACATCTCCGTGTAGAAAGTCTTAGAATGTTTACTATCATAGAGTCGCGACTTCTAGGAGACGCGAATCTGTGAGATAAAAGTTATTACAACTTTCAGCAATGGATCTCTTGGCTCTCGCATCGATGAAGAACGCAGCGAAAAGCGATATGTAATGTGAATTGCAGATCTACAGTGAATCATCGAATCTTTGAACGCACCTTGCGCTCCTCGGTGTTCCGAGGAGCATGCCTGTTTGAGTGTCAGTAAATTCTCAACCCCTCTTGATTGAGGGAGTTTGGATAGTGGGGGTTTGCCGGAGACTTTTTGACTCGGGCTCTCCTGAAATGCATCGGCTTGCGGTCGACTTTCGACTATGCGCGACAAGGCTTTCGGCGTGATAATGATCGCCGTTCGCTGAAGCGCATGAATGAAGGTTTCGCGCCTCTAATACGTCGACTCTTATTATCTCTTAGGAGAGAAAAGGTCTTCTTTATTGACTTTTGACCTCAAATCAGGTAGGACTACCCGCTGAACTTAAGCANANNNN
ghe_m2x_3_E_ITS1F_D04.ab1,77.4%,NNNNNNNNNNTNNNNNNNNGNNGNNNGCGGNGGATCATTAAAAGTAATATATATTCATTTGAATATACATTTCAAACCCCCTTGTCTAAACCACCTGTTGCTTCCGGCTGTTTGGGCTGTACAGTTAGCTGAATAGCCTGGCCGGAAGGTTAACATAAAATATTGTATTTAGAGTCTTCTGAATTTTTAAAATAGAAGTTAAAACTTTCAACAACGGATCTCTTGGTTCTCGCATCGATGAAGAACGCAGCGAAATGCGATAAGTAGTGTGAATTGCAGAATTCAGTGAATCATCGAATCTTTGAACGCACATTGCGCCTTCCGGTATTCCGGGAGGCATGCCTGTCCGAGCGTCATCAAAAACCACTCAAGTAGTTTTGCTTGGTCATGAAAGAAGAGTTTGCTTGCAAATTCCCTTTCGAAATTCAATGGCGGAGAGTCTCATGATTCCGGCGTAGTAATAACTTATTCGCTTGGTCATTGTAATAATCCTGCCTCAAACCCCCAATTCTAGTGTTTGACCTCGGATCAGGTAGGGATACCCGCTGAACTTAAGCATNNNNNNN
ghe_m2x_3_F_ITS1F_E04.ab1,2.2%,NNNNNNNNNNNTNNNNTAGNNGANNNGCGGNNNGTCATTACCGAGNNGCATGCCCTTGGGGGTAGACCTCCCACCCGATGTTATCATTACCTTTGTTGCTTTGGCGGGCCGCCAGGCTTCGGTCAGGCTATCGGCTTCGGCTGGTAAGCGCCCGCCAGAGGACCCCAACATCCTGATTATTAGTGTCGTCTGAGTCCTATGCAATAGTTAAAACTTTCAACAACGGATCTCTTGTTTCTGGCATCGATGAAGAACGCAGCGAAATGCGATAAGTAATGTGAATTGCAGAATTCAGTGAATCATCGAATCTTTGAACGCACATTGCGCCCCTTGGTATTCCGAGGGGCATGCCTGTTCGAGCGTCATTACAACCCTCAAGCATTGCTTGNTGTTAGGCTCCGCTGCTCACCCAGCGGGCCTTAAAATCAGTGACGGTGCCGTCGGGCCCTGAGCGTAGTAAATCTCCTCGCTACAGGGCCCCGGTGGACGCTGGCCATCAACCCCTCACTTTCTAAGTTTGACCTCGGATCAGGTAGNNATACCCGCTGAACTTAAGCATNTNTNNNCCNCNNNNNNNNNNNNNNNNNGGNGNGGGAGAGANNANCCTNNGAANCCGTNNNTTNTAAGNTTNTCTGTCNAGATNAGGGCCAGNGGATTGCNGGNTNGANN
ghe_m2x_3_G_ITS1F_F04.ab1,12.0%,NNNNNNNNNTCANNNNGNGANNNGCGGNGGTCATTAAAAGTATATAGTTATACATTCTCTGTATCGACTGAATATACCCATTCTGAGTACCTTGCCTGTTGCTTCCATGGAGCATGACAAATGTCACTCTGGGGATTTACATCCCGAGGGAGCCTCCGTGGAAGGTAATCAATTAACCCTTGAATCCAATGTCATCTGTCTGATAATGTTTATAACAAATGTTAAAACTTTCAACAACGGATCTCTTGGTTCTCGCATCGATGAAGAACGCAGCGAAATGCGATAAGTAGTGTGAATTGCAGAATTCAGTGAATCATCGAATCTTTGAACGCACATTGCGCCTCCTGGTATTCCGGGAGGCATGCCTGTTCGAGCGTCATTAAATACCACTCAAGCTCTTCTGCTTGGTCATGGAAGAAGAGTATGCTTGCATCCTCTCTTCTGAAATTGAATGNCGGACCGCCTCATGTGCCTCGCGTAGTAAGTTCATCTTTTCGCTTGGAGTGTGAGACAGTCTCGCCATCAACCCCCATACTTCTAAGGTTGACCTCGGATCAGGTAGGGATACCCGCTGAACTTAAGCNTNNNNNAAGGGGGGGNGNGAAAANCCTNCCCCGCTAAANCNTAAAGNNATATCATANNCGGGGGAAANAAACATTTGCCGCCCCTTGGGTAATNCCGNGGGGCATGCCTGTTCGAGNCGTANTTATAACCACTCAAGCCCTCGGCTTNNCTTGGGGTTCGCGGTCTCGCGGCCCTTAAAATCAGTGGCGGTGCCGTCTGGCTCTAAGCGTAGTAATTCTCTCGCTATAGGGGTCCAGGTGACCACCTGCCATAACCCCCCCATTCTTTACGGTTGACCTCGGATCAGGTAGNATACCNCTGACTTAGCATATCATN
ghe_m2x_3_H_ITS1F_G04.ab1,57.8%,NNNNNNNNNNNNTNNGCGNTGNNNNNNNGTAAAGTNATTACACGTATCATGTNACACTAATGTGGCCCTTGACCAAAACCCTCTCTGCGTACCAATCTATGTTGCTTTCCTAGGTGGTTGGTTTCAGCTGCCGTCCAACATTGCCTGCTAGCTCAGTCAGCCCGAGTGGTTAACTCGGAGTTTGATCTTTTTTACTGATGGGTTAAGCTTTAATCGGTCAGCGAGCTTAATTTATGTCCATCAGGATCAGCTATGCAGGCCCCTGGGAAAGGGTCCATCCCAAATGAATATGCCAATCAGCTGTCTGAGTTGGCCTTGTGCCTTATTCTTTGAACAAGTTAAAACTTTCAACAACGGATCTCTTGGCTCTCGCATCGATGAAGAACGCAGCGAAATGCGATAAGTAATGTGAATTGCAGAATTCAGTGAATCATCGAATCTTTGAACGCACATTGCGCCCCTTGGTATTCCTTGGGGCATGCCTGTTCGAGCGTCACTATAAACCCGCTCATAAATGTTATGGTATTGATGGAAGTGAACTGTTGCAACTAAAGTGTGTGGATCACTCCATCGAAATACATAGGCAGGACAACAAACCTCTGTAGCTGACTTAGTAACTGTTTTCAAAGACACAAACCAGTCACTTGCTAGGTTCTAGCCTGGCCTCCTTAGACCTCCATTCAAGATAAAATACTGGGTTGACCTCGGATCAGGTAGGGATACCCGCTGAACTTAAGCATNTNANNN
ghe_m2x_4_A_ITS1F_H04.ab1,59.1%,NNNNNNNNNNNNNNNNAGGTGNNCTGCGGNGGATCATTAACGAATATAAATCGGAAAGCTGTCGCTGGCCTTCGGGCATGTGCACGCCGACCGTGTTTCATAAATTTCTCACCTGTGAACCTAATGTAGGATGCCTATTCCTTTGGGATAGGGGACCTATGTCTTCATATACATCTCCGTGTAGAAAGTCTTAGAATGTTTACTATCATAGAGTCGCGACTTCTAGGAGACGCGAATCTGTGAGATAAAAGTTATTACAACTTTCAGCAATGGATCTCTTGGCTCTCGCATCGATGAAGAACGCAGCGAAAAGCGATATGTAATGTGAATTGCAGATCTACAGTGAATCATCGAATCTTTGAACGCACCTTGCGCTCCTCGGTGTTCCGAGGAGCATGCCTGTTTGAGTGTCAGTAAATTCTCAACCCCTCTTGATTGAGGGAGTTTGGATAGTGGGGGTTTGCCGGAGACTTTTTGACTCGGGCTCTCCTGAAATGCATCGGCTTGCGGTCGACTTTCGACTATGCGCGACAAGGCTTTCGGCGTGATAATGATCGCCGTTCGCTGAAGCGCATGAATGAAGGTTTCGCGCCTCTAATACGTCGACTCTTATTATCTCTTAGGAGAGAAAAGGTCTTCTTTATTGACTTTTGACCTCAAATCAGGTAGGACTACCCGCTGAACTTAAGCANNTNNN
ghe_m2x_4_B_ITS1F_A05.ab1,42.6%,NNNNNNNNNNNNNNGTAGGTGANNNCGGNGGANATTAACGAATATAAATCGGAAAGCTGTCGCTGGCCTTCGGGCATGTGCACGCCGACCGTGTTTCATAAATTTCTCACCTGTGAACCTAATGTAGGATGCCTATTCCTTTGGGATAGGGGACCTATGTCTTCATATACATCTCCGTGTAGAAAGTCTTAGAATGTTTACTATCATAGAGTCGCGACTTCTAGGAGACGCGAATCTGTGAGATAAAAGTTATTACAACTTTCAGCAATGGATCTCTTGGCTCTCGCATCGATGAAGAACGCAGCGAAAAGCGATATGTAATGTGAATTGCAGATCTACAGTGAATCATCGAATCTTTGAACGCACCTTGCGCTCCTCGGTGTTCCGAGGAGCATGCCTGTTTGAGTGTCAGTAAATTCTCAACCCCTCTTGATTGAGGGAGTTTGGATAGTGGGGGTTTGCCGGAGACTTTTTGACTCGGGCTCTCCTGAAATGCATCGGCTTGCGGTCGACTTTCGACTATGCGCGACAAGGCTTTCGGCGTGATAATGATCGCCGTTCGCTGANNNNNNGGAATGAAGGTTTCGCGCCTCTAATACGTCGACTCTTATTATCTCTTAGGAGAGAAAAGGTCTTCTTTATTGACTTTTGACCTCAAATCAGGTAGGACTACCCGCTGACTTANNNNCANNNNNNGNNNGNGNNNNANNNAATTGTNNCTGACCNCAAGTCNGGTGGANNNNCGNCGCTGANNNNNNNATNNGNNNNNN
ghe_m2x_4_C_ITS1F_B05.ab1,0.5%,NNNNNNNNNNNTANNGACNGCGGAGGTCATTACCGANNTNATCTCCCAGCCGCCTGTGGACTTCCCATGNTGCACGCGGGGCGGCCCCCGGAGGCCGCCGACGTGGGCACGTAAAGCAGGCTTCCTAACCGGTGGATTTAGAGAGCCTATGTGTTCTGTTACATCTCTGTGTACAACGTATTTCTTGGCTCTGTATTCGATAAAGAACACTTCGAAATGCGGCGAATATGGGAGATTGCAGATTTCACAGCTTCATCCAATGTTTGTCCGGACACTGGCCCCGCCAGCATTCTGACGGACATGCCTGATGGAGCGTGATTTGAAGACTCGCACCGATTCGTGCAGCGGTGGTGCGCACCGTGCGCTCCCCGCCGCTCTCAGCGGCAGGCGCGCCTGACTGCCAATACATTGACGGCCCCGCTGGGGTCTCCCTTGCGTACTAGTGGCGCTCGCACTGGAGACCTTTTGGCTCACGCTCTCCTGCAACGCACNNCCGTACGGTGANCTCGNATCTNTTNGCNNNNCGGGCTGCAGTTNNGCATATNNNNNGGGGGNGGNNNANAAACGCAANGAATCGAAAGGNTGNGACNGCCTCATAATACGTNGGANGCCTTATTATNNTCGNTAANNANAAGAAACANGACCNGCTCTAATTGACCNTNNTGANCNNCCNANNCCCGCNAANGACNCATCCCGCTGAACCTTAAGCATNNNNNNNNACCCCNGGGGNAAANAAAGNGGGGTTCTCCTCCGGCTTGNACNTNTATANGCATGATNNNNNNNGGGGGGGGAAAAAAANGTGAANTNNNNTGGGAANTGNGNCAAANATNTCCAGGGGAANNCNCTCGAATNTCTTTGGAAACNGCNACTATTGCNNNNNTTTGGTTTANNCCCGGNAGGGGCNATNGNCNNTTGTTTCCGAAGGCGTTNATTTTCNNCCNATCNNCAANNCCTGGGCTTTGGGGNNTGGGCCNNACGGTNCCCCCCNTTTGNGNGNNGANNNNNCGCCCCCTNNNNNAAAACCNNNCTCTCGGGCGGGGCNNNNGGNNNNCCNCGGGNNCTTTTTAAANNGNNNNAANNAAGAAANNNCTNTTTNNCGNNTTTTTNNGAAAAGGTNNNNGGGGGNCCCCCGNNNNNCTNNNNNCCCGGNNAANGAANNCTNNNNNNNCNNNNNNTNNNGNTNTNNNACCTCNNNCGNNNNNNNNNGGNNAANNNNNTNCCNNNGCTNTGAAACCNNTNANNCCTNNNNNNAN
ghe_m2x_4_D_ITS1F_C05.ab1,0.3%,NNNNNNNTCNTAGGTGACNNCGGANGACNTTACCGAGATATGNACTACAGNGAGGTGACCTTCGNTGTTGGCGCGCCGGCCGTGAGTCTTAGGGCGGGCTTCTGTGCTGGAACGGAGCACGTGCGCGTGGTGAACCAGTCGACCTATGTCATTATATAGATCTTCGGGTAGAAAAAAAAAACNATCTACTANTTAAAATGGCGACCTCGACTAGATGCTTATCGGAGAGAGCAAAGAAATGACGACTTTCAGCAATGTATCTCTTTTCTGTGAATTAGAGAATGATCGAAGCCATATTGGACCTGCAAGGACTATGGCAGATCTACCGGGACGCACGTAATCTCGGAACTCACCCTGCGCTCCTCTGTGTGGCGATGGGCATGGCCGCTTGAGTGTCAGCAAATTCTGAATTCTTCTGGAGCGATGGATGTTGACCCTGGGCGGTTTGCTGGCGACTGTTTGTCTCCGTCTGCNGTGCNATGCCTCNAACTCNCGATGTGTTTGATGTATGCGCGACAAGTCATACAGGCGTGACAATGATGACTNNNNNNGTNANCGNNNGAANGAANNTTCACGCCTCTAATACGTCGNGTCTTATTATCTCTTAGGAGAGAAAAANTCTTGNTTATTGACTTTTGACCTCAGATCATGTAAGNCTNACCCGCTGAACTTAAGCATATNATNNNAACCNGGNNGNNAACCGGGNGTTGCTNCTTGGTTTTGGCNATNCCNCGCNGAACGTCAGGNNNAANAGNNNNTGTCGGTGNGGACTTNGCAAGNNTACNNNNGNATCNTCCGCTATCTTTGCCAGCTGATCGCCGNNCGCCGTNGNNCNCCCCCNATTGCNTCTATCGGCTGNNCCNAGGNTCANNTTNAGCNATNCNCGCTGACTTGANNNTTNANCNNNNNCCCNCCNTNTANNGNNNNGCCGCCCCCNNCNNAAANCGCCNTNGGGNGGGNGNGNGGNNNCNGGNNTTTTNANNNGNNAGNNNNNNNTTTCCNNCTTTNNAAAAGTNNGGGGCCCCCGNNCTGGCCGNAAAGAACCTNACTNNNTAANGNNNNNNCCCTCGGNNNCAAGGNANNGNNNACCNNNCTNNNCNTNANNCNTNTCANNN
ghe_m2x_4_H_ITS1F_D05.ab1,60.6%,NNNNNNNNNNNNNNNNTAGNNGNNCTGCGGNGGATCATTAAAAGTAATATATATTCATTTGAATATACATTTCAAACCCCCTTGTCTAAACCACCTGTTGCTTCCGGCTGTTTGGGCTGTACAGTTAGCTGAATAGCCTGGCCGGAAGGTTAACATAAAATATTGTATTTAGAGTCTTCTGAATTTTTAAAATAAAAGTTAAAACTTTCAACAACGGATCTCTTGGTTCTCGCATCGATGAAGAACGCAGCGAAATGCGATAAGTAGTGTGAATTGCAGAATTCAGTGAATCATCGAATCTTTGAACGCACATTGCGCCTTCCGGTATTCCGGGAGGCATGCCTGTCCGAGCGTCATCAAAAACCACTCAAGTAGTTTTGCTTGGTCATGAAAGAAGAGTTTGCTTGCAAATTCCCTTTCGAAATTCAATGGCGGAGAGTCTCATGATTCCGGCGTAGTAATAACTTATTCGCTTGGTCATTGTAATAATCCTGCCTCAAACCCCCAATTCTAGTGTTTGACCTCGGATCAGGTAGGGATACCCGCTGAACTTAAGCTNTNAAGGGGGGGGGAAAAAAAGGGGGGGTTTTTTAGAGGGGGGACCCGCCCTGAGAGGAGGGAATTNTGACGTGGAAAAGGAACGACGTGGAGGGGTGGGCAAAGGGGAATAGAAACGATCGTCTGTTTAAAAAGAAAAAGGATAGNGGGGGGATTTGGCTTCGGCGGGGGGACCACCNACTTTTGGTGGGTGGGCCCAAAAAAAGGGGGGATACCCGGCGGGATTTTGTCATC
ghe_m2x_5_A_ITS1F_E05.ab1,58.1%,NNNNNNNNNNNNNNNANTGNNCTGCGGNGGATCATTAAAAGTAATATATATTCATTTGAATATACATTTCAAACCCCCTTGTCTAAACCACCTGTTGCTTCCGGCTGTTTGGGCTGTACAGTTAGCTGAATAGCCTGGCCGGAAGGTTAACATAAAATATTGTATTTAGAGTCTTCTGAATTTTTAAAATAAAAGTTAAAACTTTCAACAACGGATCTCTTGGTTCTCGCATCGATGAAGAACGCAGCGAAATGCGATAAGTAGTGTGAATTGCAGAATTCAGTGAATCATCGAATCTTTGAACGCACATTGCGCCTTCCGGTATTCCGGGAGGCATGCCTGTCCGAGCGTCATCAAAAACCACTCAAGTAGTTTTGCTTGGTCATGAAAGAAGAGTTTGCTTGCAAATTCCCTTTCGAAATTCAATGGCGGAGAGTCTCATGATTCCGGCGTAGTAATAACTTATTCGCTTGGTCATTGTAATAATCCTGCCTCAAACCCCCAATTCTAGTGTTTGACCTCGGATCAGGTAGGGATACCCGCTGAACTTAAGCTTANAANGGGGGGGAGAAAAAAANGGGGTTTGGTAANGGGGGGAAAGGATCGGGAGNGGGGGGATTTTGAGGGGAAAGGAGAAGGAAGGGGAGGGNGCGGAAAGGGACTATATAAAGGACTATTGCATATAAAAGGAAAAAGGGAGGGGGGGGGGATATGCATCGGGGGGAGGGAAAAATCAATAATGGAAGGATGGGGCCTACAAAAAAGGGAGGGACAAGCAGGCGGAATATGTGAGAANNNNCCGTGGGGNNGAAANANC
ghe_m2x_5_B_ITS1F_F05.ab1,57.6%,NNNNNNNNNNNNNTANNNNACTGCGGAGGANCATTAAAAGTAATATATATTCATTTGAATATACATTTCAAACCCCCTTGTCTAAACCACCTGTTGCTTCCGGCTGTTTGGGCTGTACAGTTAGCTGAATAGCCTGGCCGGAAGGTTAACATAAAATATTGTATTTAGAGTCTTCTGAATTTTTAAAATAAAAGTTAAAACTTTCAACAACGGATCTCTTGGTTCTCGCATCGATGAAGAACGCAGCGAAATGCGATAAGTAGTGTGAATTGCAGAATTCAGTGAATCATCGAATCTTTGAACGCACATTGCGCCTTCCGGTATTCCGGGAGGCATGCCTGTCCGAGCGTCATCAAAAACCACTCAAGTAGTTTTGCTTGGTCATGAAAGAAGAGTTTGCTTGCAAATTCCCTTTCGAAATTCAATGGCGGAGAGTCTCATGATTCCGGCGTAGTAATAACTTATTCGCTTGGTCATTGTAATAATCCTGCCTCAAACCCCCAATTCTAGTGTTTGACCTCGGATCAGGTAGGGATACCCGCTGAACTTAAGCANTTANGGGNGNGAAAACCGNGCCGNCCCCCCCCCCCCGNCGCCGCTTATTACCCTGTTGGCAAAAACGAGTCCTCTTTCTTTCCTTTTTACCTCCCCAGCCCCCCTCAACCCACCCGGGAAGTTAAGCTCTTNTTCGCCCGCGGAACCNNNTTTTTTGCCCGCCTAACCTCNCTTCGGGGGGGGCCCCCCCGTCTTATCNTGCGGGGGACCCAN
ghe_m2x_5_D_ITS1F_G05.ab1,62.5%,NNNNNNNNNNNNNNNNNNAGNNGANNNCGGNGGANNTTAAAAGTAATATATATTCATTTGAATATACATTTCAAACCCCCTTGTCTAAACCACCTGTTGCTTCCGGCTGTTTGGGCTGTACAGTTAGCTGAATAGCCTGGCCGGAAGGTTAACATAAAATATTGTATTTAGAGTCTTCTGAATTTTTAAAATAAAAGTTAAAACTTTCAACAACGGATCTCTTGGTTCTCGCATCGATGAAGAACGCAGCGAAATGCGATAAGTAGTGTGAATTGCAGAATTCAGTGAATCATCGAATCTTTGAACGCACATTGCGCCTTCCGGTATTCCGGGAGGCATGCCTGTCCGAGCGTCATCAAAAACCACTCAAGTAGTTTTGCTTGGTCATGAAAGAAGAGTTTGCTTGCAAATTCCCTTTCGAAATTCAATGGCGGAGAGTCTCATGATTCCGGCGTAGTAATAACTTATTCGCTTGGTCATTGTAATAATCCTGCCTCAAACCCCCAATTCTAGTGTTTGACCTCGGATCAGGTAGGGATACCCGCTGAACTTAAGCATATCATANNNNGGGGANAGAAAANTTTCTTCTTGTTCCCTCCCCCCTTTTCCGTCCTCCTNNNNTCNNCCTCNTNNCCNNGCGGGGATCCCCGCCTTCTTAANCNNTCNNCCNCGNNNCCNTTAANANTACATGGTNAGCTNANCTCTTNTTCGNNCCTC
ghe_m2x_5_E_ITS1F_H05.ab1,64.4%,NNNNNNNNNNNNNCNTAGATGNNNTGCGGAGGATCATTAAAAGTAATATATATTCATTTGAATATACATTTCAAACCCCCTTGTCTAAACCACCTGTTGCTTCCGGCTGTTTGGGCTGTACAGTTAGCTGAATAGCCTGGCCGGAAGGTTAACATAAAATATTGTATTTAGAGTCTTCTGAATTTTTAAAATAGAAGTTAAAACTTTCAACAACGGATCTCTTGGTTCTCGCATCGATGAAGAACGCAGCGAAATGCGATAAGTAGTGTGAATTGCAGAATTCAGTGAATCATCGAATCTTTGAACGCACATTGCGCCTTCCGGTATTCCGGGAGGCATGCCTGTCCGAGCGTCATCAAAAACCACTCAAGTAGTTTTGCTTGGTCATGAAAGAAGAGTTTGCTTGCAAATTCCCTTTCGAAATTCAATGGCGGAGAGTCTCATGATTCCGGCGTAGTAATAACTTATTCGCTTGGTCATTGTAATAATCCTGCCTCAAACCCCCAATTCTAGTGTTTGACCTCGGATCAGGTAGGGATACCCGCTGAACTTAAGNTNNNANNGGGGGGGGAAAAAATTTTTTTTTCACACCCCGAAAACAACTCTCTACATCTCGAAAAGGAGAAATTCCGCCTTATTGACCTTTGGCCCCCAATCCGGCGGCTACCCGCTGGCTAGCTCTG
ghe_m2x_6_A_ITS1F_A06.ab1,12.6%,NNNNNNNNNNNNNNNNGANGNNCCTCNCGNNAGGTNATTATCGAAAAGCAATCTGGAGGGGAAGACGAGCGAGCGAAGTTTGGTAGATCGTAGGGATTGTCGCTGGCCTTTGGCAACCGAAGGCATGTGCACGTTCCGAGTTCTCCTTTAGTCCTCATTTGCCTTTCCTTTTGGAAAACCTTTATTTCACACCTGTGCACCTATTGTAGGTCCCGCAAGGGATCTATGTTTCTAATCTACCCCAAATGTATGTCTAGAATGTCATTAATGCGTCGATCGGCTTGGCTAACGCCTCGTTGGCGACGGTAAAGAAATCATATACAACTTTCAGCAACGGATCTCTTGGCTCTCGCATCGATGAAGAACGCAGCGAATTGCGATACGTAATGTGAATTGCAGATTTTCAGTGAATCATCGAATCTTTGAACGCACCTTGCGCTCCTTGGTATTCCGAGGAGCATGCCTGTTTGAGTGTCATTGAATTCTCAACCATCCTTTGATTGATTTCGAGGGGATGGCTTGGATTTTGGGAGCTGCCGGCTGACCTTTACTAAAGGACGGGTCGGCTCTTCTTAAAAGCATTAGCGAAAGGTGNCACGCNCTGCATGCACGGCCTTTGACGTGATAATGATCGTCGTGGCTGGAGTGCAAAGGGATTAGATCGACCTTTGCTTCTAAAGACAATGNTAGTGGGGACTTTGCTTCGGCGGACGAACCTCTACTTTTGATGACTTGACCTCAAATCAGGTAGGACTACCCGCTGAACTTAANNNANNNN
ghe_m2x_6_F_ITS1F_B06.ab1,19.5%,NNNNNNNNNNNNNANTGANNNGCGGNGNANNTTATCGAAAAGCAATCTGGAGGGGAAGACGAGCGAGCGAAGTTTGGTAGATCGTAGGGATTGTCGCTGGCCTTTGGCAACCGAAGGCATGTGCACGTTCCGAGTTCTCCTTTAGTCCTCATTTGCCTTTCCTTTTGGAAAACCTTTATTTCACACCTGTGCACCTATTGTAGGTCCCGCAAGGGATCTATGTTTCTAATCTACCCCAAATGTATGTCTAGAATGTCATTAATGCGTCGATCGGCTTGGCTAACGCCTCGTTGGCGACGGTAAAGAAATCATATACAACTTTCAGCAACGGATCTCTTGGCTCTCGCATCGATGAAGAACGCAGCGAATTGCGATACGTAATGTGAATTGCAGATTTTCAGTGAATCATCGAATCTTTGAACGCACCTTGCGCTCCTTGGTATTCCGAGGAGCATGCCTGTTTGAGTGTCATTGAATTCTCAACCATCCTTTGATTGATTTCGAGGGGATGGCTTGGATTTTGGGAGCTGCCGGCTGACCTTTACTAAAGGACGGGTCGGCTCTTCTTAAAAGCATTAGCGAAAGGTGGCACGCCCTGCATGCACGGCCTTTGACGTGATAATGATCGTCGTGGCTGGAGTGCAAAGGGATTAGATCGACCTTTTGCTTCTAAAGACAATGGTAGTGGGGACTTTTGCTTCGGCGGACGAACCTCTACTTTTGATGACTTGACCTCAAATCAGGTAGGACTACCCGCTGACTANNNNNNNNNNNNNNNNNN
ghe_m2x_6_G_ITS1F_C06.ab1,33.8%,NNNNNNNTNNNCNNACGANGACNGCGGNNNNTCATTAGCGAGTATAACTCTCTAAAACCATTGTGAACGAACGAACCCGTTGCTTCGGCGGACGGCTCTGCCGCCGCCGGAAGAACGCAAACTCTTGTTATTATTGTTTCTCTGAGTACTTATTCAATAAGTAAAAACTTTCAACAACGGATCTCTTGGTTCTGGCATCGATGAAGAACGCAGCGAAATGCGATAAGTAATGTGAATTGCAGAATTCAGTGAATCATCGAATCTTTGAACGCACATTGCGCCCGCCAGTATTCTGGCGGGCATGCCTGTTCGAGCGTCATTTCAACCATCAAGCCCCAGGCTTGTGTTGGGGGCCTGCAGCTGCTGCAGCCCCCTAAAAGCAGTGGCGGACTCGCTGTCATTCCGAGCGCAGTAGTTACATCTCGCTCTGGGCGTGGCGGTGGGCACCTGCCGTGAAACACTCTTTCTAAGGTTGACCTCGGATCAGGTAGGAATACCCGCTGAACTTAAGCATATCNNNAAAGGGGGGGGGAAAAGGGGNGCCGGCTGAATTTAAGCATANGCNNTNNNNCCTGGANNNATAAAAAAANATNGCGAGTGAGTGGNCACGCAGCTGCNTGCACGGNCTTATGACGTGAAAATGATCGTCGGTGGTCTGGGGGTGCAAAGANATAAGATCGACTTTTGCCTTCTAAAAGANAANGGNTGGGNGGNGNACTTTCGCCNCGAGNGGNNCGANAACNNNNTNNTTGNTGNTCNCTNNACCACNNAGCAGGANNNGNCGNCCCCGNNNNNCTTAANCATATCATAN
ghe_m2x_6_H_ITS1F_D06.ab1,12.9%,NNNNNNNNNNNNNNNNNAGNNGNNTNCGGNGGACNTTNTCGAAAAGCAATCTGGAGGGGAAGACGAGCGAGCGAAGTTTGGTAGATCGTAGGGATTGTCGCTGGCCTTTGGCAACCGAAGGCATGTGCACGTTCCGAGTTCTCCTTTAGTCCTCATTTGCCTTTCCTTTTGGAAAACCTTTATTTCACACCTGTGCACCTATTGTAGGTCCCGCAAGGGATCTATGTTTCTAATCTACCCCAAATGTATGTCTAGAATGTCATTAATGCGTCGATCGGCTTGGCTAACGCCTCGTTGGCGACGGTAAAGAAATCATATACAACTTTCAGCAACGGATCTCTTGGCTCTCGCATCGATGAAGAACGCAGCGAATTGCGATACGTAATGTGAATTGCAGATTTTCAGTGAATCATCGAATCTTTGAACGCACCTTGCGCTCCTTGGTATTCCGAGGAGCATGCCTGTTTGAGTGTCATTGAATTCTCAACCATCCTTTGATTGATTTCGAGGGGATGGCTTGGATTTTGGGAGCTGCCGGCTGACCTTTACTAAAGGACGGGTCGGCTCTTCTTNAAAAGCATTAGCGAAAGGGGGGCACGCCCTGCATGCACGGCCTTTGACGTGATAATGATCGTCGTGGGCTGGAGTGCAAAGGGGATTNAGATCGACCTTTTGCTTCTAAAAGACNAATGGNTAGTGGGGGACTTTTGCTTTCGGGCGGGANNGAANCCTNCCTACTTTTTGGATGGACTTGGACCTCCAAATCAGGGAGGGACTTACCCCGGCTGGAACTTNNGNNNNNNGGGGGGGGGGGGGNAAAN
ghe_m2x_7_B_ITS1F_E06.ab1,6.9%,NNNNNNNNNNNNNNNNNTAGATGANNTGCGGNGGTCATTATCGAAAAGCAATCTCGGAGGGGAAGACGAGCGAGCGAAGTTTGGTAGATCGTAGGGATTGTCGCTGGCCTTTGGCAACCGAAGGCATGTGCACGTTCCGAGTTCTCCTTTAGTCCTCATTTGCCTTTCCTTTTGGAAAACCTTTATTTCACACCTGTGCACCTATTGTAGGTCCCGCAAGGGATCTATGTTTCTAATCTACCCCAAATGTATGTCTAGAATGTCATTAATGCGTCGATCGGCTTGGCTAACGCCTCGTTGGCGACGGTAAAGAAATCATATACAACTTTCAGCAACGGATCTCTTGGCTCTCGCATCGATGAAGAACGCAGCGAATTGCGATACGTAATGTGAATTGCAGATTTTCAGTGAATCATCGAATCTTTGAACGCACCTTGCGCTCCTTGGTATTCCGAGGAGCATGCCTGTTTGAGTGTCATTGAATTCTCAACCATCCTTTGATTGATTTCGAGGGGATGGCTTGGATTTTGNGAGCTGCCGGCTGACCTTTACTAAAGGACGGGTCGGCTCTTCTTAAAAGCATTAGCGAAAGGGGGGCACGCCCTGCATGCACGGCCTTTGACGTGATAATGATCGTCGTGGCTGGAGTGCAAAGGGATTAGATCGACCTTTGCTTCTAAAGACAATGGTAGTGGGGACTTTGCTTCGGCGGACGAACCTCTACTTTTGATGACTTGACCTCAAATCAGGTAGGACTACCCGCTGAACTTAANNNNNNNGNGGGGGGNNANNN
ghe_m2x_7_C_ITS1F_F06.ab1,58.4%,NNNNNNNNNNNNCNTAGNNGNNCTGCGGAGGATCATTAAAAGTAATATATATTCATTTGAATATACATTTCAAACCCCCTTGTCTAAACCACCTGTTGCTTCCGGCTGTTTGGGCTGTACAGTTAGCTGAATAGCCTGGCCGGAAGGTTAACATAAAATATTGTATTTAGAGTCTTCTGAATTTTTAAAATAAAAGTTAAAACTTTCAACAACGGATCTCTTGGTTCTCGCATCGATGAAGAACGCAGCGAAATGCGATAAGTAGTGTGAATTGCAGAATTCAGTGAATCATCGAATCTTTGAACGCACATTGCGCCTTCCGGTATTCCGGGAGGCATGCCTGTCCGAGCGTCATCAAAAACCACTCAAGTAGTTTTGCTTGGTCATGAAAGAAGAGTTTGCTTGCAAATTCCCTTTCGAAATTCAATGGCGGAGAGTCTCATGATTCCGGCGTAGTAATAACTTATTCGCTTGGTCATTGTAATAATCCTGCCTCAAACCCCCAATTCTAGTGTTTGACCTCGGATCAGGTAGGGATACCCGCTGACTTAAGCNNNNNGNGGGGGGGNNAANGNTGATTTTCCGCCCCTNNAATACNTNGACTTTTATTATCTCTTAGGAGAGAAAAGGTCTTCTTTTTTGACTTTTGACNTCAAATCAGGTAGGACTACCCGCTGAACTTAAGCATATCATAANCCGGGGGANAAAACNNNNNGGN
ghe_m2x_7_E_ITS1F_G06.ab1,52.4%,NNNNNNNNNNNNNCNNANNGACTGCGGNGGANNTTACACATATATGGGACACTAATGTGGTCCCTTGATCAAAACCCTCTCTGCGTACCAATCTATGTTGCTTTCCTAGGTGGTTGGTTTCAGCTGCCGTCCAACATTGCCTGCTAGCTCAGTCAGCCCGAGTGGTTAACTCGGAGTTTGATCTTTTTTACTGATGGGTTAAGCTTTAATCGGTCAGCGAGCTTAATTTATGTCCATCAGGATCAGCTATGCAGGCCCCTGGGAAAGGGTCCATCCCAAATGAATATGCCAATCAGCTGTCTGAGTTGGCCTTGTGCCTTATTCTTTGAACAAGTTAAAACTTTCAACAACGGATCTCTTGGCTCTCGCATCGATGAAGAACGCAGCGAAATGCGATAAGTAATGTGAATTGCAGAATTCAGTGAATCATCGAATCTTTGAACGCACATTGCGCCCCTTGGTATTCCTTGGGGCATGCCTGTTCGAGCGTCACTATAAACCCGCTCATAAATGTTATGGTATTGATGGAAGTGAACTGTTGCAACTAAAGTGTGTGGATCACTCCATCGAAATACATAGGCAGGACAACAAACCTCTGTAGCTGACTTAGTAACTGTTTTCAAAGACACAAACCAGTCACTTGCTAGGTTCTAGCCTGGCCTCCTTAGACCTCCATTCAAGATAAAATACTGGGTTGACCTCGGATCAGGTAGGGATACCCGCCGAACTTAAGCNNAN
ghe_m2x_7_F_ITS1F_H06.ab1,48.5%,NNNNNNNNNNNNNNNNNNAGATGANNTGCGGNNGNNNTTATACATACATGGGATACCAATGTGTTCCCTGACCCATACCACCTCTGTGTACCGCTCCATGTTGCTTTCCCAGGTGCTCAATCCTTGTAGTAGCTCATCGCAAATGACATGTCGCTGCTGCCCGCGAGTGGCTACTGGGAAAGGTCTTATTTAACGCCTTCAATTGAATTTGCCGTCTGAGTTGGCCTGGTGCCATGAACTTTGAACAAGTTAAAAAACTTTCAACAACGGATCTCTTGGCTCTCGCATCGATGAAGAACGCAGCGAAATGCGATAAGTAATGTGAATTGCAGAATTCAGTGAATCATCGAATCTTTGAACGCACATTGCGCCCCTTGGTATTCCTTGGGGCATGCCTGTTCGAGCGTCACTACAAAACCCACTCATAAATGTTATGGTACTGATGGAAGTGAACTGTCGCCACTCATGCGCTCAGATCACTCTGTTGAAATGCATAGGCAGGATAATCAACCTCCGCAACGGACTTAGTAACAGGTTTTAAAGACATAAACCAGTCACTTGTTAGGTTCCAGCCTGGCCATCATGGACCTCCATCCAAGTTGAACTCTGGGTTGACCTCGGATCAGGTAGGGATACCCGCTGAACTTAAGCNNNNNNAAGGGGGGGGGAAAAAAATCCCCCCCGGTTAAGCTTAANCCTCGGCGTTAANATCGAGCAAANTGNGNGTGNNGNGCTGGCCAAACNTAACCCNTATCACGANGNNCNNNTNAAAACTCTTTGGGGGGCGCCGGGGTGNNTCCNNGCGTAGNAATTTGCTTTANNNGNAAGAACCCCNTGCCGGGAATTGNCCAACANACCCNAAAATCTACCCTCAGNTTTNNACCCTCGGGATCAGGGNAGGANATACCCCGCTGAACTNAAGCATATCATAANNNNGNGGGGNGAGNAANNN
ghe_m2x_7_G_ITS1F_A07.ab1,71.3%,NNNNNNNNNNNNNNAGNNGNNNNCGGNNGANNTTATACATACATGGGATACCAATGTGTTCCCTGACCCATACCACCTCTGTGTACCGCTCCATGTTGCTTTCCCAGGTGCTCAATCCTTGTAGTAGCTCATCGCAAATGACATGTCGCTGCTGCCCGCGAGTGGCTACTGGGAAAGGTCTTATTTAACGCCTTCAATTGAATTTGCCGTCTGAGTTGGCCTGGTGCCATGAACTTTGAACAAGTTAAAAAACTTTCAACAACGGATCTCTTGGCTCTCGCATCGATGAAGAACGCAGCGAAATGCGATAAGTAATGTGAATTGCAGAATTCAGTGAATCATCGAATCTTTGAACGCACATTGCGCCCCTTGGTATTCCTTGGGGCATGCCTGTTCGAGCGTCACTACAAAACCCACTCATAAATGTTATGGTACTGATGGAAGTGAACTGTCGCCACTCATGCGCTCAGATCACTCTGTTGAAATGCATAGGCAGGATAATCAACCTCCGCAACGGACTTAGTAACAGTTTTAAAGACATAAACCAGTCACTTGTTAGGTTCCAGCCTGGCCATCATGGACCTCCATCCAAGTTGAACTCTGGGTTGACCTCGGATCAGGTAGGGATACCCGCTGAACTTAAGCNNNNNNNNNNNNNNNNNNNNNNNNNNNNGTTCTAGGAATTTGTTGGTTGNATCCAACTTTGGCAGNAGGAACCCANACNCNGNCTGA
ghe_m2x_7_H_ITS1F_B07.ab1,67.0%,NNNNNNNNNNNNNNNANGANGNNTNCGGAGGNTCANTAAAAGTAATATATATTCATTTGAATATACATTTCAAACCCCCTTGTCTAAACCACCTGTTGCTTCCGGCTGTTTGGGCTGTACAGTTAGCTGAATAGCCTGGCCGGAAGGTTAACATAAAATATTGTATTTAGAGTCTTCTGAATTTTTAAAATAAAAGTTAAAACTTTCAACAACGGATCTCTTGGTTCTCGCATCGATGAAGAACGCAGCGAAATGCGATAAGTAGTGTGAATTGCAGAATTCAGTGAATCATCGAATCTTTGAACGCACATTGCGCCTTCCGGTATTCCGGGAGGCATGCCTGTCCGAGCGTCATCAAAAACCACTCAAGTAGTTTTGCTTGGTCATGAAAGAAGAGTTTGCTTGCAAATTCCCTTTCGAAATTCAATGGCGGAGAGTCTCATGATTCCGGCGTAGTAATAACTTATTCGCTTGGTCATTGTAATAATCCTGCCTCAAACCCCCAATTCTAGTGTTTGACCTCGGATCAGGTAGGGATACCCGCTGAACTTAAGCNNTNNNNNGGGGGNNAGNGNGNTANATGTGGGNAAAAATGGGGTAGGGATTGAGAAGAAGAACAGTACGCTGGCGTGTGTTAAATGGCGTCCTTAGAACCCCATAAAAGAAAAAATATTGGGTTGACCTCTGAAGCGGGAAGGAAAACC
ghe_m2x_8_A_ITS1F_C07.ab1,65.9%,NNNNNNNNNNNNNNNNNNNNNTGNCCTGCGGNGGATCATTAAAAGTAATATATATTCATTTGAATATACATTTCAAACCCCCTTGTCTAAACCACCTGTTGCTTCCGGCTGTTTGGGCTGTACAGTTAGCTGAATAGCCTGGCCGGAAGGTTAACATAAAATATTGTATTTAGAGTCTTCTGAATTTTTAAAATAAAAGTTAAAACTTTCAACAACGGATCTCTTGGTTCTCGCATCGATGAAGAACGCAGCGAAATGCGATAAGTAGTGTGAATTGCAGAATTCAGTGAATCATCGAATCTTTGAACGCACATTGCGCCTTCCGGTATTCCGGGAGGCATGCCTGTCCGAGCGTCATCAAAAACCACTCAAGTAGTTTTGCTTGGTCATGAAAGAAGAGTTTGCTTGCAAATTCCCTTTCGAAATTCAATGGCGGAGAGTCTCATGATTCCGGCGTAGTAATAACTTATTCGCTTGGTCATTGTAATAATCCTGCCTCAAACCCCCAATTCTAGTGTTTGACCTCGGATCAGGTAGGGATACCCGCTGAACTTAAGCNNTNNGGNGGNGNNNGANTCNACNGTCNCCCCCCCCTGGCGCCGTCCTTGTCGGCGTTTCTCAAAGAACACAACCCGGCGCGCACAATTCTCCCCNCCGTCCCCCCCTACCCCCCCCCCCAAAACAAANGCGGGCCCCCCCCCNACCNGGANNCCCCCCCGCTTAACTCNCCCGTN
ghe_m2x_8_B_ITS1F_D07.ab1,71.2%,NNNNNNNNNNNNNNNNNNGNTNNNNTGCGGNANNTCATTAAAAGTAATATATATTCATTTGAATATACATTTCAAACCCCCTTGTCTAAACCACCTGTTGCTTCCGGCTGTTTGGGCTGTACAGTTAGCTGAATAGCCTGGCCGGAAGGTTAACATAAAATATTGTATTTAGAGTCTTCTGAATTTTTAAAATAAAAGTTAAAACTTTCAACAACGGATCTCTTGGTTCTCGCATCGATGAAGAACGCAGCGAAATGCGATAAGTAGTGTGAATTGCAGAATTCAGTGAATCATCGAATCTTTGAACGCACATTGCGCCTTCCGGTATTCCGGGAGGCATGCCTGTCCGAGCGTCATCAAAAACCACTCAAGTAGTTTTGCTTGGTCATGAAAGAAGAGTTTGCTTGCAAATTCCCTTTCGAAATTCAATGGCGGAGAGTCTCATGATTCCGGCGTAGTAATAACTTATTCGCTTGGTCATTGTAATAATCCTGCCTCAAACCCCCAATTCTAGTGTTTGACCTCGGATCAGGTAGGGATACCCGCTGAACTTAAGCANTNNNGGGGGNNNANGCGTCTNGCCNNCGCNACCNGGTAGTTTTCCCGCCGGACTAGCCTNGTTGTGTNGGNAAAAGGGGTCNCTAACACCCATATTAAGATAAA
ghe_m2x_8_C_ITS1F_E07.ab1,61.3%,NNNNNNNNNNNNTNNNNNNGATGANCTGCGGNGGATCATTAAAAGTAATATATATTCATTTGAATATACATTTCAAACCCCCTTGTCTAAACCACCTGTTGCTTCCGGCTGTTTGGGCTGTACAGTTAGCTGAATAGCCTGGCCGGAAGGTTAACATAAAATATTGTATTTAGAGTCTTCTGAATTTTTAAAATAGAAGTTAAAACTTTCAACAACGGATCTCTTGGTTCTCGCATCGATGAAGAACGCAGCGAAATGCGATAAGTAGTGTGAATTGCAGAATTCAGTGAATCATCGAATCTTTGAACGCACATTGCGCCTTCCGGTATTCCGGGAGGCATGCCTGTCCGAGCGTCATCAAAAACCACTCAAGTAGTTTTGCTTGGTCATGAAAGAAGAGTTTGCTTGCAAATTCCCTTTCGAAATTCAATGGCGGAGAGTCTCATGATTCCGGCGTAGTAATAACTTATTCGCTTGGTCATTGTAATAATCCTGCCTCAAACCCCCAATTCTAGTGTTTGACCTCGGATCAGGTAGGGATACCCGCTGAACTTAAGNTTAAANCGGGGGGGNAAAAAAATGCCGGGTGCGAGCCTCGATCCGGGGGGGGGGTTTGGGCTTTTTTTCCGGNGAACGACGCTTGGGCGGGCTTTTGGCCCCCATTTGTATCTCGTACCCCCCTGCCTGAGTTAGGGGGTTTTACCCCCCTCAACTTTCGATTTCCATTAGGCGGTGCNNANNCNNNGGAGNNTTTAAACACCCGN
ghe_m2x_8_D_ITS1F_F07.ab1,65.6%,NNNNNNNNNNNNNNAGGTGANNTGCGGNGGTCATTAACGAATATAAATCGGAAAGCTGTCGCTGGCCTTCGGGCATGTGCACGCCGACCGTGTTTCATAAATTTCTCACCTGTGAACCTAATGTAGGATGCCTATTCCTTTGGGATAGGGGACCTATGTCTTCATATACATCTCCGTGTAGAAAGTCTTAGAATGTTTACTATCATAGAGTCGCGACTTCTAGGAGACGCGAATCTGTGAGATAAAAGTTATTACAACTTTCAGCAATGGATCTCTTGGCTCTCGCATCGATGAAGAACGCAGCGAAAAGCGATATGTAATGTGAATTGCAGATCTACAGTGAATCATCGAATCTTTGAACGCACCTTGCGCTCCTCGGTGTTCCGAGGAGCATGCCTGTTTGAGTGTCAGTAAATTCTCAACCCCTCTTGATTGAGGGAGTTTGGATAGTGGGGGTTTGCCGGAGACTTTTTGACTCGGGCTCTCCTGAAATGCATCGGCTTGCGGTCGACTTTCGACTATGCGCGACAAGGCTTTCGGCGTGATAATGATCGCCGTTCGCTGAAGCGCATGAATGAAGGTTTCGCGCCTCTAATACGTCGACTCTTATTATCTCTTAGGAGAGAAAAGGTCTTCTTTATTGACTTTTGACCTCAAATCAGGTAGGACTACCCGCTGAACTTANNNNNNNNNNNNNNNNNNNNNNNNNNNNNNNNNNNTNTANNCNNCCGGGNGGGNNNNNNNNNNNNNNNN
ghe_m2x_8_G_ITS1F_G07.ab1,0.6%,NNNNNNNNNNNTNNNNTAGNGAANGCGGANNTCATTACCGAGTGGGGNNCCTCTGNACCATTGCTCNCACCCGTACCCAACGAACCTCTTCGGTGGCGCGGNNNGCCTCACGGCACGGCGGNNGGCACGCGCCCCTAGGTCCGCTCCGGCCGCACAGAGTAGCTTATTCAATAAGTCAATACTTTCAGCAACGGTTCTCTTGGTTCTTAAATCTTTGACAAAGGCNCTCAAATGCGAGGGTAATGNAATTGCAGAATTCAGTGAATCATCGAATCTTTGAACGCACATTGCGCCCGCCAGTATTCTGTGGGCGATGCTTGTTCCAGCGTCATTTCAACCATCAATCCCCCGGGCTTGCGTTGTGCTGCTGCGGCTGCCGCAGGCCCCTAAAAGCAGTGGCGGCCTCGCTGTCACACCGAGCGCAGTAGCGATATTCGCTCCGGGCGTCGGCGGCGCGCACCGAATCGTGATACCCCCCCATTTCTCAAGGTTGAGCTCGGGCGCAGGTAGGAATACCCGCTGAACTTAATCATATCANNNNGGGGGGAAGAAATAAAAACCCCGCCTGACCCTNACTGNACNTATATANTAAAGCGGGAAAGAAANNAAAACTTTTAAGTNTTATTGATCGGGCGGAGAAATANNNTTCGTCCGCTGATTGGCCTTGTAACCTCAAATAANTTCGANCCTCTCCCCTCTCAAACGAAAACTACNNNGNNGNN
ghe_m2x_8_H_ITS1F_H07.ab1,63.7%,NNNNNNNNNNNNNNNNNNNNNNGNNCNGCGGNAGGTNCATTAAAAGTAATATATATTCATTTGAATATACATTTCAAACCCCCTTGTCTAAACCACCTGTTGCTTCCGGCTGTTTGGGCTGTACAGTTAGCTGAATAGCCTGGCCGGAAGGTTAACATAAAATATTGTATTTAGAGTCTTCTGAATTTTTAAAATAAAAGTTAAAACTTTCAACAACGGATCTCTTGGTTCTCGCATCGATGAAGAACGCAGCGAAATGCGATAAGTAGTGTGAATTGCAGAATTCAGTGAATCATCGAATCTTTGAACGCACATTGCGCCTTCCGGTATTCCGGGAGGCATGCCTGTCCGAGCGTCATCAAAAACCACTCAAGTAGTTTTGCTTGGTCATGAAAGAAGAGTTTGCTTGCAAATTCCCTTTCGAAATTCAATGGCGGAGAGTCTCATGATTCCGGCGTAGTAATAACTTATTCGCTTGGTCATTGTAATAATCCTGCCTCAAACCCCCAATTCTAGTGTTTGACCTCGGATCAGGTAGGGATACCCGCTGAACTTAAGCATATNNNNNGGGGGGGGAAAAAGNTTNGAGGNNNNNTCCGCCNCNCCCNCNTNCTTNGCCTTTTGACGGGGTATCGTCCGGNAGGGGTGTGCGCTAANGGNNTTNGACCCCCNNCCTCCGCCAGAAGTANNNGNNANNNTTNNCCNTAGGNN
ghe_m2x_9_A_ITS1F_A08.ab1,1.6%,NNNNNNNNNCNNNTAGATGACNTGCGGNNNTCATTAAAGAGGTGNANACTCCCACAAACCATCGCGAACGTTACCCGACGTCGTTGCTTCGGCGGTCTCGCCCGCCGGGGGGACGCTACCAAGAACTCTTGCAGTCATTGNCCTCTCTGAGTACGAATTTTAAATAAGTGAAAACTTTCAACAACGGATCTCTTGGTTCTGGCATCGATGAAGAACGCAGCGAAATGCGATAAGTAATGTGAATTGCAGAATTCAGTGAATCATCGAATCTTTGAACGCACATTGCGCCCGCTAGTATTCTGNCGGACATGCCTGTCCGAGCGTCATTTCAACCATCAAGCCCTGCTTGTGTTGGCGTCCTGCGGCTGCCCGCAGGCCCTGAAAACCAGTGGCGGGCTCGCTAGACACACCGAGCGCAGTAGCACATCTCGCTCAGGGCGTGCGGCGGGGTCTTGCCGTTAAACACCCCCCCTTCCAAAGGTTGACCTCGGATCAGGTAGGAGTACCCGCTGAACTTAAGCATATCATNNNGGGGGGTAGNANANNTGNGNTANNCCGTANNANTGNNNGGGTNCCACNCTTAAAANCGNNGNGCNNGNAAAATCTGCTGAGGANNNCNACCTAAGNACCTNTTNGNNANNNCNCGTNGNNCNATAGNTNANNNCCTATGCTGNAACGCCATNTTCCTGTTNTGCANACAACGAGTGNGTCNTCCCCCGGCATCGAGNTCAGNNAGATCNNNNNNNGCGGTAGGAANTATGCATNGNNANNGGGGGGAANNNGGAGNGGTGAATNTGGCAGGAATTCAGTGAATCATCGATNNCTTTGGGANNGNNNCNCNTTTGGCNCCCCCNTNGGTAATCCCGGANGGGGCATGCCCTTGTTNNGGAGCNGNNNATTTTCNNNCCACNNNAAANCCCTNGNNTNNNNNTGGNCCGACGGTTCCCCCTTTNGGGANCNNNGCGGCCNTCCGNAAANNGCCTCCGGNGGGCCGGTGGGNNACCCGNNNNTTTTAANNCGTTAANCCAGGAAATCNNTTTCCGCNNNTTNNAAAGTCNGGGNNNCCCCGGNNNNGCCCNNNNAGAACNNNACNNCGTNAAGGTTNGANNNTCNGGNATTCCAGGNCNAGGGNATNNCCCNGNCCNGAANCTTAAGCCNTANNNNNNAN
ghe_m2x_9_D_ITS1F_B08.ab1,8.7%,NNNNNNNNNNNNNGCGANNNNNNNNCGNNNNTCATTACTGAGTTTTACTCTAAAACCCGCGAACCTACCTCTATAGCTTCGGGGGCCTGCCCCGGGGGCGCTCTACGGCCGCCGAAAGCCCATCAGAACTCTTTTACAGGCTCTCTGAGTAATCATTAAATGCTAAAAACCTTCAACAACGGATCTCTTGGTTCTGGCATCGATGAAGAACGCAGCGAAATGCGATACGTAATGTGAATTGCAGAATTCCGCGAATCATCGAATCTTTGAACGCACATTGCACCCGGTGGTATTCCGCCGGGTATGCCTGTCTGAGCGTCATTTCTACCCTCGAGCACTGCTCGGTGTTGGCGGATTGCCTAGCAACCGCTGAAAATCAACGGCGGTGACCCCTATGTCCCTGTATAGTACTATTCTTACAGTGTTTATAGCGGTCTACCAGTCTCCTGTGCGCCGTAACAAGCGCTACACTTTGAAACTCGACCTCAGATCAGGTAGGAATACCCGCTGAACTTAAGCATATCNNNAAGGGGGGGGGAAATTCGACCGCAGATCCAGTGAACGATACCCCGCTGAACTTAAGTGTATCNNAAGGGGGGGAAGGAANNNTGGGAAGCGGACTGNANNAGGTNGNGGTCAAAGCAGAATCCAGNNNANNNGCTAGGTTCTAGGCTGNCCTCCATGGACCTCNNNTCNAGATAACTGCTGAGTTGTCCTCGNATCGNTTAGGNTACCCGCTGGAACTTAAGCATATCATAGNGCGGGNGGANAANNGGNGGNGNNCTGCCCGNTTCNTNGACTCTATCGATTNTTTNGGGGGNNGACGACATTN
ghe_m2x_9_F_ITS1F_C08.ab1,41.2%,NNNNNNNNNNNNNNNNGNNGNNNTGCGGNGNTNATTACACATATATGGGACACTAATGTGGTCCCTTGACCAAAACCCTCTCTGCGTACCAATCTATGTTGCTTTCCTAGGTGGTTGGTTTCAGCTGCCGTCCAACATTGCCTGATAGCTCAGTCAGCCCGAGTGGTTAACTCGGAGTTTGATCTTTTTTACTGATGGGTTAAGCTTTAATCGGTCAGCGAGCTTAATTTATGTCCATCAGGATCAGCTATGCAGGCCCCTGGGAAAGGGTCCATCCCAAATGAATATGCCAATCAGCTGTCTGAGTTGGCCTTGTGCCTTATTCTTTGAACAAGTTAAAACTTTCAACAACGGATCTCTTGGCTCTCGCATCGATGAAGAACGCAGCGAAATGCGATAAGTAATGTGAATTGCAGAATTCAGTGAATCATCGAATCTTTGAACGCACATTGCGCCCCTTGGTATTCCTTGGGGCATGCCTGTTCGAGCGTCACTATAAACCCGCTCATAAATGTTATGGTATTGATGGAAGTGAACTGTTGCAACTAAAGTGTGTGGATCACTCCATCGAAATACATAGGCAGGACAACAAACCTCTGTAGCTGACTTAGTAACTGTTTTCAAAGACACAAACCAGTCACTTGCTAGGTTCTAGCCTGGNCTCCTTAGACCTNCCATTCAAGATAAANTACTGGGNTGACCTCGGNTCAGGTAGGNATACCCGCTGAACTTANNNNN
ghe_m2x_9_G_ITS1F_D08.ab1,62.6%,NNNNNNNNNNNNNNNNNNGNNGNNNTGCGGNAGNTNATTACACATATATGGGACACTAATGTGGTCCCTTGACCAAAACCCTCTCTGCGTACCAATCTATGTTGCTTTCCTAGGTGGTTGGTTTCAGCTGCCGTCCAACATTGCCTGATAGCTCAGTCAGCCCGAGTGGTTAACTCGGAGTTTGATCTTTTTTACTGATGGGTTAAGCTTTAATCGGTCAGCGAGCTTAATTTATGTCCATCAGGATCAGCTATGCAGGCCCCTGGGAAAGGGTCCATCCCAAATGAATATGCCAATCAGCTGTCTGAGTTGGCCTTGTGCCTTATTCTTTGAACAAGTTAAAACTTTCAACAACGGATCTCTTGGCTCTCGCATCGATGAAGAACGCAGCGAAATGCGATAAGTAATGTGAATTGCAGAATTCAGTGAATCATCGAATCTTTGAACGCACATTGCGCCCCTTGGTATTCCTTGGGGCATGCCTGTTCGAGCGTCACTATAAACCCGCTCATAAATGTTATGGTATTGATGGAAGTGAACTGTTGCAACTAAAGTGTGTGGATCACTCCATCGAAATACATAGGCAGGACAACAAACCTCTGTAGCTGACTTAGTAACTGTTTTCAAAGACACAAACCAGTCACTTGCTAGGTTCTAGCCTGGCCTCCTTAGACCTCCATTCAAGATAAAATACTGGGTTGACCTCGGATCAGGTAGGGATACCCGCTGAACTTAANNNT
ghe_m2x_9_H_ITS1F_E08.ab1,67.3%,NNNNNNNNNNNNNNAGATGACCTGCGNNGGTCATTACAAATGTCTGNNNGTCCAATTTGGCTCCTAAGCAAACACTTCTATGTGTACTCTCCCATGTTGCTTCCCCAGACCAGTGGCCACTGCTGCCAGTCCGGCCTCTTAACGGGTTTCTGGTCTGAGATGTCTGGGGAAGGTCCATTATTAAACTTTTAAACCAAATGCCAGTCTGAGAAGGCCATGTGCCGTAATCTTTAAAACATATTAAAACTTTCAACAACGGATCTCTTGGCTCTCGCATCGATGAAGAACGCAGCGAAATGCGATAAGTAATGTGAATTGCAGAATTCAGTGAATCATCGAATCTTTGAACGCACATTGCGCCCTTTGGTATTCCTTAGGGCATACCTGTTCGAGCGTCACTAAAAACCATCTCATATATAATGTGGTATTGGTAGAAGTGGGTAGTATTAATAGTACTTTGTCTTACTCTACTGAAATGCATAGGCCAGAAAAGTGGACCATGGTAACAGACTCTCAGAGTGTTTTAAAATGCTAAATTAGTCTTACCACAGTTGATATCTGAGCTACCGGATCCCCATTTAGTCCAAACCAGAGAGGTTGACCTCGGATCAGGTAGGGATACCCGCTGAACTTAAGCNNNNNNNNNNNNNNNNNNNNNNANNNNNNNNGNCCTCNCACGCCGCCCCATNTNAANTTCNNAGTGCGGGTGTCCGNNCNNCCGGANG
ghe_m2x_10_A_ITS1F_F08.ab1,61.2%,NNNNNNNNNNNNNNNNNNNAGNNGNCCTNCGGNGGNNCATTAAAAGTAATATATATTCATTTGAATATACATTTCAAACCCCCTTGTCTAAACCACCTGTTGCTTCCGGCTGTTTGGGCTGTACAGTTAGCTGAATAGCCTGGCCGGAAGGTTAACATAAAATATTGTATTTAGAGTCTTCTGAATTTTTAAAATAAAAGTTAAAACTTTCAACAACGGATCTCTTGGTTCTCGCATCGATGAAGAACGCAGCGAAATGCGATAAGTAGTGTGAATTGCAGAATTCAGTGAATCATCGAATCTTTGAACGCACATTGCGCCTTCCGGTATTCCGGGAGGCATGCCTGTCCGAGCGTCATCAAAAACCACTCAAGTAGTTTTGCTTGGTCATGAAAGAAGAGTTTGCTTGCAAATTCCCTTTCGAAATTCAATGGCGGAGAGTCTCATGATTCCGGCGTAGTAATAACTTATTCGCTTGGTCATTGTAATAATCCTGCCTCAAACCCCCAATTCTAGTGTTTGACCTCGGATCAGGTAGGGATACCCGCTGAACTTAAGCATNNNNNNNNGGGGGNAAANNNTTNNNTTCGCGNCCCCTCTAACACGTCGCCTCTTATTATCTCTTAGGNAGAGAAAAGGCTTCTTTTATTGACTTTTTGACCTCAAAATCAGGTAGGACTACCCGGCTGAAANNNNNGCATATCATANNNNGGNNGAAA
ghe_m5x_1_C_ITSIF_A07.ab1,35.7%,NNNNNNNNNNNNANNNNTNNCTGNTGTNNGTCATTANNAGTCATATATATTCATTTGNATATACATTTCAAACCCCCTTGTCTAAACCACCTGTTGCTTCCGGCTGTTTGGGCTGTACAGTTAGCTGAATAGCCTGNCCGGAAGGTTAACATAAAATATTGTATTTAGAGTCTTCTGAATTTTTAAAATAAAAGTTAAAACTTTCAACAACGGATCTCTTGGTTCTCGCATCGATGAAGAACGCAGCGAAATGCGATAAGTAGTGTGAATTGCAGAATTCAGTGAATCATCGAATCTTTGAACGCACATTGCGCCTTCCGGTATTCCGGGAGGCATGCCTGTCCGAGCGTCATCAAAAACCACTCAAGTAGTTTTGCTTGGTCATGAAAGAAGAGTTTGCTTGCAAATTCCCTTTCGAAATTCAATGGCGGAGAGTCTCATGATTCCGGCGTAGTAATAACTTATTCGCTTGNTCATTGTAATAATCCTGCCTCAAACCCCCAATTCTAGTGTTTGACCTCGGATCAGTAGGGATACCCGCTGAACTTAAGNNNNNNNNGNNNGNNNGNGNNANNNNGCCCCCCCCAATTGCATAATTAATGGTGATTTGGCAGAATCTCGGGGACTCCTCCTATTNTTGAACGCACNTTGCCCCCCTTGGTANTCCGGAGGNCATGCCTGNTCAANGGTATTANAACCACTCANCTGCGGTTNGGTCTTGGTNTCGCGGTCTCGCGCCCTTAAATCAGGGCGGNGCGTCTGNTCTAGCGTAGTATTTTCTCGCTATANGGTCAGGCGACCACTGCCAGACCCCCATTCTTACGTTGACTCGGATCAGTAGGNTACCCGCTGACTAGCATATCANN
ghe_m5x_1_E_ITSIF_B01.ab1,0.0%,NNNNNNNNNNNNNTNNNNNNNNNNGAGGANAGNATTAGTTCCTCTAATGACNNGNNCCTTGGNCAGNNAGAGAATTATTCCTCTANNGCNGTTCCTTGTTNNNGNNNNNNTNTCNNNNNNNNANNTNTTGGNTTTNNGNGNANNNTTNNNNNNNANNTTTTTTTGGTTTTTTAGGGNAATTTCCTCCCTTAAAAAAAAAAGTTTTTTGGTTTTTTGGGGGAATTTTCCCCCTAAAAAAAAAAGTTTTTTTTTTTTTTAAAGNAATTTTTTTCNAAAAAAAAAAAGTTTTTTGTTTTTTAAAAGAAATTTTTTCCCNAAAAAAAAAATTTTTTTTTTTTTAAAAAAAATTTTTNCTAAAAAAAAAAAATTTTTTTTTTTTAAGAGAAATTTTTTCCTAAAAAAAAAAATTTTTTTTTTTTTAAAAAAAAATTTTCCCTAAAAAAAAAATTTTTTTTTTTTNANNGGAAAATTTTTTCAAAAAAAAAAATTTTTTTTTTTTTNTNAAAAATTTTTTTNAAAAAAAAACCNNNTTTTTTTTGATAAGGGGATTTTTCCCCCCAAAAAACCCTGGTTTTTTTNTTTNNAGGGATTTTTCCCCAAAAAAANAAATTTTTTTTTTTTTTGAANAAATTNCCCCCAAAAAAAAAANTTTTTTTTTTTTTNAAAAAAATTNNCCCCNAAAAAAAANNTTTTTTTTTTTTNNAANNAAANTCNNCCCNAAAAAAAAAANTTTTTTTTTTTTNNAAAAAATNNCCCCNAAAAAAAAANTTTTTTTTTTNNNANAAAATTNCCCCNNAAAAAAAANATTTTTTTTTNTAAANNANNNNNNNNNNAAAAAACNNTTTTTTTNNNNNAAAANANNNNNCNNAAAAANNNNTTTTTTTNNNNNANANANNNNNCNCCCNCANAAANNNNNNTNNTNNNNNNNNNNANNNNNNCNNNNNANANANNNNNNNNNNNNNNNNTANNNNNNNNNTNNNNNNNNNNNNNNNGTNNNTGNNNNNNNNNANNNNNCNCCNNNNNNNNCNNNTNTNNNTGTNNNNNNNNNNNNNNNNNNNANANANNNNTNTNNNNTGNNNNNNNNNNNNNNNNNNNNNNNNNANNNNNNNNNNNNNNNNNNNNANNNNNNNNCNCNNNNNNNNNANNNNNNNNNN
ghe_m5x_1_F_ITSIF_C01.ab1,0.5%,NNNNNNNNNNNNNNNNNNNNNNGNNNNNNGNAGGTCCTANANTAAAAGTTCTTTGGNAACTTTCNNCCCCCTTGTNANGNCCTGTTGTTCCGGTGTTTGGNTGNNAGTTAGCTGAATATCTGGCGGGAGGTTACCATANAATATTGTGTTTAGAGTGTTCTGAATGTTTAAAATACCAGTTAAAACTTTCAACAACGGATGACTTGGTTCTCGCATCGATGAGGAACGCAGAGAAATGCGGTAAGTAGTGTGAATTGAAGAGTTCAGTGAATCATCGAGTCTTTGATCGCACATTGAGNCTTACGGTATTCATGGAGGCATGCCTGTCCGTGCGTCATTAAACACCACTCAAGTAGATTAGCTTGNTCNCGNNAGAAGAGNTTGCTTGCAAATTCCCTGANCGAAATNCNNTCNNCGGAGAGTCTCATGATNNCGGCGTAGNAATAACTTATTCGCTTGNTCATTGTAATAATTCTGCNTAAAAACCCACAATTCTAGTGTTTGACCTCGGTTTCAGGTAGGGGATACNCGCTGNACTTGAGCATATCAATANAGCGGGAGGGAANCTNTAAGCNTATCNNTTACNCCGNGAGGGANNCTNTGGGGGNNTTNNNANNNNNNNNTNTTNNNCCCNCCCCNNNANAGNNNCCNTNNGGGGNNNNTNNNNGNGGGGNNANTNNATNNTNNNNNNNNNNNAAANNNNNNCNNNNNNGNTGTNTTTATGANNNNNNNNNNNNNNNTTCTTCTCTCTCNNNNNNNNGNNNNNNCANGNNNTNTTTNNNGGNNGGNNGNNNGNNNNNNNNNNNCNNNNNNNNNNCNNCNNNNTNNTTTTGNNGNNGNNGNNAANNNNNTTNNNNNNNNNNNAGNANNNCANNNNNNNTNNNNNNNNNNNNNNNNNNNNNNNNNNTNGNTNAN
ghe_m5x_1_H_ITSIF_D01.ab1,0.4%,NNNNNNNNNNNNNANNNNNNNNNANNGAGGANGANNATATNNTNTCTCNNNANANANNNNNGGTTNTTATGNGANGNNTGACCAATACCACCTCTGTGTACCGCTCCATGTGGCTTTCCCAGGTGCTCAATCGTTGTAGTAGCTCATCGCAAATGACATGTCGCTGCTGCCCGAGANTGGCTACTGGGAAAGGGTTATTTAACGCCTTCAATTGAATTTGCCGTCTGAGTTGGCCTGTTGCCATGAACTTTGAACAAGTTAAAAAAGGGAAACAACGTATCTCTTGGCTCTCGCATCGATGAAGAACGCAGAGAAATGCGATAAGTAATGTGNATTGCAGAATACAGTGAATCATCCCCTCTTTGAACGCACATTGCGCCNCTAGAGATTCCTTGCGGCATGCNTGATCGAGCGTNNNTACAAAANNNACTCATAANTGTTATGNGACTGATGNGAGTGAACTGAAGNNACTCATGCGCTCAGATCACTCTGTTGAAATGCATAGGNAGNATATTCTACCTCCGCAACGGACTTAGTAACAGNTTTAAAGACATAAACCAGTCACTTGTGAGNCTGCAGCCTGNNCATCATGNACCTCCATCCAAGTTGAACTCTGGGTTGACCTCGGATCAGGTATNTATACCCGCTGAACTTAAGTATATCAATANNGCGTATNANCCCCCCCCANGNCCNGNNCGGGTGTAAAGGAGNAGAANACTTCNTTCTCCNCCNANATGNNNCCTNGGGGTTTTNNGGGANAANGANNTTNCNTCTNNCCCTCCAGANGGNCGGCGGCNGNTTTNGNNNNNNAANNAGTANTNTANTNNCTNNTNAGCTAANAGGGNNCCATGNTGGNNNAGNNNGGNNATTANNTCNCNNNCANTNNNNNNNGGGNTGNATCTTNNGGANGNNNNNATGCTNNNTNCCTCCGCTNNNNNNTCANNNNNTNTNNATNAGNNNGGGANNNANNNNNNNNNNTCNNNNNNNNNNGTNNNTNNTNNNNNNNNNNNNGGANNNNNNNNNNNNNNNNNNNNNNTCTGTNNNNNNNNNNNNNNNTACNNNNNNNNCNCNTAGNNNNGNNNNNNNNNTNNNNGNNNNNNNNCNNGNNNNNNNNNTNNNNCNN
ghe_m5x_2_C_ITSIF_E01.ab1,21.7%,NNNNNNNNNAGAGACNGCGNNNGTCATTAACGAATATAATCGNAAGCTGTCGCTGAGCCTTCGGCATGTGCACGCCGACCGTGTTTCATAAATTTCTCACCTGTGAACCTAATGTAGGATGCCTATTCCTTTGGGATAGGGGACCTATGTCTTCATATACATCTCCGTGTAGAAAGTCTTAGAATGTTTACTATCATAGAGTCGCAACTTCTAGGAGACGCGAATCTGTGAGATAAAAGTTATTACAACTTTCAGCAATGGATCTCTTGGCTCTCGCATCGATGAAGAACGCAGCGAAAAGCGATATGTAATGTGAATTGCAGATCTACAGTGAATCATCGAATCTTTGAACGCACCTTGCGCTCCTCGGTGTTCCGAGGAGCATGCCTGTTTGAGTGTCAGTAAATTCTCAACCCCTCTTGATTGAGGGAGTTTGGATAGTGNGGGTTTGCCGGAGACTTTTTGACTCGGGCTCTCCTGAAATGCATCGGCTTGCGGTCGACTTTCGACTATGCGCGACAAGGCTTTCGGCGTGATAATGATCGCCGTTCGCTGAAGTGCATGAATGAAGGTTACNCGCCTCTAATACGTCGACTCTTATTATCTCTTAGGAGAGAAAAGGTCTTCTTTATTGACTTTTGACCTCAAATCAGGTAGGACTACCGCTGAACTTAAGCATATCNNNGGGGGAAGAANNTTNGTCTTGGGGNCTCGNGGTCTCGCNGCNCTTAAAATCAGNGGCGGTGCCGTTCTGCTCTAAGCGTAGTAATTTTCTCGCTATAGGTCCAGGCGACCACCTGCCAGAACCCCCATTCTTACGGTTGACTCGGATCAGGTAGGNTACCCGCTGAACTTAAGCATATCATANNNNNNNGAN
ghe_m5x_2_D_ITSIF_F01.ab1,0.6%,NNNNNNNNNAGAGNCNGCGNNNGTCATTANCGANGANATTTCATGNGNTATCCGTCCCCAGCGCTTAGCGTACCTCGCCGGTTGCTTGCGGNGCTGACGTGGCAGTTAGCTGATAGTATGNNCGCGAGCCCNNNTAATATATAGTATTTACAGTCTGCGGAATTTAAGAATAAAATGAAAATATTCAACAACGCTTCTCTTNNAGCACGCCTCGATGCGGGACGCAGCGAAATGCGAAAAGTAGTGTGAGCGCAGAGTGCAGTGAATCATCGAGTGTTTGAACGCGCATTGCGCCTTCCTGGAGCCGGTGGTATGCCGGGAGGATGTCATCCGAGCCACTCAGCTGCCCTCGCTTGCGCATGTGTAAGAGCCTCCTGCATCCTCCCGTTCGAAATTCCCGTCGGAAAGGCGGTGATTCCGCCGTAGAATAACTTATGCGCTTGCTCATTCTGATACTCCTGNCTCAGACCGCGATTTCCAGGGCTTGACCCCATNTNCGATANNGATATCCGCTCAATAAANNANTCGTNNNNCGNANGAANNNNGNNNTGNNNNNNNNCCCTATAANACGTCGACTCTTAATTATCNNTTAGGAGAGAAAAGGTCTTCTTTANTGACTTTGACCTCAAATCAGGTAGNCTACCGNTGAACTTAAGCATATNANNGNNAGANNNTNGTTNTGGGTTNNGCGTTTCGGCGCCNNTNAANATCAGGGGNGGNNCGTCGGCTCTAGCGTAGTATTCTTTCGCNATAGGGCCAGGTGACCANCTGCNGTANCCCCNTTCTTTACGTTGACTCGNTCAGGTAGGATACCCGCTGANTTANNNTATCATAANNNNGNGGNN
ghe_m5x_2_E_ITSIF_G01.ab1,40.7%,NNNNNNNNNNTANNNNNCTGCGNNNNTCATTANAGTAATATATATTCATTTGAATATACATTTCAAACCCCCTTGTCTAAACCACCTGTTGCTTCCGGCTGTTTGGGCTGTACAGTTAGCTGAATAGCCTGGCCGGAAGGTTAACATAAAATATTGTATTTAGAGTCTTCTGAATTTTTAAAATAGAAGTTAAAACTTTCAACAACGGATCTCTTGGTTCTCGCATCGATGAAGAACGCAGCGAAATGCGATAAGTAGTGTGAATTGCAGAATTCAGTGAATCATCGAATCTTTGAACGCACATTGCGCCTTCCGGTATTCCGGGAGGCATGCCTGTCCGAGCGTCATCAAAAACCACTCAAGTAGTTTTGCTTGGTCATGAAAGAAGAGTTTGCTTGCAAATTCCCTTTCGAAATTCAATGGCGGAGAGTCTCATGATTCCGGCGTAGTAATAACTTATTCGCTTGNTCATTGTAATAATCCTGCCTCAAACCCCCAATTCTAGTGTTTGACCTCGGATCAGGTAGNNTACCCGCTGACTANGNNNNNNNGGGGGGNAAANNNGNNTTCGCNCCTCTATACGTCGACTCTATTATCTCTAGGAGAGAAAGTCTTCTTTATTGACTTTNACCTCAAATCAGTAGGACTACCCGCTGACTTAAGCATATCATNAAGGGNNNA
ghe_m5x_2_F_ITSIF_H01.ab1,11.6%,NNNNNNNNNNNNNNNNNNNNNNNNNTGNNNNANGNACATTANCGATCATANATCGGAAAGCTGTCGCTGGCCTTCGGGCATGTGCACGCCGACCGTGTTTCATAAATTTCTCACCTGTGAACCTAATGTAGGATGCCTATTCCTTCGGNATAGGGGACCTATGTCTTCATATACATCTCCGTGTAGAAAGTCTTAGAATGTTTACTCTCATAGAGTCACAACTTCTAGGAGACGCGAATCTGTGAGATAAAAGTTATTACAACTTTCAGCAATGGATCTCTTGGCTCTCGCATCGATGAAGAACGCAGCGAAAAGCGATATGTAATGTGAATTGCAGATCTACAGTGAATCATCGAATCTTTGAACGCACCTTGCGCTCCTCGGTGTTCCGAGGAGCATGCCTGTTTGAGTGNCAGTAAATTCTCAACCCCTCTTGATTGAGGGAGTTTGGATAGTGGGGTTTGCCGGAGACTTTTTGACTCGGGCTCTCCTGAATGCATCGGCTTGCGGTCGACTTTCGACTATGCGCGACAAGGCTTCGGCGNGATNATGATCGCCGTTCGCTGAGTGCATGAATGAGGTACGCGCCTNTAATACGNCGACTCTTATATCTCTAGGAGAGAAAGTCTTCTTANTGACTTTGACTCAATCAGTAGACTACCCGCTGACTAGCNTATNNNNGGGGGGAGANA
ghe_m5x_2_G_ITSIF_B07.ab1,47.0%,NNNNNNNNNNNNNNNNNNNCTGCGGNANNTNATTAAAGTAATATATATTCATTTGAATATACATTTCAAACCCCCTTGTCTAAACCACCTGTTGCTTCCGGCTGTTTGGGCTGTACAGTTAGCTGAATAGCCTGGCCGGAAGGTTAACATAAAATATTGTATTTAGAGTCTTCTGAATTTTTAAAATAGAAGTTAAAACTTTCAACAACGGATCTCTTGGTTCTCGCATCGATGAAGAACGCAGCGAAATGCGATAAGTAGTGTGAATTGCAGAATTCAGTGAATCATCGAATCTTTGAACGCACATTGCGCCTTCCGGTATTCCGGGAGGCATGCCTGTCCGAGCGTCATCAAAAACCACTCAAGTAGTTTTGCTTGGTCATGAAAGAAGAGTTTGCTTGCAAATTCCCTTTCGAAATTCAATGGCGGAGAGTCTCATGATTCCGGCGTAGTAATAACTTATTCGCTTGGTCATTGTAATAATCCTGCCTCAAACCCCCAATTCTAGTGTTTGACCTCGGATCAGGTAGGGATACCCGCTGAACTTAAGCNNNNNNNNNNGGGGGGGGGAGNNAAAAANNGNNCCNTCGCCCCGCGNANNGNCTGNTCTGCTGTTGNCCTNGCCNGAGGGTGCNCTTGGCGAANCTGTCTCGCTGACNNNNNNCATCNCTGNGNNCNGGCCNGCNCAGTCGNAAGGGNGCTGTNTTCTNNGACNGNNAANNTNAAAAGGCAAACAAGTNNCTTTGTTCCGANNCAGACNTNGNTCGGTCNNNAGNNANANNGNCTGNCNTCCTC
ghe_m5x_2_H_ITSIF_A02.ab1,39.5%,NNNNNNNGNNNNNNNNNNNNTNGTCANTGTTACATTANAGTANTATATATTCATTTGAATATACATTTCAAACCCCCTTGTCTAAACCACCTGTTGCTTCCGGCTGTTTGGGCTGTACAGTTAGCTGAATAGCCTGGCCGGAAGGTTAACATAAAATATTGTATTTAGAGTCTTCTGAATTTTTAAAATAGAAGTTAAAACTTTCAACAACGGATCTCTTGGTTCTCGCATCGATGAAGAACGCAGCGAAATGCGATAAGTAGTGTGAATTGCAGAATTCAGTGAATCATCGAATCTTTGAACGCACATTGCGCCTTCCGGTATTCCGGGAGGCATGCCTGTCCGAGCGTCATCAAAAACCACTCAAGTAGTTTTGCTTGGTCATGAAAGAAGAGTTTGCTTGCAAATTCCCTTTCGAAATTCAATGGCGGAGAGTCTCATGATTCCGGCGTAGTAATAACTTATTCGCTTGGCATTGTAATAATCCTGCCTCAAACCCCCAATTCTAGTGTTTGACCTCGGTCAGTAGGGTACCCGCTGAACTTAAGCTTAAAAGGGGGGGAAAAGGGGGTTCCGCCGCGAGAAACGCTCCATGAACCCGAAGAAACATTTTCCTTATTACTTTTACCCTTCAGTAGATCTCGCGATAAAAATAACNTCAAAAACCGTGNGACCTGT
ghe_m5x_3_A_ITSIF_C07.ab1,2.1%,NNNNNNNNNNGNNNNCNGCGNNANGTCATTACAGAATATATATCTCATTTGNCTATACATTTCCAACCCCCTTGTCTAAACCACCTGTTGCTTCCGGCTGTTTGGNCTGTACAGTTAGCTGAATAGCCTGGCCGGAAGGTCAACATAAAATATTGNATTTAGAGTCTTCTGAATTTTTACAATAGAAGTTAAAACTTTCAACAACGGATCTCTTGGTTCTCGCATCGATGAAGAACGCAGCGAAATGCGATAAGTAGTGTGAATTGCAGAATTCAGTGAATCATCGAATCTTTGAACGCACATTGCGCCTTCCGGTATTCCGGNAGGCATGCCTGTCCGAGCGTCATCAAAAACCACTCAAGTACGTTTGCTTGCTCATGAAAGAAGAGTTTGCTTGCAAATTCCCTTTCGAAATTCAATGNCGGAGAGTCTCATGATTCCGGCGTAGTAATAACTTATTCGCTTGCTCATTGTAATAATCCTGCCTCAAACCCCCAATTCTAGTGTTTGACCTCGGATCAGGTATGAATACCCGCTGAACTTAAGCATNTCANNNACNGGGAGGAAAATCAATANNCGGGANGNAANNNNNGNTGTTGTTTTTCNTGNCCTGAANNAACAGGGGNNAAACGANNNNNTGACNGCACCTGNTGGGNGNGNGCCGNCACAGCAAAGGNGNGNGTTTNTTNANACTCAAAGTAAAAAGCAAAAATTTNCNTTGTCCGNNNNGANNTATAGAANAAAAAN
ghe_m5x_3_C_ITSIF_B02.ab1,33.4%,NNNNNNNNNNNNNNNNNNNCGGNANTNNNCATTAACGAATATAAATCGGNAAGCTGTCGCTGGCCTTCGGGCATGTGCACGCCGACCGTGTTTCATAAATTTCTCACCTGTGAACCTAATGTAGGATGCCTATTCCTTTGGGATAGGGGACCTATGTCTTCATATACATCTCCGTGTAGAAAGTCTTAGAATGTTTACTATCATAGAGTCGCGACTTCTAGGAGACGCGAATCTGTGAGATAAAAGTTATTACAACTTTCAGCAATGGATCTCTTGGCTCTCGCATCGATGAAGAACGCAGCGAAAAGCGATATGTAATGTGAATTGCAGATCTACAGTGAATCATCGAATCTTTGAACGCACCTTGCGCTCCTCGGTGTTCCGAGGAGCATGCCTGTTTGAGTGTCAGTAAATTCTCAACCCCTCTTGTTGAGGGAGTTGGTAGTGNNTTTGCCGGAGATTTTTGACTCGGCTCTCCTGAAATGCTCGGTTGCGTCGATTTCGACTATGCGCGACAAGGTTTCGGCGTGTATGTCGCGTCGCTGAAGCGCTGATGAGGTTCGCGCCTCTATACGCGATCTTATATCTCTAGGAGAAAAGTCTCTTATGCTTTGCCTCAATCAGGAGATACCGTGACTNNNAANNGGGGAAA
ghe_m5x_3_D_ITSIF_C02.ab1,0.4%,NNNNNNNNNNNGNGNNNNNNGNNANGTANTNANNGANNGAGNATNNNCTGAGCCAAGCTCCCACCCGTGTNNNTGTACNATGTTGCTGCTTCGGGNNGCCGCTGTTCCGCCGGCTGGNATCTGCTCTCGGCCCCGCGCCCGCNCACGACGAAGACCCNCGCTAACGCTGCATGAAGTCTGAGCNTGTATGAACATGATAAATCACTTTAAACTTTCAACAACGTGTCTCTGGTATCCGGATCAATGAAGAAAATGCGAAATGCAATGCGTANTGAAATTGCAGAATTCCATGGATCATNGAGTCGCACANCGCACCTCGCGCCATCTGGNATNCCATGNNNGATGCATGGNCTNNNTGATNTCAGCCCNGAATCGCGTGTTGTGTGTCGTNCTGCTTCCGCCCGAACTCNCGCGAAACGGACCGGAAATACAGCGTCCGNACCGCGACCGTATCTCGTTCTTATACCCGTTTGCAGGCGCGCCGGAGGCTTGCCGNNNGCCTNAGCTGTCTCCCCAATCTATATTGCTTCAGGTAGACATACAGCAGAAATTAATANTATCNNANNNNANNNANNNTNNNNNNANNANAACGNGACGCTTTCNANNGNTTCTTTATNGACGTGTGACCTCGAATCAGNTANAACTACACGCTGAGCTTANNNATATATATAAACGGNGNAAN
ghe_m5x_3_E_ITSIF_D02.ab1,49.5%,NNNNNNNNNNNNNNGAGNATGNGTNANGTACATTNACGATNTANATCGGAAAGCTGTGCGCTGAGCCTTCGGGCATGTGCACGCCGACCGTGTTTCATAAATTTCTCACCTGTGAACCTAATGTAGGATGCCTATTCCTTTGGGATAGGGGACCTATGTCTTCATATACATCTCCGTGTAGAAAGTCTTAGAATGTTTACTATCATAGAGTCGCGACTTCTAGGAGACGCGAATCTGTGAGATAAAAGTTATTACAACTTTCAGCAATGGATCTCTTGGCTCTCGCATCGATGAAGAACGCAGCGAAAAGCGATATGTAATGTGAATTGCAGATCTACAGTGAATCATCGAATCTTTGAACGCACCTTGCGCTCCTCGGTGTTCCGAGGAGCATGCCTGTTTGAGTGTCAGTAAATTCTCAACCCCTCTTGATTGAGGGAGTTTGGATAGTGGGGGTTTGCCGGAGACTTTTTGACTCGGGCTCTCCTGAAATGCATCGGCTTGCGGTCGACTTTCGACTATGCGCGACAAGGCTTTCGGCGTGATAATGATCGCCGTTCGCTGAAGCGCATGAATGAAGGTTTCGCGCCTCTAATACGTCGACTCTTATTATCTCTTAGGAGAGAAAAGGTCTTCTTTTATTGACTTTTGACCTCAAATCAGGTAGGACTACCCGCTGAACTTAAGCATNNNNNNNGGGGGGGNNNAAAN
ghe_m5x_3_F_ITSIF_E02.ab1,2.4%,NNNNNNNNNNGNNNNNNNNNNNGTNANNTANTNAAGAANCGTATAATCATTTNNCGATGCGTTTCTCCCCCCTTGTGTAAACCACCTGTTGCTTCCGGCTGTTTGTGCTGTACAGTTAGCTGATAGNATGCNGNAAGCTTATCATACTATATTGTAATTAGAGTCTTCTGAATGTTTAAAATAAAAATTAAAACTTTCAACAACGGATCTCTTGGTTCTCGCATCGATGAAGAACGCAGCGAAATGCGATAAGTAGTGTGAATTGCAGAATTCAGTGAATCATCGAATCTTTGAACGCACATTGCGCCTGCCGGTATTCTGGCAGGTATGCCTGTCCGAGCGTCATCTAAAACCACACAAGTAGGTTTGCTTGNCNTGAAAGAAGAGTNNCTTGCAAAGTCCGTTTCGAAATTCAATGACGGANAGATCATGATTCCGNCGTAGCGNTATCCTATTCGCTTGTNCAGTGTAATAATCCTGCCTCACACCNNAGCTCTATTGTTTTTCCTCGTATCCGNCAGGTATACCAGCTGNACTTANNCATATCATNNNNGGANAANGGGATGANGTTCGCGCCTCTAATATGTCGACTCTTATTATCTCTTAGGAGAGAAAAGNCTTCTTTATTGACTTTTGACCTCNAATCATGTAGGACTACCCGCTGAACTTAAGCATATCATAACCGGAGNAANNCGGNTCTCTTNGCTCNNGCTNNNCGATGANCAACGCNNGNNANAAGCGATAGTAGNNNGAATTGCAGAATTCAGTGAATCATCGATCTTTGAACGCACATTGCGCCCCTTGTATCCGAGGGCATGCCTGTTCGAGCGTCATTTCACCACTCAAGCCTGGNTTGTNNNNGACGTCCCTTTGGGACGCGCCTCGAAACGCTCGGNGCGNGCANCGGCTTTNNGTANNAGATCTTNNGCTTTGAAGTCGGGCCCCGNCTGCCGAAGACTACTCGTAGGTTGACCTCGGNTCAGCAGGNNNACCCGNNNGACTTAGCNTTNNNANNNN
ghe_m5x_3_G_ITSIF_F02.ab1,66.3%,NNNNNNNNNNNANNNNNCTGCGGNAGGTCATTAAAGTAATATATATTCATTTGAATATACATTTCAAACCCCCTTGTCTAAACCACCTGTTGCTTCCGGCTGTTTGGGCTGTACAGTTAGCTGAATAGCCTGGCCGGAAGGTTAACATAAAATATTGTATTTAGAGTCTTCTGAATTTTTAAAATAAAAGTTAAAACTTTCAACAACGGATCTCTTGGTTCTCGCATCGATGAAGAACGCAGCGAAATGCGATAAGTAGTGTGAATTGCAGAATTCAGTGAATCATCGAATCTTTGAACGCACATTGCGCCTTCCGGTATTCCGGGAGGCATGCCTGTCCGAGCGTCATCAAAAACCACTCAAGTAGTTTTGCTTGGTCATGAAAGAAGAGTTTGCTTGCAAATTCCCTTTCGAAATTCAATGGCGGAGAGTCTCATGATTCCGGCGTAGTAATAACTTATTCGCTTGGTCATTGTAATAATCCTGCCTCAAACCCCCAATTCTAGTGTTTGACCTCGGATCAGGTAGGGATACCCGCTGAACTTAAGCNNTNNN
ghe_m5x_3_H_ITSIF_G02.ab1,55.1%,NNNNNNNNNTNNNNNNNNANNNNNNATGTACATTAAAGTAGCNTATATATCATTTGNTATACATTTCAAACCCCCTTGTCTAAACCACCTGTTGCTTCCGGCTGTTTGGGCTGTACAGTTAGCTGAATAGCCTGGCCGGAAGGTTAACATAAAATATTGTATTTAGAGTCTTCTGAATTTTTAAAATAAAAGTTAAAACTTTCAACAACGGATCTCTTGGTTCTCGCATCGATGAAGAACGCAGCGAAATGCGATAAGTAGTGTGAATTGCAGAATTCAGTGAATCATCGAATCTTTGAACGCACATTGCGCCTTCCGGTATTCCGGGAGGCATGCCTGTCCGAGCGTCATCAAAAACCACTCAAGTAGTTTTGCTTGGTCATGAAAGAAGAGTTTGCTTGCAAATTCCCTTTCGAAATTCAATGGCGGAGAGTCTCATGATTCCGGCGTAGTAATAACTTATTCGCTTGGTCATTGTAATAATCCTGCCTCAAACCCCCAATTCTAGTGTTTGACCTCGGATCAGGTAGGGATACCCGCTGAACTTAANNNNTANN
ghe_m5x_4_B_ITSIF_H02.ab1,55.4%,NNNNNNNNNCNNNNNNNNNNNNNNNNANTACATTAAAGNTAATATATATTCATTTCGAATATACATTTCAAACCCCCTTGTCTAAACCACCTGTTGCTTCCGGCTGTTTGGGCTGTACAGTTAGCTGAATAGCCTGGCCGGAAGGTTAACATAAAATATTGTATTTAGAGTCTTCTGAATTTTTAAAATAAAAGTTAAAACTTTCAACAACGGATCTCTTGGTTCTCGCATCGATGAAGAACGCAGCGAAATGCGATAAGTAGTGTGAATTGCAGAATTCAGTGAATCATCGAATCTTTGAACGCACATTGCGCCTTCCGGTATTCCGGGAGGCATGCCTGTCCGAGCGTCATCAAAAACCACTCAAGTAGTTTTGCTTGGTCATGAAAGAAGAGTTTGCTTGCAAATTCCCTTTCGAAATTCAATGGCGGAGAGTCTCATGATTCCGGCGTAGTAATAACTTATTCGCTTGGTCATTGTAATAATCCTGCCTCAAACCCCCAATTCTAGTGTTTGACCTCGGATCAGGTAGGGATACCCGCTGAACTTAANCANNNNNN
ghe_m5x_4_C_ITSIF_A03.ab1,25.7%,NNNNNNNNNNNNNNNNNNNNNNTGNNNNNNNNTCATTNNAGTATATATATTCATTTGAATATACATTTCAAACCCCCTTGTCTAAACCACCTGTTGCTTCCGGCTGTTTGGGCTGTACAGTTAGCTGAATAGCCTGGCCGGAAGGTTAACATAAAATATTGTATTTAGAGTCTTCTGAATTTTTAAAATAGAAGTTAAAACTTTCAACAACGGATCTCTTGGTTCTCGCATCGATGAAGAACGCAGCGAAATGCGATAAGTAGTGTGATTGCAGATTCAGTGATCATCGATCTTTGAACGCACATTGCGCCTTCCGTATCCGGAGCTGCCTGCCGACGCTCAAAACCACTCAATAGTTTGTTGTCTGNAAAANTTGTTGAATTCCCTTCAATTCATGCGAAGCCTGTTCCGCGATATACTATCGTTGGCTTGATATCTGCTCACCCATCATGTGCCCGTAGAGGTACCGTGATAGNANNNGGGAAAN
ghe_m5x_4_D_ITSIF_B03.ab1,22.1%,NNNNNNNNNNNGTAGGNGACTGCGGAGGTCNTTACGAATATAAATCGGAAAGCTGTCGCTGGCCTTCGGGCATGTGCACGCCGACCGTGTTTCATAAATTTCTCACCTGTGAACCTAATGTAGGATGCCTATTCCTTCGGGATAGGGGACCTATGTCTTCATATACATCTCCGTGTAGAAAGTCTTAGAATGTTTACTATCATAGAGTCGCAACTTCTAGGAGACGCGAATCTGTGAGATAAAAGTTATTACAACTTTCAGCAATGGATCTCTTGGCTCTCGCATCGATGAAGAACGCAGCGAAAAGCGATATGTAATGTGAATTGCAGATCTACAGTGAATCATCGAATCTTTGAACGCACCTTGCGCTCCTCGGTGTTCCGAGGAGCATGCCTGTTTGAGTGNCAGTAAATTCTCAACCCCCNTNGNTGGNGNNNTNGNAANGGGGGTTGGCGGAAATTTTTGCCCGGNNNNCTGAATGCATCGNTGNGNCGACTTCGACNAGCCCACAAGCTTNGGCGGGTATGANGCCGTCGCNGANNGATGATGAGGTCNCCCCNCNANNGTCGANNCTNNNNNNNTTANNNANAAAGGNTTNNTATTGACNTTTGACTCAATCAGGNNNACTACCGCTGACTAAGCNNNNNNGGGGGNNNNNAN
ghe_m5x_4_E_ITSIF_C03.ab1,0.0%,NNNNNNNGNTANGNNGTNCNNCNNNATGTNATTNNGTGTCGTNNTGNCANNGCGGNGNGNNGACTTNATNNATGAGCGCTGTGTNNTNTTCCTGATGCTTCCCGCCTGCATCCATAATATCGCCTGGCTAGTCCTCTGCGGTANGACTCCTATGTGTTCATTTCGATGGCGGGCTAGCGAGTGTTATAAAGGATATCANCATGTAATACATACGGCCTGTCTGAGGGAATATGNAATAAAAAATAATGATTCTTTGCGGACGCTTGGTTGCGCTCGATGAATACGAACGCAATGCGAAGGATGTGTGTGCATGTTCCGTACTCGCGCTCTTTGCCGGCATTGCCCGCGGCCCGCGTTGGATGGTTCCGGCTGATATAGCTTTCTCCGCCTTTTTTTATGAGCTGGCCGCCCCGCTGGAAGATTGTTTCCGTGGCGAGAGTGANACTTAGGCGCTGCTTTTTCGCACACGCTACGGGCCCCGACGCGAACNCCCGCATATAAGGTACGCGGTCTAANNTCTNNNNCTAGAANANNGNNNANNNTTG
ghe_m5x_4_F_ITSIF_D03.ab1,3.4%,NNNNNNNNNNNGACNANNNNNNNNNNNNTNTAAATNNNNNAAGCGTCTNNTCATTTCGNGANGCGTCTTGTNCTGTNATGTCTNNGCCACCTGTTGCTTCAGCATGTTGGGGCTGAACAGTTANNGNAATAGCCTGCCCGGAAGCTTAACATAAAATATTGTATTTAGAGTCTTCTGAATTTTTAAAATAAAAGTTAAAACTTTCAACAACGGATCTCTTGGTTCTCGCATCGATGAAGAACGCAGCGAAATGCGATAAGTAGTGTGAATTGCAGAATTCAGTGAATCATCGAATCTTTGAACGCACATTGCGCCTTCCGTATTCCGGAGGCATGCCTGTCCGAGCGTCATCAAAAACCACTCAATAGTTTGCTTGGCATGAAAGAAGAGTTGCTTGCAAATTCCCTTTCGAAATTCATGCGGNAGCTCTGTTCCGCGAGAATAATTATTCGTTGTCATGAATATCCTGCCTCAACCCCATTCTAGGTTGCCTCGNCAGTAGGTACCGTGATTAGCTANTNNNGGGAAAGTGAGGTCGCGCTCTATACTCGATTTATATTCTTAGAGAAAAGCTCTTATGCTTTGCTCAATCAGGAGATACCGTGACTANNNNNNAANGGGNA
ghe_m5x_4_G_ITSIF_E03.ab1,29.0%,NNNNNNNNNNCGNNAGATTNGTCANNTAGAGAAGNNGCGGTATTCATNTCAATANGCGNTCGAATTGCTTGTNANACCACCTGTTGCTTCCGCCTGTTTGGACTGTACAGTTAGCTGATAGCCTGGCCGGAAGGTTAACATAAAATATTGTATTTAGAGTCTTCTGAATTTTTAAAATAAAAGTTAAAACTTTCAACAACGGATCTCTTGGTTCTCGCATCGATGAAGAACGCAGCGAAATGCGATAAGTAGTGTGAATTGCAGAATTCAGTGAATCATCGAATCTTTGAACGCACATTGCGCCTTCCGGTATTCCGGGAGGCATGCCTGTCCGAGCGTCATCAAAAACCACTCAAGTAGTTTTGCTTGGTCATGAAAGAAGAGTTTGCTTGCAAATTCCCTTTCGAAATTCAATGNCGGAGAGTCTCATGATTCCGGCGTAGTAATAACTTATTCGCTTGGTCATTGTAATAATCCTGCCTCAAACCCCCAATTCTAGTGTTTGACCTCGGATCAGGTAGGGATACCCGCTGAACTTAAGCATATCAANNCCGCGGGNGGAANNTAAGGCTTNTCNTANCCNGAAAANNNTNNCTTTTTNCGCACANNTNNAAAGANTNNCTTTNTNTCNTATTANNNNATNN
ghe_m5x_5_A_ITSIF_F03.ab1,27.7%,NNNNNNNNNNNNGNNGNNATGCGTNANGTNATTACACGTATATGCGTACACTAATGNNGGTCCCTTGACCAAAACCCTCTCTGCGTACCAATCTATGTTGCTTTCCTAGGTGGTTGGTTTCAGCTGCCGTCCAACATTGCCTGATAGCTCAGTCAGCCCGAGTGGTTAACTCGGAGTTTGATCTTTTTTACTGATGGGTTAAGCTTTAATCGGTCAGCGAGCTTAATTTATGTCCATCAGGATCAGCTATGCAGGCCCCTGGGAAAGGGTCCATCCCAAATGAATATGCCAATCAGCTGTCTGAGTTGGCCTTGTGCCTTATTCTTTGAACAAGTTAAAACTTTCAACAACGGATCTCTTGGCTCTCGCATCGATGAAGAACGCAGCGAAATGCGATAAGTAATGTGAATTGCAGAATTCAGTGAATCATCGAATCTTTGAACGCACATTGCGCCCCTTGGTATTCCTTGGGGCATGCCTGTTCGAGCGTCACTATAAACCCGCTCATAAATGTTATGGTATTGATGGAAGTGAACTGNTGCAACTAAAGTGTGTGGATCACTCCATCGAAATACATAGGCAGGACAACAAACCTCTGTAGCTGACTTAGTAACTGTTTTCAAAGACACAAACCAGTCACTTGCTAGGTTCTAGCCTGCCNTCCTTANACCTCCATTCAAGATAAAATACTGGGTGACCTNCGGATCAGGTAGGGATACCGCTGAACTTAAGCNNNNNNNNNNGGGGGGNNNNAA
ghe_m5x_5_B_ITSIF_G03.ab1,1.2%,NNNNNNNCNNNNNGNNNNNCTNNGNNANNTAATTNANGNNATATNTNATCAATNNGGCGAGACGTCCTNCGCCCNTGTGNCGCNNNNCGTGTTGCTTACATNTNTCACCTGNGANCTAATGTATGATGACTATGCCTTTGNGATAGACATACTATATNGTCATNNNCATCTNCGGGAAGAAAAAATAGAATGTTTACTATCATAAACGCGCCTCTTCTATCTCACGCGAATCTGTGACACAAAAGTTATGACAACTTTCAGGAATGTTGCTCTTGNCTCTCGCATCGATGAATAACGCACGCACATTGCGCCTTCCGTGATTCTGGCAGATCTGCCTGGAAGCATCGAATCTTTGAACGCACCTTGCGCTCCTCGGNTTCCGAAAGAAGTGCCTGTTTGAAAGTCCCTATATTCTCAACCCCTCTTGATTGATCAAGTTTGCGAGTGGTAGTANGCCGTACACTTTTTGATTCGNACTCTCCTGCAACGCATCGCCTTGTCTACGGTTTTCGCTCATGCGCGACANGGCTATCGGCGTGACATAGATATANGTNNNNGGGANNNCANNATGAGGTTTCGCGCCTCTAATACGTCGACTCTTATTATCTCTTAGGAGAGAAAAGGTCTTCTTTATTGACTTTTGACCTCAAATCAGGTAGGACTACCCGCTGAACTTAAGCATATCA
ghe_m5x_5_C_ITSIF_H03.ab1,1.6%,NNNNNNNNNGATNNGNNNNNNTGNNNNNANGTANAATATACGTANCGCNATCTGCAAGTCGANGACGNANCGAGCGAAGTTNGTTAGATCGTAGGGATTGTCGCTGGCCTTTGGCAACCGAAGNCATGTGCACGTTCCGAGTTCTCCTTTAGTCCTCATTTGCCTTTCCTTTTGAAAAACCTTTATTTCATACCGGTGCACATAATGTAGGTCCCGCAAGGNTTCTATGTTTCTAATCTACCCCAAATGTATGTCTAGAATGTCATTAGTGCGTCGATCGGCTTGATAACGCCTCGTTGGCGACGAAAAAGAAATCATATACAACTTTCAGCAACGGATCTCTTGGCTCTCGCATCGATGAAGAACGCAGCGAATTGCGACACGTAATGTGAATTGCAGATTTTCAGTGAATCATCGAATCTTTGAACGCACCTTGCGCTCCTTGTATTCCGAGGAGCATGCCTGNTTGAGTGNCATTGAATTCTCAACCATCCTTTGATTGTTTCGAGGGGATGCTTGATTTGGAGCTGCCGCTGACCTTTACTAAGGACGGGCGCTCTTCTTAAAGCATTAGCGAAAGGGCACGCCTGCATGCACGGCTTGACGTGANATGATCGCGTGCTGGAGNGCAAGNATANTCGCCTTTGCTTCTAAGACANGTAGTGGGACTTTGCTNCGCGACGACCTCTACTTTGTGACTGACCTCAATCAGTAGACTACCGCTGACTANCATNNNNAAAGGGGGANAA
ghe_m5x_5_D_ITSIF_A04.ab1,0.7%,TNNCCNNACNNNNNGANNANNTGNGNNAGNTAATTATACGANCGCATCNNGNAGAGGCAGACGAGCGAGCGAAGTTGTAGATCGTAGGGATTGTCGCTGGCCTTTGGCAACCGAAGNATGTGCACGTTCCGAGTTCTCCTTTAGTCCTCATTTGCCTTTCCTTTTGAANAACCTTTATTTCACACCTGTGCACATATNGTAGCTCCCGCAAGGNNTCTATGTTTCTACTCCACCCCATATGTATGTCTAGAGTGTCATTAGTGCGTCGATCGNCTTGNCTANCGCCTCGGTGGCGACGAAAAANAAATCATATACAACTTTCAGCAACGTATCTCTTGTCTCTCGCATCGATGAAGAACGCAGCGAATTGCGATACGTAATGTGAATTGCAGATTTTCAGTGAATCATCGAATCTTTGAACGCACCTTGCGCTCCTTGGTATTCCGAGGAGCATGCCTGTTTGAGTGTCATTGAATTCTCNACCCATCCCTTTGATTGATNNCGAGGGGNNTGTCTTTGNATTTTTNNNAGCTGCCCGGCTGANCCNTTNACTAAAAGGACGGNNCNGCTNCTNNCTNTAAAAAANNCANNTAGCGAAAANNGNGGNNNNNNCCCNNNGNNNNGNNNNCNNNCNNTTTTNGNNNNNNNTNAANTGNANTCNNTCNGNNNNNNNNNNNNNGCCAAAANNNNNATTANNNTCNNNNNNTNTNNNNTNTCNNANAANNNCANNNNGGGNTNNNNNNNNNGGNNNNNNNNTNNNNNTNNNNNNNNNNACNNNNNCNTNNNNANNCNNNTTTNNNGN
ghe_m5x_5_E_ITSIF_D07.ab1,0.8%,GNNNNNNNNNNNNNNNNNNNNNNNNCNGNCANNNNNNCATTANNCGNNNNNTGACAACATCCNCANAACCCCNTGNNGAACTATACCTNNCGTNGCTTCGGCGGCCACGCCCCNGNGCCCTCGTGNCCGGNACCAGGCGCCCGCCGGAGGCCCCAAAAACCATGTTTTCCACAGTGGCATTATCTGAGTGGNCAAGCAAATANNCAAAACTTTCAACAACGGATCTCTTGTTCTGCATCGATGAAGAACGCAGCGAAATGCGATAATAATGTGATTGCAGAATTCAGTGAATCATCGAATCTTTGAACGCACATTGCGCCCGCCAGCATTCTGCGGCTGCTGTCGACGCATTTCAACCCTCGCGCNAATGCGNCANGGGTNNGACGGACCGAANANNTNNCGNGTCTCCGGNNCCTAAAATGNGNCGTGAGCCCNGGATACCCTCGAGGACCGGNNCCGTACCNNNNTATTGCTGACGAGATCGTGATAACTAANTNNNNNGGGGGTTCTCTGGGATCCACAACGTGGCGATGGGGCCGTTAGTCTATAAGTAGGAATTGTGTGCAATTATTAAACTNCCATAGAGATCCNTGATAGTTCTANNGA
ghe_m5x_5_F_ITSIF_B04.ab1,0.2%,NNNNNNNNNANNNGANANGCGNNAGGTACTTANCGANNGTATCNGGAGGGGAAGCGAGCGAGCGATGTTGGTAGATCGTAGNGTTGTCGCTGGCCTTTGACAACCGAAGGCATGTGCACGTTCCGANCTCTCCTTTAGACCTCATTGGCCTTTCCTTTTGNNAACCTTTATTTCACACCTGTGCACCTATTGNNNTCCCGCAAGGCCTTATGTTTCTACTCTACCCCAAATGTGTGTATAGCATGTCATTAATGCGTCGATCGGTTTGGATAACGCCTCGNTGGCGAAGAGAAAGAAATCATATACAACTTTCAGCAAGGATCTCTTGGCTCTCGCTTCGATGAAGAACGCAGCGAATTGCGATACGTAATGTGTATTGCAGGTNTTCAGTGAATCATCGAATCTNTGCACGCACCGTGCGCTCCTTGATACNCCGAGNANCATGCCTGTTTGAGTGGTTTGAATTCTAAACCATCCTCAGATTGATCTCGAGAGTGTGNGTGTATTATGAGATCTGNCGNCTGACCTTTACTAAAGCACGGTNNNCTCATCAAAAAGCATAGCGAAANGGGACGCCCNGCATGCACGGCCTNNGNCGNGAANNGNGCGTCGTNGGTGGAGTGCAAAGGCANTAGATCGACCTTTGCTTCTAAAGACAATGGNAGTGGNGACTATTGCTTCGGCGGACGATCTCTACTTTGANGACTTGACNCGAATCAAGNAGNNTACCGNTGACTAGCNNNNANNNGNGNGAGNNNNANNNNNNANGGGGNGNNNNNNNCCCCCCNNNNNNNNAACCCCNNNTCTTGANNGGTNGACTCCGAATCNNNGANNANNNNNNCNNNNNNNNCTNNANNCNTATCTNNNNNGNGGNNNNAAA
ghe_m5x_5_G_ITSIF_C04.ab1,1.8%,NNNNNNNNNNNNGNNNNANNCGTNANGTAATTACCGAGTGAGNNCCCTCTGGTCCAACCTCCCACCCGTGTTTATCGTACCTTGTTGCTTCGGCGGGCCCGCCTCACGGCCGCCGNGGGGNATCCGCGCCCGGGCCCGCGCCCGCCGAAAACACCTGTGAGCGCTGTCTGAAGTTGTTGCTGCTGAACTAACTAAATAAATTAAAAATTTCTACAAAGGATCTCTTGGTTCCGGCATCGATGGATAAAGCACGCAAAGGGGATAAATAATGTGTATTGCAGAATTCAGTGAATCAATCATTCTTTGTACGCACATTGCTTCCTCCGGCTTCCGTCGGGATGCCTGCCCGACCGANTTGCTGCCCTCCATCACGCTTGTGTGTTGGNNCCCCGCCCCCCCCCCGGGGGGGGGGANGGGACAGAAAGGGGGGGNACNGNCCGCGTCCGGCGCGCGTATGGATGTCTGTNNCCCGCTCNNGNNGCACNNCNGCCGCCGCCGCCCCCCCCATTNATTTTTTTCGTTGGCCCCCGTACAAAANNNACCCCTCNNNNTNNNANTAANNAGGGGGGGGAAAACCCCNTGTTTGCGGTTTTTGAGGNNATATGNCCGCGGGGTGGNGNGCAAANNNTTANATCGNCCTTTGNTTCAAANANAANGNAGNGGNNATTTGNTTCNGCGGACGANCNTCTACTTTTNGTNACTTGNCNTCNAATCGGAANGANNACCCGCTGAANTNANNTNATCATNNCGGGGNAAN
ghe_m5x_5_H_ITSIF_D04.ab1,39.4%,NNNNNNNNNNANNNNNACTGCGNNNGTCATTATACATACATGGGNTACCAATGTGTTCCCTGACCCATACCACCTCTGTGTACCGCTCCATGTTGCTTTCCCAGGTGCTCAATCCTTGTAGTAGCTCATCGCAAATGACATGTCGCTGCTGCCCGCGAGTGGCTACTGGGAAAGGTCTTATTTAACGCCTTCAATTGAATTTGCCGTCTGAGTTGGCCTGGTGCCATGAACTTTGAACAAGTTAAAAAACTTTCAACAACGGATCTCTTGGCTCTCGCATCGATGAAGAACGCAGCGAAATGCGATAAGTAATGTGAATTGCAGAATTCAGTGAATCATCGAATCTTTGAACGCACATTGCGCCCCTTGGTATTCCTTGGGGCATGCCTGTTCGAGCGTCACTACAAAACCCACTCATAAATGTTATGGTACTGATGGAAGTGAACTGTCGCCACTCATGCGCTCAGATCACTCTGTTGAAATGCATAGGCAGGATAATCAACCTCCGCAACGGACTTAGTAACAGTTTTAAAGACATAAACCAGTCACTTGTTAGGTTCCAGCCTGGCCATCATGGACCTCCATCCAAGTTGAACTCTGGGTTGACCTCGGATCAGGTAGGGATACCCGCTGAACTAAGCNNNNNNANNNGNNGNNGNNNANNNNNNGGCCTCCCCGNGTGAATTAAGACATATNCAATAAGCGCGCGGAGNNNANNTTNNNTTTTTNNTTNNNNNNN
ghe_m5x_6_A_ITSIF_E04.ab1,29.1%,NNNNNNNNNNNNGAGNATNNGTNATNTAGANAANGAAGCGNTATTCATTTGATATGCATNTCAACCCCCTTGTCTANCCACCTGTTGCTTCCGCCTGTTTGGGCTGTACAGTTAGCTGAATAGCCTGGCCGGAAGGTTAACATAAAATATTGTATTTAGAGTCTTCTGAATTTTTAAAATAGAAGTTAAAACTTTCAACAACGGATCTCTTGGTTCTCGCATCGATGAAGAACGCAGCGAAATGCGATAAGTAGTGTGAATTGCAGAATTCAGTGAATCATCGAATCTTTGAACGCACATTGCGCCTTCCGGTATTCCGGGAGGCATGCCTGTCCGAGCGTCATCAAAAACCACTCAAGTAGTTTTGCTTGGTCATGAAAGAAGAGTTTGCTTGCAAATTCCCTTTCGAAATTCAATGGCGGAGAGTCTCATGATTCCGGCGTAGTAATAACTTATTCGCTTGGTCATTGTAATAATCCTGCCTCAAACCCCCAATTCTAGTGTTTGACCTCGGATCAGGTAGGGATACCCGCTGAACTTAAGCATATNANNAGGGGGGNNAANNGGGGCTTTNCGCCCCTCTAATNCNTCGATNTTTTANTGNAAGAGANAAGGTCTTCTTTATTGACTTTGACCTCAATNNGGNGGCTACCGCTGAACTAAGCATANAATAAGCGAGGNNN
ghe_m5x_6_B_ITSIF_F04.ab1,0.7%,NNNNNNNNNAGNNGNANNNGTNNNTCTTAACGATCTCCGNNACATGNNNNGAGCGGCCTACGTGACGTGTTCAAAGCACACGCCCCCTGCGTACCTCTCCATGTGGCTTCCTCAGTGAATAGTATGCCGGCGCCCGGATCAATCCTCCCACATGTAAAGTCTGNGNNTGTTATCTGTAGGAGGACAACTCCAATCTCGGGATATCCAGCGCAAGACATGGTGAGTTTGGCAGCGCGCTTCAGAATTAGGGAATGAAACATTTCAACAACGGATCTCTTGNTCTCGCATCGATTGCGAACTCACGGGATTGCGATAGGTATGGCGGNTTGCAGGATTCCGTGAATCACTCAATCAGCTAACCCTCATTGCGCCCTTTGNGATTGCTTGCNNCATGCCTGTTCGANCGTCACTCNNATCGCGTCACTTTTACAGNGNAGTAGNNGNNGTGGACTTGNNGNTNAGATCTTCTGNTGCCACCCACTCCANAGAATGGNCTNGGGNCGANCGNTTCAGGAGTGCNTNAGTANNNCNNNNGGGCAGGANTGAGCTACGTCTCGTCGANCCTAGTACCCCCATCCANACGCTATTACNNGTATGTGGTTGACCTCGNATCAGNNAGGGACACCCGCTGAACTGAAGCATNTNNNNAGGGGGGNNNNNNNNNNTCATNNNNNGGGNGNNNNNTGCTNCCGNNGGGCGGTGGNNNNNNNNNNAGNNGNNNG
ghe_m5x_6_D_ITSIF_G04.ab1,38.3%,NNNNNNNNNNCNGNNNNTGACTGCGGNGGTCNTTACGAATATAAATCGGAAAGCTGTCGCTGGCCTTCGGGCATGTGCACGCCGACCGTGTTTCATAAATTTCTCACCTGTGAACCTAATGTAGGATGCCTATTCCTTTGGGATAGGGGACCTATGTCTTCATATACATCTCCGTGTAGAAAGTCTTAGAATGTTTACTATCATAGAGTCGCGACTTCTAGGAGACGCGAATCTGTGAGATAAAAGTTATTACAACTTTCAGCAATGGATCTCTTGGCTCTCGCATCGATGAAGAACGCAGCGAAAAGCGATATGTAATGTGAATTGCAGATCTACAGTGAATCATCGAATCTTTGAACGCACCTTGCGCTCCTCGGTGTTCCGAGGAGCATGCCTGTTTGAGTGTCAGTAAATTCTCAACCCCTCTTGATTGAGGGAGTTTGGATAGTGGGGGTTTGCCGGAGACTTTTTGACTCGGGCTCTCCTGAAATGCATCGGCTTGCGGTCGACTTTCGACTATGCGCGACAAGGCTTTCGGCGTGATAATGATCGCCGTTCGCTGAAGCGCATGAATGAAGGTTACGCGCCTCTAATACGTCGACTCTTATTATCTCTTAGGAGAGAAAAGGTCTTCCTTTATTGACTTTTGACCTCAAATCAGGTAGGACTACCCGCTGAACTTANCNNNNNNNNNGNNNNNNNNNNNNNNTTNNTTNTTNNNNTGNNNNNATNNNANNNNNNNNTGNN
ghe_m5x_6_E_ITSIF_H04.ab1,56.4%,NNNNNNNNNGNANNNNNCTGCGNNNGTCATTAAAGTAATATATATTCATTTGAATATACATTTCAAACCCCCTTGTCTAAACCACCTGTTGCTTCCGGCTGTTTGGGCTGTACAGTTAGCTGAATAGCCTGGCCGGAAGGTTAACATAAAATATTGTATTTAGAGTCTTCTGAATTTTTAAAATAAAAGTTAAAACTTTCAACAACGGATCTCTTGGTTCTCGCATCGATGAAGAACGCAGCGAAATGCGATAAGTAGTGTGAATTGCAGAATTCAGTGAATCATCGAATCTTTGAACGCACATTGCGCCTTCCGGTATTCCGGGAGGCATGCCTGTCCGAGCGTCATCAAAAACCACTCAAGTAGTTTTGCTTGGTCATGAAAGAAGAGTTTGCTTGCAAATTCCCTTTCGAAATTCAATGGCGGAGAGTCTCATGATTCCGGCGTAGTAATAACTTATTCGCTTGGTCATTGTAATAATCCTGCCTCAAACCCCCAATTCTAGTGTTTGACCTCGGATCAGGTAGGGATACCCGCTGAACTTANNNNNANNNGGGGGGGANNNAA
ghe_m5x_6_F_ITSIF_A05.ab1,39.6%,NNNNNNNNNNNNNNNNTGCGNNNGNNNTTNNAGTATATATATTCATTTGAATATACATTTCAAACCCCCTTGTCTAAACCACCTGTTGCTTCCGGCTGTTTGGGCTGTACAGTTAGCTGAATAGCCTGGCCGGAAGGTTAACATAAAATATTGTATTTAGAGTCTTCTGAATTTTTAAAATAGAAGTTAAAACTTTCAACAACGGATCTCTTGGTTCTCGCATCGATGAAGAACGCAGCGAAATGCGATAAGTAGTGTGAATTGCAGAATTCAGTGAATCATCGAATCTTTGAACGCACATTGCGCCTTCCGGTATTCCGGGAGGCATGCCTGTCCGAGCGTCATCAAAAACCACTCAAGTAGTTTTGCTTGGTCATGAAAGAAGAGTTTGCTTGCAAATTCCCTTTCGAAATTCAATGGCGGAGAGTCTCATGATTCCGGCGTAGTAATAACTTATTCGCTTGGTCATTGTAATAATCCTGCCTCAACCCCCAATTCTAGTGNTGACCTCGGATCAGGTAGGGATACCGCTGNCTNANCANTNANNGGNAGAAAAGGGGTTTTCTTCCTCAAAAAATATTTGTTTTTGCCTAGCAGAANAAAGCTTCGTTCCTGATGAGTCGGGACGACCGNCAGAACGGTTTGCTCACTTAAATAAGGTGTTGTCATCTGAGG
ghe_m5x_6_G_ITSIF_B05.ab1,26.3%,NNNNNNNGNTNNNNNGNNCNGTNNNATGTANATTAACAGTANTATATATTCATTTGNNTATACATTTCGAACCCCCTTGTCTAAACCACCTGTTGCTTCCGGCTGTTTGGGCTGTACAGTTAGCTGNATAGCCTGGCCGGAAGGTTAACATAAAATATTGTATTTAGAGTCTTCTGAATTTTTAAAATAAAAGTTAAAACTTTCAACAACGGATCTCTTGGTTCTCGCATCGATGAAGAACGCAGCGAAATGCGATAAGTAGTGTGAATTGCAGAATTCAGTGAATCATCGAATCTTTGAACGCACATTGCGCCTTCCGGTATTCCGGGAGGCATGCCTGTCCGAGCGTCATCAAAAACCACTCAAGTAGTTTGCTTGGCATGAAAGAAGANTTGCTTGCAAATTCCCTTTCGAAATTCATGCGGAGAGCTCATGTTCCGCGTATAAAACTTATTCGTTGTCTTGAATATCCTGCCTCAACCCCCATTCTAGTGTTGACCTCGGTCAGTAGNTACCGTGNTTAGCTNANNNNNNNAAANNNTTTCAAGCCCTNAAACGCGATTTTTTCCAAAAAAAAAAGCTTTTTTTGTTTTACCCCAATCGGAGCTACCGTGATTAATATTAAAAACGGAAATNCANNNNN
ghe_m5x_6_H_ITSIF_C05.ab1,20.9%,NNNNNNNNNNGNNNNCNNCGNNNGTNATTAANGTATATNTATTCATTTGATATACNTTTCAAACCCCCTTGTCTAAACCACCTGTTGCTTCCGGCTGTTTGGGCTGNACAGTTAGCTGAATAGCCTGGCCGGAAGGTTAACATAAAATATTGTATTTAGAGTCTTCTGAATTTTTAAAATAAAAGTTAAAACTTTCAACAACGGATCTCTTGGTTCTCGCATCGATGAAGAACGCAGCGAAATGCGATAAGTAGTGTGAATTGCAGAATTCAGTGAATCATCGAATCTTTGAACGCACATTGCGCCTTCCGGTATTCCGGGAGGCATGCCTGTCCGAGCGTCATCAAAAACCACTCAAGTAGTTTTGCTTGGTCATGAAAGAAGAGTTTGCTTGCAAATTCCCTTTCGAAATTCAATGGCGGAGAGTCTCATGATTCCGGCGTAGTAATAACTTATTCGCTTGNTCATTGTAATAATCCTGCCTCAAACCCCCAATTCTAGTGTTTGACCTCGGATCAGNTAGGGATACCCGCTGAACTTAAGCATATCNANNNGGGGAGNAATNNTGAATNTANNCGCGNCAAAAAATGGGTTTGNTAACTCTNAGAACGNCAGAGCTTCCTTATTGATTTCGTCCTCGACAACCAGGATACCCGCTGCTCTACNTATNATANANCGNAGGCNNNCTTGNNTGGGTTCGCGNCCCCGGANTCCTTTAAAATCAGGGCGGTGCGTTGGTCNANCGTANAATTCTCNCGCTATAGGTCAGGGGCCACCTGCCATACCCCCNTTCTTTACGNTGNCTCGGTATCAGGNAGGTATACCCGCTTGAANTTAANCATNTNANANNGNGNNAACGCNNN
ghe_m5x_7_A_ITSIF_E07.ab1,41.0%,NNNNNNNNNNNNCGNGNNNNNNNNNANNANATNAANTANACATGNTANACNNAGTGCTCNCTGACCCAAACCCTCTCTGTGTACCAATCCATGTTGCTTTCCCAGGCATTCTGCCAAGGTGTCTGATAGGCTCCGCTGCTGGGCGTAAGTCCCACCTGGGAAAGGTCACAATCAAAATCTATAATTGAATTGNCTGTCTGAGTTGGCCAAGTGCCAAGTTTATTGAAAAAGTTAAAACTTTCAACAACGGATCTCTTGGCTCTCGCATCGATGAAGAACGCAGCGAAATGCGATAAGTAATGTGAATTGCAGAATTCAGTGAATCATCGAATCTTTGAACGCACATTGCGCCCCTTGGTATTCCTTGGGGCATGCCTGTTCGAGCGTCACTGCAAACCTGCTCATATATGTTATGGTGTTGATGGAAGTGAACAGTGGCTCCTATTGTGCCCAGATCACCTCGTCGAAATGAATAGGCAGGACAATCAACCTCTGCAACTGACTTAGTAACTGTTGACAAGACGTAAACCAGTCGCTTGCTAGGTTCTGGCCTGNNCTCCATGGACCTCCATCCAAGACAAATTCTGNTTGACCTCGGATCAGGTAGGGATACCCGCTGAACTTAAGCATATCANNANNNGGGGAGANAACGCACAGNAACGGTTNGTTTTTTGCTTGCAAAAACAANNNAACTGTNCTNTGTCNANNNANANNNNNAAANN
ghe_m5x_7_B_ITSIF_D05.ab1,35.2%,NNNNNNNNNNNNNTNNCNGNNNGNANNGTNATTAACGAATATGAAATCGTGNAAGCTGTCGCTGGCCTTCGGGCATGTGCACGCTGACCGTGTTTCATAAATTTCTCACCTGTGAACCTAATGTAGGATGCCTATTCCTTTGGGATAGGGGACCTATGTCTTCATATACATCTCCGTGTAGAAAGTCTTAGAATGTTTACTATCATAGAGTCGCGACTTCTAGGAGACGCGAATCTGTGAGATAAAAGTTATTACAACTTTCAGCAATGGATCTCTTGGCTCTCGCATCGATGAAGAACGCAGCGAAAAGCGATATGTAATGTGAATTGCAGATCTACAGTGAATCATCGAATCTTTGAACGCACCTTGCGCTCCTCGGTGTTCCGAGGAGCATGCCTGTTTGAGTGTCAGTAAATTCTCAACCCCTCTTGATTGAGGGAGTTTGGATAGTGGGGGTTTGCCGGAGACTTTTTGACTCGGGCTCTCCTGAAATGCATCGGCTTGCGGTCGACTTTCGACTATGCGCGACAAGGCTTTCGGCGTGATAATGATCGCCGTTCGCTGAAGCTCATGAATGAAGGTTCGCGCCTCTAATACGTCGACTCTTATTATCTCTTAGGAGAGAAAGTCTTCTTATNGATTTTGACCTCAATCAGTAGGATACCGTGACTANNTTANN
ghe_m5x_7_C_ITSIF_E05.ab1,36.2%,NNNNNNNNNNNNNNNNNNNNNNGNANGNTCATTACGAATATAAATCGGAAAGCTGTCGCTGGCCTTCGGGCATGTGCACGCCGACCGTGTTTCATAAATTTCTCACCTGTGAACCTAATGTAGGATGCCTATTCCTTCGGGATAGGGGACCTATGTCTTCATATACATCTCCGTGTAGAAAGTCTTAGAATGTTTACTATCATAGAGTCGCGACTTCTAGGAGACGCGAATCTGTGAGATAAAAGTTATTACAACTTTCAGCAATGGATCTCTTGGCTCTCGCATCGATGAAGAACGCAGCGAAAAGCGATATGTAATGTGAATTGCAGATCTACAGTGAATCATCGAATCTTTGAACGCACCTTGCGCTCCTCGGTGTTCCGAGGAGCATGCCTGTTTGAGTGTCAGTAAATTCTCAACCCCTCTTGATTGAGGGAGTTTGGATAGTGNNGTTTGCCGGAGACTTTTTGACTCGGGCTCTCCTGAAATGCATCGGCTTGCGGTCGACTTTCGACTATGCGCGACAAGGCTTTCGGCGTGATATGATCGCCGTCGCTGAAGNGCATGAATGAGGTACGCGCCTCTATACGTCGACTCNTATTATCTCTTAGGAGAGAAAGTCTTCTTATNACTTTGACCTCAATCAGTAGACTACCGNTGACTANNTANNNNGGGGGAAN
ghe_m5x_7_D_ITSIF_F05.ab1,49.1%,NNNNNNNNNNNNNNNNNNNCNGCGGNAGGTCATTAACGAATATAAATCGGAAAGCTGTCGCTGGCCTTCGGGCATGTGCACGCCGACCGTGTTTCATAAATTTCTCACCTGTGAACCTAATGTAGGATGCCTATTCCTTTGGGATAGGGGACCTATGTCTTCATATACATCTCCGTGTAGAAAGTCTTAGAATGTTTACTATCATAGAGTCGCGACTTCTAGGAGACGCGAATCTGTGAGATAAAAGTTATTACAACTTTCAGCAATGGATCTCTTGGCTCTCGCATCGATGAAGAACGCAGCGAAAAGCGATATGTAATGTGAATTGCAGATCTACAGTGAATCATCGAATCTTTGAACGCACCTTGCGCTCCTCGGTGTTCCGAGGAGCATGCCTGTTTGAGTGTCAGTAAATTCTCAACCCCTCTTGATTGAGGGAGTTTGGATAGTGGGGGTTTGCCGGAGACTTTTTGACTCGGGCTCTCCTGAAATGCATCGGCTTGCGGTCGACTTTCGACTATGCGCGACAAGGCTTTCGGCGTGATAATGATCGCCGTTCGCTGAAGCGCATGAATGAAGGTTTCGCGCCTCTAATACGTCGACTCTTATTATCTCTTAGGAGAGAAAAGGTCTTCTTTATTGACTTTTGACCTCAAATCAGGTAGGACTACCCGCTGAACTTAAGCNNNNNN
ghe_m5x_7_F_ITSIF_G05.ab1,0.1%,NNNNNNNNGNNNGNNNNAANGCGNNANGTCTTACAGANTGGTAACTNCTCACACCATTGCGANCAGTACCTACCCAACCGTTGCTTCGGCGGCGCGNNNNNNGCNGAGGCACCGCCGGGNNTGCGAAAATATGTCTTTTCTGGCCTCTCTGAGTACTTAGTCAATAAGTCACAACTTTCAACAACGGATCCTTTGGTTCTGATTTCTTTCAATAACCGCAACCAATATGCGATAACTAATGTGAATTGCAGAATGCAGTGAATCATCGAATTCTTTGAACGCACATTGCGCCCGCCAGTATTCTGGGGGCTTGCCTGTTCGAGCGTATTTTCAACCATCAAGCCCCCGGCCCTGGCGTTGGGGCCCTGCGGCTGCCGCAGGCCCCTAAAAGCGGGGGGGGCTCGCTGTCACACCGGGGGCAGTAGGGATTTTCGTTCCGGCGTCGGCGGCCGGGACCGGTGGTGAATCCCCCCCATTTTNCAAGGTTGACCTCGGGTCTGGTAGGAATACCCGCTGAACTTAAACATATCANAANGGGGATAAATAAAACTTTGCCTTCTGTATGAATTTAAGCAATCNNCGAAGCCACGAANNTNGNTTTTAGATCCGGGGGAAAATTACCCCCCCCCAAAAAACCCGGAAATTCCCCCCCTGGAATNNTTACCGCTGACCTTANACTATCCCTANTCGGCGAANNNGGNNNGGGTTGNCTTNGTTTTGNNN
ghe_m5x_7_G_ITSIF_H05.ab1,0.3%,NNNNNNNNNNNNGANNNATNNNTNANNTAAAGAANTAACGGATATCATTAGGCGAGNGACTCATATGNNTANNNNGNGTACCTTTTCCTGTTGCTTCCGCGANCATCGAGGTTAACGCCTCGGACGGCGGCTGCGATGCCACTTCCGGCAGNCGCCTCCGGTGGAGTGCTTGCGGGAGGTCTAAACGAAATCNAATTGTAATACATAGCGTCTGTCTGACTGTATATAATAATACAAGTTAAAACTTTCAACAACGGATCTCTTGGTTCTCGCATCGATGTAGAACGCAGCGAAATGCGTTAAGTANTGTGAATTGCAGAATTCCGTGAATCATCGAATCTTTGAACGCACATTGCGCCTCCTGGTACTCCGGNAGGCATGCCTGTCCGAGCGTCATTATAACCCTCTCAAGCGTCATTGCTTGATCTTGNGGCAGCTCCGNCCACCGCGGCGGACCGCTCCGAATTCCAATGNCAGACGATGCTGTCAAACGTCAGCGTAGNGCTGCATCTTTTATCAAAGCATCGCGAANCGCCGTCACCCAGTCCCGNCCANNNGAACCCTTCAATTCTANTGNTNGACCTCGGATNNGGNTAGGAATACCCGCTGAACTTAAGCATATCANNN
ghe_m5x_7_H_ITSIF_A06.ab1,9.5%,NNNNNNNNNNNNNNGNNGNATNNGNNANNTAATTAACATGNCGNATGNCATCCGNCGCGCGACCTCCATANCCCACCTCTGTGTACCTTTTCCTGTTGCTTCCGCGAGCNTCGAGGTTAACGCCTCGGACGCCGGCTGCGATGCCACTTCCGGCAGTCGCCTCCGTGGAGTGCTTGCGGGAGGTCTAAACGAAATCCAATTGTAATACATAGCGTCTGTCTGACTGTATATAATAATAAAAGTTAAAACTTTCAACAACGGATCTCTTGGTTCTCGCATCGATGAAGAACGCAGCGAAATGCGATAAGTAGTGTGAATTGCAGAATTCCGTGAATCATCGAATCTTTGAACGCACATTGCGCCTCCTGGTACTCCGNNGGCATGCCTGTCCGAGCGTCATTATAACCCTCTCAAGCGTCATTGCTTGGTCTTGGGCAGGTCCGTCCACCGCGGCGGACCGCTCCGAATTCCAATGGCAGACGATGGTGTCAAACGTCAGCGTAGTGAGCATTTTTATCAAAGCATCGCGAAGCGTCGTCACCCGTCCCGCCCAATGGANCCCTTCAATTCTAANTGTTGACCTCGGNTCAGGTANGGATACCCGCTGAACTTAAGCNTNTCANN
ghe_m5x_8_D_ITSIF_B06.ab1,36.9%,NNNNNNNNNNNNNCGNNGNNTNNGTNANNTANTGAAGAAGCGTGATATTCATTTCGNTATGCATTTCAACCCCCTTGTNTANCCACCTGTTGCTTCCGGCTGTTTGGGCTGTACAGTTAGCTGAATAGCCTGGCCGGAAGGTTAACATAAAATATTGTATTTAGAGTCTTCTGAATTTTTAAAATAAAAGTTAAAACTTTCAACAACGGATCTCTTGGTTCTCGCATCGATGAAGAACGCAGCGAAATGCGATAAGTAGTGTGAATTGCAGAATTCAGTGAATCATCGAATCTTTGAACGCACATTGCGCCTTCCGGTATTCCGGGAGGCATGCCTGTCCGAGCGTCATCAAAAACCACTCAAGTAGTTTTGCTTGGTCATGAAAGAAGAGTTTGCTTGCAAATTCCCTTTCGAAATTCAATGGCGGAGAGTCTCATGATTCCGGCGTAGTAATAACTTATTCGCTTGGTCATTGTAATAATCCTGCCTCAAACCCCCAATTCTAGTGTTTGACCTCGGATCAGGTAGGGGATACCCGCTGAACTTAAGCATATCTANGGGGGGAGAAAANTTGGGGGGAAGAACCCCCAACCGGTTGTCTTTACCCGTACACAAGTGACGGGGAAAGCGGTCCCAAAAAATGCGTTGGGCGTTCCGNCGCGGAGCGGGTTTGCTGAATTTAAATTTAG
ghe_m5x_8_E_ITSIF_C06.ab1,10.8%,GNNNNNNNNNNNNNNNNNNNNNNNCATNNNNATTANNNNTNNNATATATTCATTTNNNNATACATTTCAAACCCCCTTGTCTAAACCACCTNTTGCTTCCGGCTGTTTGGGCTGTACAGTTAGCTGAATAGCCTGGCCGGAAGGTTAACATAAAATATTGTATTTAGAGTCTTCTGAATTTTTAAAATAAAAGTTAAAACTTTCAACAACGGATCTCTTGGTTCTCGCATCGATGAAGAACGCAGCGAAATGCGATAAGTAGTGTGAATTGCAGATTCAGTGATCATCGATCTTTGAACGCACTTGCGCCTTCCGGATTCCGGGAGCTGCCTGCCGACGCTCAAAACCACCAATAGTTTGTTGGCTGAAAAAGTTGTTGAATTCCCTTCGAATCATGCGAAGCCTGTTCCGCGAGATACTATCGTTGTCTTGATATCTGCCAACCCCATTTAGGTTGCCCGTCGGAGAACCGTGACTACTTTATNNGAAGNCCTNAACCCAAATTGTCTAACCGGACAAAATTCTTTCATTGCCCGTCCGGGGACCTGCAGTTTAAANCAGAGGTGGTGGGNCGCCGGCTAAAGGGGNCGTGCCACGAATTCCTAAGCGGGCCTCAACCNTTTAGTGCCGTCGAGTCCGGTACTCANNNNN
ghe_m5x_8_F_ITSIF_D06.ab1,0.0%,GNNNNNNNNNNNNNNNNNNNNNNAGTGTANNTANNGNANCGTCATATCACTAAGAGANNCGCCTNGTTNTGTNANGNNANGCCNACNTCNTGTATACATCCAGAAGCCNGTGTGCACTGTATTGNAGAAAGGCTTCAGAGANATCTATAGTGGCCTCTCTTGNGGTCTTTCTTCTCTACTAACTCGAACGGTTAGTATGAACGTGAAACTGGTTGGGCCGTCTCTGNCAAGAAACTATACACAACTTTCGACAACGGATCTCTTGATCTCCCATCGATGAAGACGCAGCGAACGCGTAGGTATGCGCATGGCAGAACTCCGGAATCATCGAATCTTTGACGCACCGGCGCTCTATGTCTTCCGTAGAGCATGCCGTTGATGCCATGAAACTCCCCCCCAAGCGGTTTGAATGAACGGTTGGGGTGGNATGCTGCTGCCTCTGCTGCGCACCTAGAAGGTCGCCGAAGCTGACGCTGNAAATTGGTCCGCTCTCTGTTGAGTACCGGCAACGGGGCTTCCCTGCTGCTGTAGTATTGTTGGGACAAGAGAGTTGTGGCTCTGACTCAGTACTCAGCAACCNTTCTTNGNNGAAANNNGGTCCCNTTATTANTTAANNGNATTCTAGGGTGATAGGGGTCCCGTGATAACTCATATCGGGACTCCCTGTTCCANGTGCGNNCGCTTCCACAGNGTGTNCANCCTTGNACNTCAACCCGCGGGACGTTANNNAANTTNTTGATGNCNNCNAATNNNATNCCG
ghe_m5x_8_G_ITSIF_F07.ab1,0.3%,NNNNNNNNNNNNNNNNNNNNNNNNNNATNTANNTTANNGTAAGCAGTGGNANAATATATACNNNCGCNGNNNNGTGTCTCTGTGCGCCTACACCCCACTATACATCCACAAACCCGTGTGCACTGTCTTGTCCCANNATTTCAGGCTAGTTTTTTGTGGCCTCTCTTGGGGTCTTTCTTCGCTACAAACTCGACTGTTTAATATGAGCGAGCATCAAGGTTGTACCGTCACTGTCCAACAAACTATACACAACTTTCGACAACGGATCTCTTGATTCTCCCATCGATGTTCACCCTTCCGAAACGCGTTAGGTATTGTGGATTGCAGAATTCCGTGAATCATCGAATCTTTGAACGCACCTTGCGCTCTATGTCAATCCGCACAGCATGCCTGTTTGAGTGCCATGAAATCTCCCACCCCAAGCGTTCTTAAAACATCGACTCGNGAATGGCTTTGNTGNTGCCTCTGCCTGCGCTATTAGCACAGATCGCCCGACTGCTGATCGCTGTACATTTAATCCGCCTCTCTGCTGGAGTTTAGACATGAGAGTTTTCGCTGGATGTATGAACTATTTGCTATGTCACTAAATAGAATGTTGTTAATTACTTAGCTCGNNTTGCTCTGGCGCTCCATTTCTCTCTGATCAATAGGAGNCCCCGTGACTANAACANNANNTGNAGANNNNNNNCGGGGNAGANGTTTTTTTAAGGGAAAANCCNGTAAGGCCGGGGCCCCNGCTTACNNNTTCTTTAGNNCCCCNTCGANNTACCGTGATTAN
ghe_m5x_8_H_ITSIF_E06.ab1,6.9%,NNNNNNGNNNNNNNNNNNGCAGANATANATNTTCCGCAGTGTACACTTGTAGAAGCCTTTGCAGCCACGCAAGTGTAGAACTAGGCGACTTTACATAATTCTAGGATCGCTATGCAAGTCGGTCCACGCGTGTGATGNNGCGACACTTTCGAATTGACGGGNTACCCTAAAGCCTGTCGCACCAACTCTGTGCGGNAAACCGCTGGAGGGCCCGTGCTAACTACACGGNGTGNTAACAGACGACATGNATACCTCCACGCCTTTGGTGTGGATACCATGGGCAATCCGCAGCGAAGCCTCTAAGTCCGGCCGCCGGATATGAGGAACGTTCACAGACTAAGTGNAAGTGCGTGGAGCGTTCGTCGCTTTGCTTAAGATATAGTCGGNCCCTTGGNAAACTAAGGGGTGAGTACACTGCTTGAAATTTAAACTTGAACGTGTCTCGGTCTCGGACAGCGCTTATGTTAAAATTTCGAGACTGTCGACTGCCTCGCGCGGTTCGACAGCTCTTAAAACGNTCCGTAGGTGAACCTGCGGAAGGATCATTACAGAAAGTAAACGCGGATCAAACCGCGAACTTCTAAACCTTTGACGATTGACTCATGTTGCTCGNCGGGTTCTCCCGCCAGAGNTAGATCAAAACTCCTGTTTTAACGGTGTTGTCTGAGCTACAAGCAACGAATCAAAACTTTCAACAACGGATCTCTTGNTCTGNATCGATGAAGAACGCAGCGAAATGCGATAAGTAGTGTGATTGCAGATTCAGTGATCATCGAATCTTTGAACGCACATTGCGCCCCTTGTATCCCGAGGGCATGCTGTTCGAGCGTCATTTCACNCTCAAGCCTGNCTTGTGTGNCGANGNNCCCCTTANNNACGCGCCTCGAAACGCTCGNGCGTGCACCGNTTTAAGCGTAGCAGAATCTTTCGCTTTGAAGTCGGGCCCGTCTGCGAAGACTACTCGTAAGTNACTCGNTCAGCAGGNNACCCGCTGAACTANNNNNNN
ghe_m5x_9_A_ITSIF_F06.ab1,47.4%,NNNNNNNNNGNNNANNNATNNGTNANGTAATNNACTAATCGGCATANACTAANGCGGNGCCTTGTCCNNATCCCTCTCTGCGTACCAATCTATGTTGCTTTCCTAGGTGGTTGGTTTCAGCTGCCGTCCAACATTGCCTGATAGCTCAGTCAGCCCGAGTGGTTAACTCGGAGTTTGATCTTTTTTACTGATGGGTTAAGCTTTAATCGGTCAGCGAGCTTAATTTATGTCCATCAGGATCAGCTATGCAGGCCCCTGGGAAAGGGTCCATCCCAAATGAATATGCCAATCAGCTGTCTGAGTTGGCCTTGTGCCTTATTCTTTGAACAAGTTAAAACTTTCAACAACGGATCTCTTGGCTCTCGCATCGATGAAGAACGCAGCGAAATGCGATAAGTAATGTGAATTGCAGAATTCAGTGAATCATCGAATCTTTGAACGCACATTGCGCCCCTTGGTATTCCTTGGGGCATGCCTGTTCGAGCGTCACTATAAACCCGCTCATAAATGTTATGGTATTGATGGAAGTGAACTGTTGCAACTAAAGTGTGTGGATCACTCCATCGAAATACATAGGCAGGACAACAAACCTCTGTAGCTGACTTAGTAACTGTTTTCAAAGACACAAACCAGTCACTTGCTAGGTTCTAGCCTGGCCTCCTTAGACCTCCATTCAAGATAAAATACTGGGTTGACCTCGGATCAGGTAGGGATACCCGCTGAACTTAAGCATNNNN
ghe_m5x_9_B_ITSIF_G06.ab1,47.0%,NNNNNNNNNNNANANNNNGNNATNTNNNNANGTANATTACANGATGTCGTGCGTATGTNCCAATGTNTGGCTCCTAAGCAAACACTTCTATGTGTACTCTCCCATGTTGCTTCCCCAGACCAGTGGCCACTGCTGCCAGTCCGGCCTCTTAACGGGTTTCTGGTCTGAGATGTCTGGGGAAGGTCCATTATTAAACTTTTAAACCAAATGCCAGTCTGAGAAGGCCATGTGCCGTAATCTTTAAAACATATTAAAACTTTCAACAACGGATCTCTTGGCTCTCGCATCGATGAAGAACGCAGCGAAATGCGATAAGTAATGTGAATTGCAGAATTCAGTGAATCATCGAATCTTTGAACGCACATTGCGCCCTTTGGTATTCCTTAGGGCATACCTGTTCGAGCGTCACTAAAAACCATCTCATATATAATGTGGTATTGGTAGAAGTGNTAGTATTAATAGTACTTTGTCTTACTCTACTGANTGCATAGGCCAGAAAAGTGGACCATGGTAACAGACTCTCAGAGTGTTTTAAAATGCTAAATTAGTCTTACCACAGTTGATATCTGAGCTACCGGATCCCCATTTAGTCCAAACCAGAGAGTTGACCTCGGATCAGGTAGGGATACCCGCTGAACTANNNNNNNNN
ghe_m5x_9_C_ITSIF_G07.ab1,46.7%,NNNNNNNNNNNNNANNNNNNNGTNANNTACGTNNANAGTATCTCATGCGNNNTCCAAAGTNGGNCCCTGATTCAAACCCTCTCTGTGTACCAATCCATGTTGCTTTCCTAGGTGGTTGGTCCAAGCTGCCGTCCAACATTGCCTGCTAGCTAAGTCAATCTGAGTTGCTAATGTTGTAACTCAGAACCTGACACTGTCCCGATAGTGTGAGCTTTAATAAGTCAGCGAGCTTAATTGTTATCTATCAGGGTGGGCTATTCAGGTCCCTGGGAAAGGGCCCATTCAAAGTTCACGCTTCAATCAGCTGTCTGAGTTGGCCAAGTGCCATATTCTTTGAACAAGTTAAAACTTTCAACAACGGATCTCTTGGCTCTCGTATCGATGAAGAACGCAGCGAAATGCGATAAGTAATGTGAATTGCAGAATTCAGTGAATCATCGAATCTTTGAACGCACATTGCGCCCCTTGGTATTCCTTGGGGGCATGCCTGTCCGAGCGTCACTGCAAACCTGCTCATAAATACTATGGTACTGATGGAAGTGAACTCTGGCCTCTAATATGCTGGGATCACCCCGTTGAAATGCATAGGCAGGACAATCAACCTTTGCAACTGACTTAGTAACTGTTTTCAAAACAATAACCAGTCACTGCCTAGGTTCTAGCCTGGNCCTCCATGGNCCTCCATCCAAGATGAATTCTGGGTTGACCTCGGATCAGGTANNATACCCGCTGAACTTAAGCATNTNNAAGGGGGGGGGGNNNGAAANGNNNNCNNCCCCNCNCNGNTGNATTTATNANNNNNNNTCANNNNGNGNNGGGNNGNNANNNNN
ghe_m5x_9_D_ITSIF_H06.ab1,19.4%,NNNNNNNNNNNNNNNCTGCGGNNGTCATTATTGATAATCTGACATGGGTTGTAGCTGGCCCTCCGGGCATGTGCACACCCGTCACCTTTATCTTTCCACCTGTGCACACACTGTAGTCCTGGATACCCCTCGCCGGAAGGCGGACTTGCGGTTTGCCGTTTGCCCCTCAGGCTCGGCTCACTCTGAATTTCCAGGTCTATGATCTCACACACCCCCAAAGAATGTAACAGAATGTCATCACAGGGCCCTCGTGCCTATATAAATTTATACAACTTTCAGCAACGGATCTCTTGGCTCTCGCATCGATGAAGAACGCAGCGAAATGCGATAAGTAATGTGAATTGCAGAATTCAGTGAATCATCGAATCTTTGAACGCACCTTGCGCTCCTTGGTATTCCGAGGAGCATGCCTGTTTGAGTGTCATTAAATTCTCAGCCTCACCAATTTTATCATGAAGTTGTGTGTAGGCTTGGAGGTGGGGGGTTTTTGCAGGTCCACAACAGTGGTCTGCTCCTCTGAAATGTATTAGTGGGTTAGGCCCCTAATCTATTGGTGTGATAATTATCTACTCCATGGATTGGATTGGCTTTATCATAAGACCTGCTTCAAACCGTCCTTAATCTGGACAACTCTTGACATTTTTGACCTCAAATCAGGTAAGACTACCCGCTGAACTTAAGNNNNNNNNGGGGGGGGGNAAAAAA
