Name,% HQ,% LQ,% MQ,Post-Trim Length,Sequence,Sequence Length,Sequence List Name
ghe_m5x_2_D_ITSIF_F01.ab1,0.0%,84.1%,15.9%,408,CGTCCCCAGCGCTTAGCGTACCTCGCCGGTTGCTTGCGGNGCTGACGTGGCAGTTAGCTGATAGTATGNNCGCGAGCCCNNNTAATATATAGTATTTACAGTCTGCGGAATTTAAGAATAAAATGAAAATATTCAACAACGCTTCTCTTNNAGCACGCCTCGATGCGGGACGCAGCGAAATGCGAAAAGTAGTGTGAGCGCAGAGTGCAGTGAATCATCGAGTGTTTGAACGCGCATTGCGCCTTCCTGGAGCCGGTGGTATGCCGGGAGGATGTCATCCGAGCCACTCAGCTGCCCTCGCTTGCGCATGTGTAAGAGCCTCCTGCATCCTCCCGTTCGAAATTCCCGTCGGAAAGGCGGTGATTCCGCCGTAGAATAACTTATGCGCTTGCTCATTCTGATACTCCT,408,
ghe_m5x_5_B_ITSIF_G03.ab1,0.0%,79.1%,20.9%,359,CGGGAAGAAAAAATAGAATGTTTACTATCATAAACGCGCCTCTTCTATCTCACGCGAATCTGTGACACAAAAGTTATGACAACTTTCAGGAATGTTGCTCTTGNCTCTCGCATCGATGAATAACGCACGCACATTGCGCCTTCCGTGATTCTGGCAGATCTGCCTGGAAGCATCGAATCTTTGAACGCACCTTGCGCTCCTCGGNTTCCGAAAGAAGTGCCTGTTTGAAAGTCCCTATATTCTCAACCCCTCTTGATTGATCAAGTTTGCGAGTGGTAGTANGCCGTACACTTTTTGATTCGNACTCTCCTGCAACGCATCGCCTTGTCTACGGTTTTCGCTCATGCGCGACANGGCTA,359,
ghe_m5x_6_B_ITSIF_F04.ab1,0.0%,81.4%,18.6%,377,GCCTACGTGACGTGTTCAAAGCACACGCCCCCTGCGTACCTCTCCATGTGGCTTCCTCAGTGAATAGTATGCCGGCGCCCGGATCAATCCTCCCACATGTAAAGTCTGNGNNTGTTATCTGTAGGAGGACAACTCCAATCTCGGGATATCCAGCGCAAGACATGGTGAGTTTGGCAGCGCGCTTCAGAATTAGGGAATGAAACATTTCAACAACGGATCTCTTGNTCTCGCATCGATTGCGAACTCACGGGATTGCGATAGGTATGGCGGNTTGCAGGATTCCGTGAATCACTCAATCAGCTAACCCTCATTGCGCCCTTTGNGATTGCTTGCNNCATGCCTGTTCGANCGTCACTCNNATCGCGTCACTTTTACAG,377,
ghe_m2x_4_D_ITS1F_C05.ab1,0.3%,84.0%,15.7%,1115,NNNNNNNTCNTAGGTGACNNCGGANGACNTTACCGAGATATGNACTACAGNGAGGTGACCTTCGNTGTTGGCGCGCCGGCCGTGAGTCTTAGGGCGGGCTTCTGTGCTGGAACGGAGCACGTGCGCGTGGTGAACCAGTCGACCTATGTCATTATATAGATCTTCGGGTAGAAAAAAAAAACNATCTACTANTTAAAATGGCGACCTCGACTAGATGCTTATCGGAGAGAGCAAAGAAATGACGACTTTCAGCAATGTATCTCTTTTCTGTGAATTAGAGAATGATCGAAGCCATATTGGACCTGCAAGGACTATGGCAGATCTACCGGGACGCACGTAATCTCGGAACTCACCCTGCGCTCCTCTGTGTGGCGATGGGCATGGCCGCTTGAGTGTCAGCAAATTCTGAATTCTTCTGGAGCGATGGATGTTGACCCTGGGCGGTTTGCTGGCGACTGTTTGTCTCCGTCTGCNGTGCNATGCCTCNAACTCNCGATGTGTTTGATGTATGCGCGACAAGTCATACAGGCGTGACAATGATGACTNNNNNNGTNANCGNNNGAANGAANNTTCACGCCTCTAATACGTCGNGTCTTATTATCTCTTAGGAGAGAAAAANTCTTGNTTATTGACTTTTGACCTCAGATCATGTAAGNCTNACCCGCTGAACTTAAGCATATNATNNNAACCNGGNNGNNAACCGGGNGTTGCTNCTTGGTTTTGGCNATNCCNCGCNGAACGTCAGGNNNAANAGNNNNTGTCGGTGNGGACTTNGCAAGNNTACNNNNGNATCNTCCGCTATCTTTGCCAGCTGATCGCCGNNCGCCGTNGNNCNCCCCCNATTGCNTCTATCGGCTGNNCCNAGGNTCANNTTNAGCNATNCNCGCTGACTTGANNNTTNANCNNNNNCCCNCCNTNTANNGNNNNGCCGCCCCCNNCNNAAANCGCCNTNGGGNGGGNGNGNGGNNNCNGGNNTTTTNANNNGNNAGNNNNNNNTTTCCNNCTTTNNAAAAGTNNGGGGCCCCCGNNCTGGCCGNAAAGAACCTNACTNNNTAANGNNNNNNCCCTCGGNNNCAAGGNANNGNNNACCNNNCTNNNCNTNANNCNTNTCANNN,1115,
ghe_m5x_7_G_ITSIF_H05.ab1,0.3%,52.6%,47.1%,361,CCTTTTCCTGTTGCTTCCGCGANCATCGAGGTTAACGCCTCGGACGGCGGCTGCGATGCCACTTCCGGCAGNCGCCTCCGGTGGAGTGCTTGCGGGAGGTCTAAACGAAATCNAATTGTAATACATAGCGTCTGTCTGACTGTATATAATAATACAAGTTAAAACTTTCAACAACGGATCTCTTGGTTCTCGCATCGATGTAGAACGCAGCGAAATGCGTTAAGTANTGTGAATTGCAGAATTCCGTGAATCATCGAATCTTTGAACGCACATTGCGCCTCCTGGTACTCCGGNAGGCATGCCTGTCCGAGCGTCATTATAACCCTCTCAAGCGTCATTGCTTGATCTTGNGGCAGCTCCG,361,
ghe_m5x_8_G_ITSIF_F07.ab1,0.4%,73.7%,25.9%,532,CTCTGTGCGCCTACACCCCACTATACATCCACAAACCCGTGTGCACTGTCTTGTCCCANNATTTCAGGCTAGTTTTTTGTGGCCTCTCTTGGGGTCTTTCTTCGCTACAAACTCGACTGTTTAATATGAGCGAGCATCAAGGTTGTACCGTCACTGTCCAACAAACTATACACAACTTTCGACAACGGATCTCTTGATTCTCCCATCGATGTTCACCCTTCCGAAACGCGTTAGGTATTGTGGATTGCAGAATTCCGTGAATCATCGAATCTTTGAACGCACCTTGCGCTCTATGTCAATCCGCACAGCATGCCTGTTTGAGTGCCATGAAATCTCCCACCCCAAGCGTTCTTAAAACATCGACTCGNGAATGGCTTTGNTGNTGCCTCTGCCTGCGCTATTAGCACAGATCGCCCGACTGCTGATCGCTGTACATTTAATCCGCCTCTCTGCTGGAGTTTAGACATGAGAGTTTTCGCTGGATGTATGAACTATTTGCTATGTCACTAAATAGAATGTTGTTAATTACTTA,532,
ghe_m2x_4_C_ITS1F_B05.ab1,0.5%,81.6%,18.0%,1253,NNNNNNNNNNNTANNGACNGCGGAGGTCATTACCGANNTNATCTCCCAGCCGCCTGTGGACTTCCCATGNTGCACGCGGGGCGGCCCCCGGAGGCCGCCGACGTGGGCACGTAAAGCAGGCTTCCTAACCGGTGGATTTAGAGAGCCTATGTGTTCTGTTACATCTCTGTGTACAACGTATTTCTTGGCTCTGTATTCGATAAAGAACACTTCGAAATGCGGCGAATATGGGAGATTGCAGATTTCACAGCTTCATCCAATGTTTGTCCGGACACTGGCCCCGCCAGCATTCTGACGGACATGCCTGATGGAGCGTGATTTGAAGACTCGCACCGATTCGTGCAGCGGTGGTGCGCACCGTGCGCTCCCCGCCGCTCTCAGCGGCAGGCGCGCCTGACTGCCAATACATTGACGGCCCCGCTGGGGTCTCCCTTGCGTACTAGTGGCGCTCGCACTGGAGACCTTTTGGCTCACGCTCTCCTGCAACGCACNNCCGTACGGTGANCTCGNATCTNTTNGCNNNNCGGGCTGCAGTTNNGCATATNNNNNGGGGGNGGNNNANAAACGCAANGAATCGAAAGGNTGNGACNGCCTCATAATACGTNGGANGCCTTATTATNNTCGNTAANNANAAGAAACANGACCNGCTCTAATTGACCNTNNTGANCNNCCNANNCCCGCNAANGACNCATCCCGCTGAACCTTAAGCATNNNNNNNNACCCCNGGGGNAAANAAAGNGGGGTTCTCCTCCGGCTTGNACNTNTATANGCATGATNNNNNNNGGGGGGGGAAAAAAANGTGAANTNNNNTGGGAANTGNGNCAAANATNTCCAGGGGAANNCNCTCGAATNTCTTTGGAAACNGCNACTATTGCNNNNNTTTGGTTTANNCCCGGNAGGGGCNATNGNCNNTTGTTTCCGAAGGCGTTNATTTTCNNCCNATCNNCAANNCCTGGGCTTTGGGGNNTGGGCCNNACGGTNCCCCCCNTTTGNGNGNNGANNNNNCGCCCCCTNNNNNAAAACCNNNCTCTCGGGCGGGGCNNNNGGNNNNCCNCGGGNNCTTTTTAAANNGNNNNAANNAAGAAANNNCTNTTTNNCGNNTTTTTNNGAAAAGGTNNNNGGGGGNCCCCCGNNNNNCTNNNNNCCCGGNNAANGAANNCTNNNNNNNCNNNNNNTNNNGNTNTNNNACCTCNNNCGNNNNNNNNNGGNNAANNNNNTNCCNNNGCTNTGAAACCNNTNANNCCTNNNNNNAN,1253,
ghe_m2x_8_G_ITS1F_G07.ab1,0.6%,84.1%,15.4%,722,NNNNNNNNNNNTNNNNTAGNGAANGCGGANNTCATTACCGAGTGGGGNNCCTCTGNACCATTGCTCNCACCCGTACCCAACGAACCTCTTCGGTGGCGCGGNNNGCCTCACGGCACGGCGGNNGGCACGCGCCCCTAGGTCCGCTCCGGCCGCACAGAGTAGCTTATTCAATAAGTCAATACTTTCAGCAACGGTTCTCTTGGTTCTTAAATCTTTGACAAAGGCNCTCAAATGCGAGGGTAATGNAATTGCAGAATTCAGTGAATCATCGAATCTTTGAACGCACATTGCGCCCGCCAGTATTCTGTGGGCGATGCTTGTTCCAGCGTCATTTCAACCATCAATCCCCCGGGCTTGCGTTGTGCTGCTGCGGCTGCCGCAGGCCCCTAAAAGCAGTGGCGGCCTCGCTGTCACACCGAGCGCAGTAGCGATATTCGCTCCGGGCGTCGGCGGCGCGCACCGAATCGTGATACCCCCCCATTTCTCAAGGTTGAGCTCGGGCGCAGGTAGGAATACCCGCTGAACTTAATCATATCANNNNGGGGGGAAGAAATAAAAACCCCGCCTGACCCTNACTGNACNTATATANTAAAGCGGGAAAGAAANNAAAACTTTTAAGTNTTATTGATCGGGCGGAGAAATANNNTTCGTCCGCTGATTGGCCTTGTAACCTCAAATAANTTCGANCCTCTCCCCTCTCAAACGAAAACTACNNNGNNGNN,722,
ghe_m5x_3_D_ITSIF_C02.ab1,0.7%,80.1%,19.2%,458,CCGCTGTTCCGCCGGCTGGNATCTGCTCTCGGCCCCGCGCCCGCNCACGACGAAGACCCNCGCTAACGCTGCATGAAGTCTGAGCNTGTATGAACATGATAAATCACTTTAAACTTTCAACAACGTGTCTCTGGTATCCGGATCAATGAAGAAAATGCGAAATGCAATGCGTANTGAAATTGCAGAATTCCATGGATCATNGAGTCGCACANCGCACCTCGCGCCATCTGGNATNCCATGNNNGATGCATGGNCTNNNTGATNTCAGCCCNGAATCGCGTGTTGTGTGTCGTNCTGCTTCCGCCCGAACTCNCGCGAAACGGACCGGAAATACAGCGTCCGNACCGCGACCGTATCTCGTTCTTATACCCGTTTGCAGGCGCGCCGGAGGCTTGCCGNNNGCCTNAGCTGTCTCCCCAATCTATATTGCTTCAGGTAGACATACAGCAGAAATTAATA,458,
ghe_m5x_1_H_ITSIF_D01.ab1,0.8%,65.1%,34.1%,495,ACCACCTCTGTGTACCGCTCCATGTGGCTTTCCCAGGTGCTCAATCGTTGTAGTAGCTCATCGCAAATGACATGTCGCTGCTGCCCGAGANTGGCTACTGGGAAAGGGTTATTTAACGCCTTCAATTGAATTTGCCGTCTGAGTTGGCCTGTTGCCATGAACTTTGAACAAGTTAAAAAAGGGAAACAACGTATCTCTTGGCTCTCGCATCGATGAAGAACGCAGAGAAATGCGATAAGTAATGTGNATTGCAGAATACAGTGAATCATCCCCTCTTTGAACGCACATTGCGCCNCTAGAGATTCCTTGCGGCATGCNTGATCGAGCGTNNNTACAAAANNNACTCATAANTGTTATGNGACTGATGNGAGTGAACTGAAGNNACTCATGCGCTCAGATCACTCTGTTGAAATGCATAGGNAGNATATTCTACCTCCGCAACGGACTTAGTAACAGNTTTAAAGACATAAACCAGTCACTTGTGAGNCTGCAGCC,495,
ghe_m5x_1_F_ITSIF_C01.ab1,0.8%,73.9%,25.3%,371,GTTAGCTGAATATCTGGCGGGAGGTTACCATANAATATTGTGTTTAGAGTGTTCTGAATGTTTAAAATACCAGTTAAAACTTTCAACAACGGATGACTTGGTTCTCGCATCGATGAGGAACGCAGAGAAATGCGGTAAGTAGTGTGAATTGAAGAGTTCAGTGAATCATCGAGTCTTTGATCGCACATTGAGNCTTACGGTATTCATGGAGGCATGCCTGTCCGTGCGTCATTAAACACCACTCAAGTAGATTAGCTTGNTCNCGNNAGAAGAGNTTGCTTGCAAATTCCCTGANCGAAATNCNNTCNNCGGAGAGTCTCATGATNNCGGCGTAGNAATAACTTATTCGCTTGNTCATTGTAATAATTCTG,371,
ghe_m2x_1_F_ITS1F_D03.ab1,0.9%,79.1%,20.0%,651,NNNNNNNTCACNTAGTGAANGCGGNGGTCATTACTANNTTATATATTTATTTGGTATACATTTAACCCCCCCCTACCTAACCTACCGGTGGCTTCCGCCTGTTTGGGCTGTACAGTTAGCTGACTAGCCTGGCCGGAAGCTCACCATAAAATATTGGCTTTACAGTCTTCTGAATTTTTAACATAAAAGTTAAAACTTTCAACAACGGATCTCTTGGTTCTCGCATCGATGAATAACGCAGCGGAATGCGATAAGTATTGTGTATTGCAGAATTCCGGGAATCATCGAATCTTTGTGCGCACATTGCGCCTCCCGGTATTCCGGGTGGTATGCCTGTCCGAGCGCCCTTTAAAACCACTCAAGGACATTTGCGTGCGCATGTAATAAGAACTTGCTTGCAAATTCCCTTTCGTAATTCAATGNCGGTGAGTCTCATGATTCCGGCGTAGTCAATAACTTATTCGCTTGCCCCATTGTAATANTCCTGCCTCAGACCCCCAATTCTAGTGTTTGACCTCGACNCTGTTAATGGATAGCCGCTGAACTTANACATATCATANACCCNNGNNNGAANNNCGGAATCAGTTAGNNATACCCCGCTGAAACTTAAGCATATCATANNNNCGGGNNNGAAAANNANNNNNNNNANNN,651,
ghe_m5x_5_C_ITSIF_H03.ab1,1.0%,45.6%,53.4%,406,TCTCCTTTAGTCCTCATTTGCCTTTCCTTTTGAAAAACCTTTATTTCATACCGGTGCACATAATGTAGGTCCCGCAAGGNTTCTATGTTTCTAATCTACCCCAAATGTATGTCTAGAATGTCATTAGTGCGTCGATCGGCTTGATAACGCCTCGTTGGCGACGAAAAAGAAATCATATACAACTTTCAGCAACGGATCTCTTGGCTCTCGCATCGATGAAGAACGCAGCGAATTGCGACACGTAATGTGAATTGCAGATTTTCAGTGAATCATCGAATCTTTGAACGCACCTTGCGCTCCTTGTATTCCGAGGAGCATGCCTGNTTGAGTGNCATTGAATTCTCAACCATCCTTTGATTGTTTCGAGGGGATGCTTGATTTGGAGCTGCCGCTGACCTTTACTAAG,406,
ghe_m5x_5_E_ITSIF_D07.ab1,1.1%,46.5%,52.4%,271,GCTTCGGCGGCCACGCCCCNGNGCCCTCGTGNCCGGNACCAGGCGCCCGCCGGAGGCCCCAAAAACCATGTTTTCCACAGTGGCATTATCTGAGTGGNCAAGCAAATANNCAAAACTTTCAACAACGGATCTCTTGTTCTGCATCGATGAAGAACGCAGCGAAATGCGATAATAATGTGATTGCAGAATTCAGTGAATCATCGAATCTTTGAACGCACATTGCGCCCGCCAGCATTCTGCGGCTGCTGTCGACGCATTTCAACCCTCGCGC,271,
ghe_m2x_1_D_ITS1F_B03.ab1,1.4%,77.8%,20.9%,940,NNNNNNNNNNNNNTACGTGACNGCGGAGGTCATTACANGGNGATGATATATCTCATCATGCCTATNCATTTGCATCCAGCTTGTCTAAACCACGTGTTGCTTCCGGCTGTTTGCCCGGCACAGTTAGATGAATACTTGGTTTTTTGGGTTAACATAAAATATTATATTTAGAGTCTTCTGTATTTTAACGATAAAAGTTGAAACTGTCATCAACGAATAACGCGGCTCTCGGATCGATGAAGAACGCAGCGCAATGCTCTAAGTATCATCGATTCTTTGATTGCACATTGCGCCCGCCAGTTGAACGCCGGTTGCGCCTGTTGGTATGCCGTTTCAACTGCCTGTCCGAGCGTTGTGTTGACGACTTGCGTACGCTTGCTTGCTCATAAAAGAAGAGTTGGCTTGCCAATTACCTTTCGAGATTCAATGTACTCTTCTCTCAGGAGTGCGGCGTAGTCCGAACGTATNNCCTTGCTATATGTAATAATCCTGCTCGNANCCCCCAATTATAGTGGCTGAACTCGNATATANNAGNNNAACNCCGGNAAAACTTAAGCATATCNNNGGGGGGGGGAGAAAAANTTTNGCGGNNTTGGACCTCCAAATAGGNAGGGGANNATCGCGATNATCTNTAAGCAATNATCGTATCCCTTGGGAAGAAANCACATTGCGCCCCCTTGGTATCCCGANGGGCCATTGCCTNGTTCGAANCGTNATTTNATAAACCACTCAANNCCTCGGNTTGNTNTNGGGGGCCTCNGCGGGTCCTCGCNGGCCCNATAAAAATCAAGTGGCGGTNGCCGTCCTGGCTCTAAGCGTAGTAATTTTTCTNCTNCCNCTATAGGGTCCAGGCGGACCACCCTGCCAGAACCCCCCCATTTCTTTTACGGTTGACCTCGGGNTCAGGTAGGGATACCCCGCTGAACTTAAGCATATCATN,940,
ghe_m5x_5_D_ITSIF_A04.ab1,1.4%,43.8%,54.8%,416,AGACGAGCGAGCGAAGTTGTAGATCGTAGGGATTGTCGCTGGCCTTTGGCAACCGAAGNATGTGCACGTTCCGAGTTCTCCTTTAGTCCTCATTTGCCTTTCCTTTTGAANAACCTTTATTTCACACCTGTGCACATATNGTAGCTCCCGCAAGGNNTCTATGTTTCTACTCCACCCCATATGTATGTCTAGAGTGTCATTAGTGCGTCGATCGNCTTGNCTANCGCCTCGGTGGCGACGAAAAANAAATCATATACAACTTTCAGCAACGTATCTCTTGTCTCTCGCATCGATGAAGAACGCAGCGAATTGCGATACGTAATGTGAATTGCAGATTTTCAGTGAATCATCGAATCTTTGAACGCACCTTGCGCTCCTTGGTATTCCGAGGAGCATGCCTGTTTGAGTGTCATTGA,416,
ghe_m2x_9_A_ITS1F_A08.ab1,1.6%,64.9%,33.5%,1168,NNNNNNNNNCNNNTAGATGACNTGCGGNNNTCATTAAAGAGGTGNANACTCCCACAAACCATCGCGAACGTTACCCGACGTCGTTGCTTCGGCGGTCTCGCCCGCCGGGGGGACGCTACCAAGAACTCTTGCAGTCATTGNCCTCTCTGAGTACGAATTTTAAATAAGTGAAAACTTTCAACAACGGATCTCTTGGTTCTGGCATCGATGAAGAACGCAGCGAAATGCGATAAGTAATGTGAATTGCAGAATTCAGTGAATCATCGAATCTTTGAACGCACATTGCGCCCGCTAGTATTCTGNCGGACATGCCTGTCCGAGCGTCATTTCAACCATCAAGCCCTGCTTGTGTTGGCGTCCTGCGGCTGCCCGCAGGCCCTGAAAACCAGTGGCGGGCTCGCTAGACACACCGAGCGCAGTAGCACATCTCGCTCAGGGCGTGCGGCGGGGTCTTGCCGTTAAACACCCCCCCTTCCAAAGGTTGACCTCGGATCAGGTAGGAGTACCCGCTGAACTTAAGCATATCATNNNGGGGGGTAGNANANNTGNGNTANNCCGTANNANTGNNNGGGTNCCACNCTTAAAANCGNNGNGCNNGNAAAATCTGCTGAGGANNNCNACCTAAGNACCTNTTNGNNANNNCNCGTNGNNCNATAGNTNANNNCCTATGCTGNAACGCCATNTTCCTGTTNTGCANACAACGAGTGNGTCNTCCCCCGGCATCGAGNTCAGNNAGATCNNNNNNNGCGGTAGGAANTATGCATNGNNANNGGGGGGAANNNGGAGNGGTGAATNTGGCAGGAATTCAGTGAATCATCGATNNCTTTGGGANNGNNNCNCNTTTGGCNCCCCCNTNGGTAATCCCGGANGGGGCATGCCCTTGTTNNGGAGCNGNNNATTTTCNNNCCACNNNAAANCCCTNGNNTNNNNNTGGNCCGACGGTTCCCCCTTTNGGGANCNNNGCGGCCNTCCGNAAANNGCCTCCGGNGGGCCGGTGGGNNACCCGNNNNTTTTAANNCGTTAANCCAGGAAATCNNTTTCCGCNNNTTNNAAAGTCNGGGNNNCCCCGGNNNNGCCCNNNNAGAACNNNACNNCGTNAAGGTTNGANNNTCNGGNATTCCAGGNCNAGGGNATNNCCCNGNCCNGAANCTTAAGCCNTANNNNNNAN,1168,
ghe_m5x_3_F_ITSIF_E02.ab1,1.7%,63.1%,35.1%,404,GCGTTTCTCCCCCCTTGTGTAAACCACCTGTTGCTTCCGGCTGTTTGTGCTGTACAGTTAGCTGATAGNATGCNGNAAGCTTATCATACTATATTGTAATTAGAGTCTTCTGAATGTTTAAAATAAAAATTAAAACTTTCAACAACGGATCTCTTGGTTCTCGCATCGATGAAGAACGCAGCGAAATGCGATAAGTAGTGTGAATTGCAGAATTCAGTGAATCATCGAATCTTTGAACGCACATTGCGCCTGCCGGTATTCTGGCAGGTATGCCTGTCCGAGCGTCATCTAAAACCACACAAGTAGGTTTGCTTGNCNTGAAAGAAGAGTNNCTTGCAAAGTCCGTTTCGAAATTCAATGACGGANAGATCATGATTCCGNCGTAGCGNTATCCTATTCGCTTG,404,
ghe_m2x_3_F_ITS1F_E04.ab1,2.2%,54.4%,43.3%,669,NNNNNNNNNNNTNNNNTAGNNGANNNGCGGNNNGTCATTACCGAGNNGCATGCCCTTGGGGGTAGACCTCCCACCCGATGTTATCATTACCTTTGTTGCTTTGGCGGGCCGCCAGGCTTCGGTCAGGCTATCGGCTTCGGCTGGTAAGCGCCCGCCAGAGGACCCCAACATCCTGATTATTAGTGTCGTCTGAGTCCTATGCAATAGTTAAAACTTTCAACAACGGATCTCTTGTTTCTGGCATCGATGAAGAACGCAGCGAAATGCGATAAGTAATGTGAATTGCAGAATTCAGTGAATCATCGAATCTTTGAACGCACATTGCGCCCCTTGGTATTCCGAGGGGCATGCCTGTTCGAGCGTCATTACAACCCTCAAGCATTGCTTGNTGTTAGGCTCCGCTGCTCACCCAGCGGGCCTTAAAATCAGTGACGGTGCCGTCGGGCCCTGAGCGTAGTAAATCTCCTCGCTACAGGGCCCCGGTGGACGCTGGCCATCAACCCCTCACTTTCTAAGTTTGACCTCGGATCAGGTAGNNATACCCGCTGAACTTAAGCATNTNTNNNCCNCNNNNNNNNNNNNNNNNNGGNGNGGGAGAGANNANCCTNNGAANCCGTNNNTTNTAAGNTTNTCTGTCNAGATNAGGGCCAGNGGATTGCNGGNTNGANN,669,
ghe_m5x_3_A_ITSIF_C07.ab1,3.0%,45.5%,51.5%,497,CTATACATTTCCAACCCCCTTGTCTAAACCACCTGTTGCTTCCGGCTGTTTGGNCTGTACAGTTAGCTGAATAGCCTGGCCGGAAGGTCAACATAAAATATTGNATTTAGAGTCTTCTGAATTTTTACAATAGAAGTTAAAACTTTCAACAACGGATCTCTTGGTTCTCGCATCGATGAAGAACGCAGCGAAATGCGATAAGTAGTGTGAATTGCAGAATTCAGTGAATCATCGAATCTTTGAACGCACATTGCGCCTTCCGGTATTCCGGNAGGCATGCCTGTCCGAGCGTCATCAAAAACCACTCAAGTACGTTTGCTTGCTCATGAAAGAAGAGTTTGCTTGCAAATTCCCTTTCGAAATTCAATGNCGGAGAGTCTCATGATTCCGGCGTAGTAATAACTTATTCGCTTGCTCATTGTAATAATCCTGCCTCAAACCCCCAATTCTAGTGTTTGACCTCGGATCAGGTATGAATACCCGCTGAACTTAAGCAT,497,
ghe_m5x_5_G_ITSIF_C04.ab1,3.7%,71.8%,24.5%,326,CTCCCACCCGTGTTTATCGTACCTTGTTGCTTCGGCGGGCCCGCCTCACGGCCGCCGNGGGGNATCCGCGCCCGGGCCCGCGCCCGCCGAAAACACCTGTGAGCGCTGTCTGAAGTTGTTGCTGCTGAACTAACTAAATAAATTAAAAATTTCTACAAAGGATCTCTTGGTTCCGGCATCGATGGATAAAGCACGCAAAGGGGATAAATAATGTGTATTGCAGAATTCAGTGAATCAATCATTCTTTGTACGCACATTGCTTCCTCCGGCTTCCGTCGGGATGCCTGCCCGACCGANTTGCTGCCCTCCATCACGCTTGTGTGTTG,326,
ghe_m2x_1_E_ITS1F_C03.ab1,3.9%,35.9%,60.1%,562,NNNNNNNNNNNNNNNAGTGACNTGCGGNGNTCATTANNAGTAATATATATTCATTGTGAATATACATTTCAAACCCCCTTGTCTAAACCACCTGTTGCTTCCGGCTGTTTGGGCTGTACAGTTAGCTGAATAGCCTGGCCGGAAGGTTAACATAAAATATTGTATTTAGAGTCTTCTGAATTTTTAAAATAAAAGTTAAAACTTTCAACAACGGATCTCTTGGTTCTCGCATCGATGAAGAACGCAGCGAAATGCGATAAGTAGTGTGAATTGCAGAATTCAGTGAATCATCGAATCTTTGAACGCACATTGCGCCTTCCGGTATTCCGGGAGGCATGCCTGTCCGAGCGTCATCAAAAACCACTCAAGTAGTTTTGCTTGGTCATGAAAGAAGAGTTTGCTTGCAAATTCCCTTTCGAAATTCAATGGCGGAGAGTCTCATGATTCCGGCGTAGTAATAACTTATTCGCTTGGTCATTGTAATAATCCTGCCTCAAACCCCCAATTCTAGTGTTTGACCTCGGATCAGGTAGGGATACCCGCTGAACTTAAGCATATNANN,562,
ghe_m5x_4_F_ITSIF_D03.ab1,5.2%,43.8%,51.0%,402,TTGCTTCAGCATGTTGGGGCTGAACAGTTANNGNAATAGCCTGCCCGGAAGCTTAACATAAAATATTGTATTTAGAGTCTTCTGAATTTTTAAAATAAAAGTTAAAACTTTCAACAACGGATCTCTTGGTTCTCGCATCGATGAAGAACGCAGCGAAATGCGATAAGTAGTGTGAATTGCAGAATTCAGTGAATCATCGAATCTTTGAACGCACATTGCGCCTTCCGTATTCCGGAGGCATGCCTGTCCGAGCGTCATCAAAAACCACTCAATAGTTTGCTTGGCATGAAAGAAGAGTTGCTTGCAAATTCCCTTTCGAAATTCATGCGGNAGCTCTGTTCCGCGAGAATAATTATTCGTTGTCATGAATATCCTGCCTCAACCCCATTCTAGGTTGCCTCG,402,
ghe_m2x_7_B_ITS1F_E06.ab1,6.9%,25.0%,68.1%,793,NNNNNNNNNNNNNNNNNTAGATGANNTGCGGNGGTCATTATCGAAAAGCAATCTCGGAGGGGAAGACGAGCGAGCGAAGTTTGGTAGATCGTAGGGATTGTCGCTGGCCTTTGGCAACCGAAGGCATGTGCACGTTCCGAGTTCTCCTTTAGTCCTCATTTGCCTTTCCTTTTGGAAAACCTTTATTTCACACCTGTGCACCTATTGTAGGTCCCGCAAGGGATCTATGTTTCTAATCTACCCCAAATGTATGTCTAGAATGTCATTAATGCGTCGATCGGCTTGGCTAACGCCTCGTTGGCGACGGTAAAGAAATCATATACAACTTTCAGCAACGGATCTCTTGGCTCTCGCATCGATGAAGAACGCAGCGAATTGCGATACGTAATGTGAATTGCAGATTTTCAGTGAATCATCGAATCTTTGAACGCACCTTGCGCTCCTTGGTATTCCGAGGAGCATGCCTGTTTGAGTGTCATTGAATTCTCAACCATCCTTTGATTGATTTCGAGGGGATGGCTTGGATTTTGNGAGCTGCCGGCTGACCTTTACTAAAGGACGGGTCGGCTCTTCTTAAAAGCATTAGCGAAAGGGGGGCACGCCCTGCATGCACGGCCTTTGACGTGATAATGATCGTCGTGGCTGGAGTGCAAAGGGATTAGATCGACCTTTGCTTCTAAAGACAATGGTAGTGGGGACTTTGCTTCGGCGGACGAACCTCTACTTTTGATGACTTGACCTCAAATCAGGTAGGACTACCCGCTGAACTTAANNNNNNNGNGGGGGGNNANNN,793,
ghe_m5x_8_H_ITSIF_E06.ab1,7.8%,29.1%,63.1%,804,CGCAGTGTACACTTGTAGAAGCCTTTGCAGCCACGCAAGTGTAGAACTAGGCGACTTTACATAATTCTAGGATCGCTATGCAAGTCGGTCCACGCGTGTGATGNNGCGACACTTTCGAATTGACGGGNTACCCTAAAGCCTGTCGCACCAACTCTGTGCGGNAAACCGCTGGAGGGCCCGTGCTAACTACACGGNGTGNTAACAGACGACATGNATACCTCCACGCCTTTGGTGTGGATACCATGGGCAATCCGCAGCGAAGCCTCTAAGTCCGGCCGCCGGATATGAGGAACGTTCACAGACTAAGTGNAAGTGCGTGGAGCGTTCGTCGCTTTGCTTAAGATATAGTCGGNCCCTTGGNAAACTAAGGGGTGAGTACACTGCTTGAAATTTAAACTTGAACGTGTCTCGGTCTCGGACAGCGCTTATGTTAAAATTTCGAGACTGTCGACTGCCTCGCGCGGTTCGACAGCTCTTAAAACGNTCCGTAGGTGAACCTGCGGAAGGATCATTACAGAAAGTAAACGCGGATCAAACCGCGAACTTCTAAACCTTTGACGATTGACTCATGTTGCTCGNCGGGTTCTCCCGCCAGAGNTAGATCAAAACTCCTGTTTTAACGGTGTTGTCTGAGCTACAAGCAACGAATCAAAACTTTCAACAACGGATCTCTTGNTCTGNATCGATGAAGAACGCAGCGAAATGCGATAAGTAGTGTGATTGCAGATTCAGTGATCATCGAATCTTTGAACGCACATTGCGCCCCTTGTATCCCGAGGGCATGCTGTTCGAGCGTCATTTCAC,804,
ghe_m2x_9_D_ITS1F_B08.ab1,8.7%,41.9%,49.4%,832,NNNNNNNNNNNNNGCGANNNNNNNNCGNNNNTCATTACTGAGTTTTACTCTAAAACCCGCGAACCTACCTCTATAGCTTCGGGGGCCTGCCCCGGGGGCGCTCTACGGCCGCCGAAAGCCCATCAGAACTCTTTTACAGGCTCTCTGAGTAATCATTAAATGCTAAAAACCTTCAACAACGGATCTCTTGGTTCTGGCATCGATGAAGAACGCAGCGAAATGCGATACGTAATGTGAATTGCAGAATTCCGCGAATCATCGAATCTTTGAACGCACATTGCACCCGGTGGTATTCCGCCGGGTATGCCTGTCTGAGCGTCATTTCTACCCTCGAGCACTGCTCGGTGTTGGCGGATTGCCTAGCAACCGCTGAAAATCAACGGCGGTGACCCCTATGTCCCTGTATAGTACTATTCTTACAGTGTTTATAGCGGTCTACCAGTCTCCTGTGCGCCGTAACAAGCGCTACACTTTGAAACTCGACCTCAGATCAGGTAGGAATACCCGCTGAACTTAAGCATATCNNNAAGGGGGGGGGAAATTCGACCGCAGATCCAGTGAACGATACCCCGCTGAACTTAAGTGTATCNNAAGGGGGGGAAGGAANNNTGGGAAGCGGACTGNANNAGGTNGNGGTCAAAGCAGAATCCAGNNNANNNGCTAGGTTCTAGGCTGNCCTCCATGGACCTCNNNTCNAGATAACTGCTGAGTTGTCCTCGNATCGNTTAGGNTACCCGCTGGAACTTAAGCATATCATAGNGCGGGNGGANAANNGGNGGNGNNCTGCCCGNTTCNTNGACTCTATCGATTNTTTNGGGGGNNGACGACATTN,832,
ghe_m5x_7_H_ITSIF_A06.ab1,10.4%,29.1%,60.4%,556,CGCGCGACCTCCATANCCCACCTCTGTGTACCTTTTCCTGTTGCTTCCGCGAGCNTCGAGGTTAACGCCTCGGACGCCGGCTGCGATGCCACTTCCGGCAGTCGCCTCCGTGGAGTGCTTGCGGGAGGTCTAAACGAAATCCAATTGTAATACATAGCGTCTGTCTGACTGTATATAATAATAAAAGTTAAAACTTTCAACAACGGATCTCTTGGTTCTCGCATCGATGAAGAACGCAGCGAAATGCGATAAGTAGTGTGAATTGCAGAATTCCGTGAATCATCGAATCTTTGAACGCACATTGCGCCTCCTGGTACTCCGNNGGCATGCCTGTCCGAGCGTCATTATAACCCTCTCAAGCGTCATTGCTTGGTCTTGGGCAGGTCCGTCCACCGCGGCGGACCGCTCCGAATTCCAATGGCAGACGATGGTGTCAAACGTCAGCGTAGTGAGCATTTTTATCAAAGCATCGCGAAGCGTCGTCACCCGTCCCGCCCAATGGANCCCTTCAATTCTAANTGTTGACCTCGGNTCAGGTANGGATACCCGCTGAACT,556,
ghe_m2x_3_G_ITS1F_F04.ab1,12.0%,27.6%,60.4%,900,NNNNNNNNNTCANNNNGNGANNNGCGGNGGTCATTAAAAGTATATAGTTATACATTCTCTGTATCGACTGAATATACCCATTCTGAGTACCTTGCCTGTTGCTTCCATGGAGCATGACAAATGTCACTCTGGGGATTTACATCCCGAGGGAGCCTCCGTGGAAGGTAATCAATTAACCCTTGAATCCAATGTCATCTGTCTGATAATGTTTATAACAAATGTTAAAACTTTCAACAACGGATCTCTTGGTTCTCGCATCGATGAAGAACGCAGCGAAATGCGATAAGTAGTGTGAATTGCAGAATTCAGTGAATCATCGAATCTTTGAACGCACATTGCGCCTCCTGGTATTCCGGGAGGCATGCCTGTTCGAGCGTCATTAAATACCACTCAAGCTCTTCTGCTTGGTCATGGAAGAAGAGTATGCTTGCATCCTCTCTTCTGAAATTGAATGNCGGACCGCCTCATGTGCCTCGCGTAGTAAGTTCATCTTTTCGCTTGGAGTGTGAGACAGTCTCGCCATCAACCCCCATACTTCTAAGGTTGACCTCGGATCAGGTAGGGATACCCGCTGAACTTAAGCNTNNNNNAAGGGGGGGNGNGAAAANCCTNCCCCGCTAAANCNTAAAGNNATATCATANNCGGGGGAAANAAACATTTGCCGCCCCTTGGGTAATNCCGNGGGGCATGCCTGTTCGAGNCGTANTTATAACCACTCAAGCCCTCGGCTTNNCTTGGGGTTCGCGGTCTCGCGGCCCTTAAAATCAGTGGCGGTGCCGTCTGGCTCTAAGCGTAGTAATTCTCTCGCTATAGGGGTCCAGGTGACCACCTGCCATAACCCCCCCATTCTTTACGGTTGACCTCGGATCAGGTAGNATACCNCTGACTTAGCATATCATN,900,
ghe_m2x_6_A_ITS1F_A06.ab1,12.6%,17.6%,69.8%,778,NNNNNNNNNNNNNNNNGANGNNCCTCNCGNNAGGTNATTATCGAAAAGCAATCTGGAGGGGAAGACGAGCGAGCGAAGTTTGGTAGATCGTAGGGATTGTCGCTGGCCTTTGGCAACCGAAGGCATGTGCACGTTCCGAGTTCTCCTTTAGTCCTCATTTGCCTTTCCTTTTGGAAAACCTTTATTTCACACCTGTGCACCTATTGTAGGTCCCGCAAGGGATCTATGTTTCTAATCTACCCCAAATGTATGTCTAGAATGTCATTAATGCGTCGATCGGCTTGGCTAACGCCTCGTTGGCGACGGTAAAGAAATCATATACAACTTTCAGCAACGGATCTCTTGGCTCTCGCATCGATGAAGAACGCAGCGAATTGCGATACGTAATGTGAATTGCAGATTTTCAGTGAATCATCGAATCTTTGAACGCACCTTGCGCTCCTTGGTATTCCGAGGAGCATGCCTGTTTGAGTGTCATTGAATTCTCAACCATCCTTTGATTGATTTCGAGGGGATGGCTTGGATTTTGGGAGCTGCCGGCTGACCTTTACTAAAGGACGGGTCGGCTCTTCTTAAAAGCATTAGCGAAAGGTGNCACGCNCTGCATGCACGGCCTTTGACGTGATAATGATCGTCGTGGCTGGAGTGCAAAGGGATTAGATCGACCTTTGCTTCTAAAGACAATGNTAGTGGGGACTTTGCTTCGGCGGACGAACCTCTACTTTTGATGACTTGACCTCAAATCAGGTAGGACTACCCGCTGAACTTAANNNANNNN,778,
ghe_m2x_6_H_ITS1F_D06.ab1,12.9%,22.8%,64.3%,821,NNNNNNNNNNNNNNNNNAGNNGNNTNCGGNGGACNTTNTCGAAAAGCAATCTGGAGGGGAAGACGAGCGAGCGAAGTTTGGTAGATCGTAGGGATTGTCGCTGGCCTTTGGCAACCGAAGGCATGTGCACGTTCCGAGTTCTCCTTTAGTCCTCATTTGCCTTTCCTTTTGGAAAACCTTTATTTCACACCTGTGCACCTATTGTAGGTCCCGCAAGGGATCTATGTTTCTAATCTACCCCAAATGTATGTCTAGAATGTCATTAATGCGTCGATCGGCTTGGCTAACGCCTCGTTGGCGACGGTAAAGAAATCATATACAACTTTCAGCAACGGATCTCTTGGCTCTCGCATCGATGAAGAACGCAGCGAATTGCGATACGTAATGTGAATTGCAGATTTTCAGTGAATCATCGAATCTTTGAACGCACCTTGCGCTCCTTGGTATTCCGAGGAGCATGCCTGTTTGAGTGTCATTGAATTCTCAACCATCCTTTGATTGATTTCGAGGGGATGGCTTGGATTTTGGGAGCTGCCGGCTGACCTTTACTAAAGGACGGGTCGGCTCTTCTTNAAAAGCATTAGCGAAAGGGGGGCACGCCCTGCATGCACGGCCTTTGACGTGATAATGATCGTCGTGGGCTGGAGTGCAAAGGGGATTNAGATCGACCTTTTGCTTCTAAAAGACNAATGGNTAGTGGGGGACTTTTGCTTTCGGGCGGGANNGAANCCTNCCTACTTTTTGGATGGACTTGGACCTCCAAATCAGGGAGGGACTTACCCCGGCTGGAACTTNNGNNNNNNGGGGGGGGGGGGGNAAAN,821,
ghe_m2x_2_B_ITS1F_F03.ab1,12.9%,31.4%,55.7%,681,NNNNNNNNNNNNNAGNNGNNCTGCGGNGGTCATTACAAGTGAGGCTACCGAACGTTGTAAACAGCGGTTAGGAGCTTACACCCACCCGTGTTTACATACTATTGTTGCTTTGGCGGNCCGTGGCCTCCACTGCGGCCTCTGCTCGTGTGTGCCCGCCAGAGAACCAAACTCTGAATGTTAGTGATGTCTGAGTACTATCTAATAGTTAAAACTTTCAACAACGGATCTCTTGGTTCTGGCATCGATGAAGAACGCAGCGAAATGCGATAAGTAATGTGAATTGCAGAATTCAGTGAATCATCGAATCTTTGAACGCACATTGCGCCCTGTGGTATTCCGCAGGGCATGCCTGTTCGAGCGTCATTTAACCACTCACGCCTAGCGTGTTATTGNGGCACGCGGTCTCCGCGGCCCTCAAAATTAGTGGCGGCGCCGGTGGGCTCTAAGCGTAGTACATACTCCCGCTATAGAGTTCCCCCCGGTGGCTCGCCAGAACCCCCAATTTTTACAGGTTGACCTCGGATCAGGTAGGGATACCCGCTGAACTTAAGCTACNNGGGNNAAAAAANGCGGNNNNNTTTCCGGAGTACGTCCGGGGTGATTCTGGGTTGACTTTGGNGCAGGTAGGGATACTGGTGAATTAAGGTATTTGGCTTTTGGCTACAGAAAAATTGTACTCTA,681,
ghe_m2x_1_H_ITS1F_E03.ab1,13.8%,30.5%,55.7%,709,NNNNNNNNNNNNNNNNNNNNNNNNNNGCGGNGGTCNTTAAAANTAATATATATTCATTTGAATATACATTTCAAACCCCCTTGTCTAAACCACCTGTTGCTTCCGGCTGTTTGGGCTGTACAGTTAGCTGAATAGCCTGGCCGGAAGGTTAACATAAAATATTGTATTTAGAGTCTTCTGAATTTTTAAAATAAAAGTTAAAACTTTCAACAACGGATCTCTTGGTTCTCGCATCGATGAAGAACGCAGCGAAATGCGATAAGTAGTGTGAATTGCAGAATTCAGTGAATCATCGAATCTTTGAACGCACATTGCGCCTTCCGGTATTCCGGGAGGCATGCCTGTCCGAGCGTCATCAAAAACCACTCAAGTAGTTTTGCTTGGTCATGAAAGAAGAGTTTGCTTGCAAATTCCCTTTCGAAATTCAATGGCGGAGAGTCTCATGATTCCGGCGTAGTAATAACTTATTCGCTTGGTCATTGTAATAATCCTGCCTCAAACCCCCAATTCTAGTGTTTGACCTCGGATCAGGTAGGGATACCCGCTGAACTTAAGCATATCATAANNGGGGGGGAANTTAAGCATATAAATAACCCCGAAGGAANCTCGANNCANTGNCNGGGGAGGAAGATCTCGATGAAGGTAAGCATATCCGTATGTNGTTGGAGCATANNATANNNGGNTGGTAGGTNTNGTTTTNNNNCNNCCN,709,
ghe_m5x_8_E_ITSIF_C06.ab1,14.3%,54.4%,31.3%,489,AAACCCCCTTGTCTAAACCACCTNTTGCTTCCGGCTGTTTGGGCTGTACAGTTAGCTGAATAGCCTGGCCGGAAGGTTAACATAAAATATTGTATTTAGAGTCTTCTGAATTTTTAAAATAAAAGTTAAAACTTTCAACAACGGATCTCTTGGTTCTCGCATCGATGAAGAACGCAGCGAAATGCGATAAGTAGTGTGAATTGCAGATTCAGTGATCATCGATCTTTGAACGCACTTGCGCCTTCCGGATTCCGGGAGCTGCCTGCCGACGCTCAAAACCACCAATAGTTTGTTGGCTGAAAAAGTTGTTGAATTCCCTTCGAATCATGCGAAGCCTGTTCCGCGAGATACTATCGTTGTCTTGATATCTGCCAACCCCATTTAGGTTGCCCGTCGGAGAACCGTGACTACTTTATNNGAAGNCCTNAACCCAAATTGTCTAACCGGACAAAATTCTTTCATTGCCCGTCCGGGGACCTGCAGTTTAAA,489,
ghe_m5x_2_F_ITSIF_H01.ab1,14.4%,27.0%,58.6%,486,AAGCTGTCGCTGGCCTTCGGGCATGTGCACGCCGACCGTGTTTCATAAATTTCTCACCTGTGAACCTAATGTAGGATGCCTATTCCTTCGGNATAGGGGACCTATGTCTTCATATACATCTCCGTGTAGAAAGTCTTAGAATGTTTACTCTCATAGAGTCACAACTTCTAGGAGACGCGAATCTGTGAGATAAAAGTTATTACAACTTTCAGCAATGGATCTCTTGGCTCTCGCATCGATGAAGAACGCAGCGAAAAGCGATATGTAATGTGAATTGCAGATCTACAGTGAATCATCGAATCTTTGAACGCACCTTGCGCTCCTCGGTGTTCCGAGGAGCATGCCTGTTTGAGTGNCAGTAAATTCTCAACCCCTCTTGATTGAGGGAGTTTGGATAGTGGGGTTTGCCGGAGACTTTTTGACTCGGGCTCTCCTGAATGCATCGGCTTGCGGTCGACTTTCGACTATGCGCGACAAGGCTTCGGC,486,
ghe_m2x_6_F_ITS1F_B06.ab1,19.5%,14.0%,66.6%,781,NNNNNNNNNNNNNANTGANNNGCGGNGNANNTTATCGAAAAGCAATCTGGAGGGGAAGACGAGCGAGCGAAGTTTGGTAGATCGTAGGGATTGTCGCTGGCCTTTGGCAACCGAAGGCATGTGCACGTTCCGAGTTCTCCTTTAGTCCTCATTTGCCTTTCCTTTTGGAAAACCTTTATTTCACACCTGTGCACCTATTGTAGGTCCCGCAAGGGATCTATGTTTCTAATCTACCCCAAATGTATGTCTAGAATGTCATTAATGCGTCGATCGGCTTGGCTAACGCCTCGTTGGCGACGGTAAAGAAATCATATACAACTTTCAGCAACGGATCTCTTGGCTCTCGCATCGATGAAGAACGCAGCGAATTGCGATACGTAATGTGAATTGCAGATTTTCAGTGAATCATCGAATCTTTGAACGCACCTTGCGCTCCTTGGTATTCCGAGGAGCATGCCTGTTTGAGTGTCATTGAATTCTCAACCATCCTTTGATTGATTTCGAGGGGATGGCTTGGATTTTGGGAGCTGCCGGCTGACCTTTACTAAAGGACGGGTCGGCTCTTCTTAAAAGCATTAGCGAAAGGTGGCACGCCCTGCATGCACGGCCTTTGACGTGATAATGATCGTCGTGGCTGGAGTGCAAAGGGATTAGATCGACCTTTTGCTTCTAAAGACAATGGTAGTGGGGACTTTTGCTTCGGCGGACGAACCTCTACTTTTGATGACTTGACCTCAAATCAGGTAGGACTACCCGCTGACTANNNNNNNNNNNNNNNNNN,781,
ghe_m5x_9_D_ITSIF_H06.ab1,21.0%,15.3%,63.7%,652,ATTGATAATCTGACATGGGTTGTAGCTGGCCCTCCGGGCATGTGCACACCCGTCACCTTTATCTTTCCACCTGTGCACACACTGTAGTCCTGGATACCCCTCGCCGGAAGGCGGACTTGCGGTTTGCCGTTTGCCCCTCAGGCTCGGCTCACTCTGAATTTCCAGGTCTATGATCTCACACACCCCCAAAGAATGTAACAGAATGTCATCACAGGGCCCTCGTGCCTATATAAATTTATACAACTTTCAGCAACGGATCTCTTGGCTCTCGCATCGATGAAGAACGCAGCGAAATGCGATAAGTAATGTGAATTGCAGAATTCAGTGAATCATCGAATCTTTGAACGCACCTTGCGCTCCTTGGTATTCCGAGGAGCATGCCTGTTTGAGTGTCATTAAATTCTCAGCCTCACCAATTTTATCATGAAGTTGTGTGTAGGCTTGGAGGTGGGGGGTTTTTGCAGGTCCACAACAGTGGTCTGCTCCTCTGAAATGTATTAGTGGGTTAGGCCCCTAATCTATTGGTGTGATAATTATCTACTCCATGGATTGGATTGGCTTTATCATAAGACCTGCTTCAAACCGTCCTTAATCTGGACAACTCTTGACATTTTTGACCTCAAATCAGGTAAGACTACCCGCTGAACTTAAG,652,
ghe_m5x_2_C_ITSIF_E01.ab1,28.4%,14.8%,56.8%,634,CTGTCGCTGAGCCTTCGGCATGTGCACGCCGACCGTGTTTCATAAATTTCTCACCTGTGAACCTAATGTAGGATGCCTATTCCTTTGGGATAGGGGACCTATGTCTTCATATACATCTCCGTGTAGAAAGTCTTAGAATGTTTACTATCATAGAGTCGCAACTTCTAGGAGACGCGAATCTGTGAGATAAAAGTTATTACAACTTTCAGCAATGGATCTCTTGGCTCTCGCATCGATGAAGAACGCAGCGAAAAGCGATATGTAATGTGAATTGCAGATCTACAGTGAATCATCGAATCTTTGAACGCACCTTGCGCTCCTCGGTGTTCCGAGGAGCATGCCTGTTTGAGTGTCAGTAAATTCTCAACCCCTCTTGATTGAGGGAGTTTGGATAGTGNGGGTTTGCCGGAGACTTTTTGACTCGGGCTCTCCTGAAATGCATCGGCTTGCGGTCGACTTTCGACTATGCGCGACAAGGCTTTCGGCGTGATAATGATCGCCGTTCGCTGAAGTGCATGAATGAAGGTTACNCGCCTCTAATACGTCGACTCTTATTATCTCTTAGGAGAGAAAAGGTCTTCTTTATTGACTTTTGACCTCAAATCAGGTAGGACTACCGCTGAACTTAAGCATA,634,
ghe_m5x_4_C_ITSIF_A03.ab1,28.9%,47.6%,23.5%,429,TATATATTCATTTGAATATACATTTCAAACCCCCTTGTCTAAACCACCTGTTGCTTCCGGCTGTTTGGGCTGTACAGTTAGCTGAATAGCCTGGCCGGAAGGTTAACATAAAATATTGTATTTAGAGTCTTCTGAATTTTTAAAATAGAAGTTAAAACTTTCAACAACGGATCTCTTGGTTCTCGCATCGATGAAGAACGCAGCGAAATGCGATAAGTAGTGTGATTGCAGATTCAGTGATCATCGATCTTTGAACGCACATTGCGCCTTCCGTATCCGGAGCTGCCTGCCGACGCTCAAAACCACTCAATAGTTTGTTGTCTGNAAAANTTGTTGAATTCCCTTCAATTCATGCGAAGCCTGTTCCGCGATATACTATCGTTGGCTTGATATCTGCTCACCCATCATGTGCCCGTAGAGGTACCGTGA,429,
ghe_m2x_6_G_ITS1F_C06.ab1,33.8%,34.0%,32.2%,811,NNNNNNNTNNNCNNACGANGACNGCGGNNNNTCATTAGCGAGTATAACTCTCTAAAACCATTGTGAACGAACGAACCCGTTGCTTCGGCGGACGGCTCTGCCGCCGCCGGAAGAACGCAAACTCTTGTTATTATTGTTTCTCTGAGTACTTATTCAATAAGTAAAAACTTTCAACAACGGATCTCTTGGTTCTGGCATCGATGAAGAACGCAGCGAAATGCGATAAGTAATGTGAATTGCAGAATTCAGTGAATCATCGAATCTTTGAACGCACATTGCGCCCGCCAGTATTCTGGCGGGCATGCCTGTTCGAGCGTCATTTCAACCATCAAGCCCCAGGCTTGTGTTGGGGGCCTGCAGCTGCTGCAGCCCCCTAAAAGCAGTGGCGGACTCGCTGTCATTCCGAGCGCAGTAGTTACATCTCGCTCTGGGCGTGGCGGTGGGCACCTGCCGTGAAACACTCTTTCTAAGGTTGACCTCGGATCAGGTAGGAATACCCGCTGAACTTAAGCATATCNNNAAAGGGGGGGGGAAAAGGGGNGCCGGCTGAATTTAAGCATANGCNNTNNNNCCTGGANNNATAAAAAAANATNGCGAGTGAGTGGNCACGCAGCTGCNTGCACGGNCTTATGACGTGAAAATGATCGTCGGTGGTCTGGGGGTGCAAAGANATAAGATCGACTTTTGCCTTCTAAAAGANAANGGNTGGGNGGNGNACTTTCGCCNCGAGNGGNNCGANAACNNNNTNNTTGNTGNTCNCTNNACCACNNAGCAGGANNNGNCGNCCCCGNNNNNCTTAANCATATCATAN,811,
ghe_m5x_5_A_ITSIF_F03.ab1,34.1%,12.4%,53.4%,595,CTTGACCAAAACCCTCTCTGCGTACCAATCTATGTTGCTTTCCTAGGTGGTTGGTTTCAGCTGCCGTCCAACATTGCCTGATAGCTCAGTCAGCCCGAGTGGTTAACTCGGAGTTTGATCTTTTTTACTGATGGGTTAAGCTTTAATCGGTCAGCGAGCTTAATTTATGTCCATCAGGATCAGCTATGCAGGCCCCTGGGAAAGGGTCCATCCCAAATGAATATGCCAATCAGCTGTCTGAGTTGGCCTTGTGCCTTATTCTTTGAACAAGTTAAAACTTTCAACAACGGATCTCTTGGCTCTCGCATCGATGAAGAACGCAGCGAAATGCGATAAGTAATGTGAATTGCAGAATTCAGTGAATCATCGAATCTTTGAACGCACATTGCGCCCCTTGGTATTCCTTGGGGCATGCCTGTTCGAGCGTCACTATAAACCCGCTCATAAATGTTATGGTATTGATGGAAGTGAACTGNTGCAACTAAAGTGTGTGGATCACTCCATCGAAATACATAGGCAGGACAACAAACCTCTGTAGCTGACTTAGTAACTGTTTTCAAAGACACAAACCAGTCACTTGCTAGGTTCTAGCCTG,595,
ghe_m5x_6_H_ITSIF_C05.ab1,37.1%,9.9%,52.9%,463,TTTCAAACCCCCTTGTCTAAACCACCTGTTGCTTCCGGCTGTTTGGGCTGNACAGTTAGCTGAATAGCCTGGCCGGAAGGTTAACATAAAATATTGTATTTAGAGTCTTCTGAATTTTTAAAATAAAAGTTAAAACTTTCAACAACGGATCTCTTGGTTCTCGCATCGATGAAGAACGCAGCGAAATGCGATAAGTAGTGTGAATTGCAGAATTCAGTGAATCATCGAATCTTTGAACGCACATTGCGCCTTCCGGTATTCCGGGAGGCATGCCTGTCCGAGCGTCATCAAAAACCACTCAAGTAGTTTTGCTTGGTCATGAAAGAAGAGTTTGCTTGCAAATTCCCTTTCGAAATTCAATGGCGGAGAGTCTCATGATTCCGGCGTAGTAATAACTTATTCGCTTGNTCATTGTAATAATCCTGCCTCAAACCCCCAATTCTAGTGTTTGACCTCGGATCAG,463,
ghe_m5x_4_D_ITSIF_B03.ab1,37.3%,12.6%,50.1%,389,ACGAATATAAATCGGAAAGCTGTCGCTGGCCTTCGGGCATGTGCACGCCGACCGTGTTTCATAAATTTCTCACCTGTGAACCTAATGTAGGATGCCTATTCCTTCGGGATAGGGGACCTATGTCTTCATATACATCTCCGTGTAGAAAGTCTTAGAATGTTTACTATCATAGAGTCGCAACTTCTAGGAGACGCGAATCTGTGAGATAAAAGTTATTACAACTTTCAGCAATGGATCTCTTGGCTCTCGCATCGATGAAGAACGCAGCGAAAAGCGATATGTAATGTGAATTGCAGATCTACAGTGAATCATCGAATCTTTGAACGCACCTTGCGCTCCTCGGTGTTCCGAGGAGCATGCCTGTTTGAGTGNCAGTAAATTCTCAACCC,389,
ghe_m5x_6_G_ITSIF_B05.ab1,38.8%,25.0%,36.2%,436,CTTGTCTAAACCACCTGTTGCTTCCGGCTGTTTGGGCTGTACAGTTAGCTGNATAGCCTGGCCGGAAGGTTAACATAAAATATTGTATTTAGAGTCTTCTGAATTTTTAAAATAAAAGTTAAAACTTTCAACAACGGATCTCTTGGTTCTCGCATCGATGAAGAACGCAGCGAAATGCGATAAGTAGTGTGAATTGCAGAATTCAGTGAATCATCGAATCTTTGAACGCACATTGCGCCTTCCGGTATTCCGGGAGGCATGCCTGTCCGAGCGTCATCAAAAACCACTCAAGTAGTTTGCTTGGCATGAAAGAAGANTTGCTTGCAAATTCCCTTTCGAAATTCATGCGGAGAGCTCATGTTCCGCGTATAAAACTTATTCGTTGTCTTGAATATCCTGCCTCAACCCCCATTCTAGTGTTGACCTCGGTCAGTAG,436,
ghe_m5x_7_B_ITSIF_D05.ab1,39.0%,20.4%,40.6%,613,AAGCTGTCGCTGGCCTTCGGGCATGTGCACGCTGACCGTGTTTCATAAATTTCTCACCTGTGAACCTAATGTAGGATGCCTATTCCTTTGGGATAGGGGACCTATGTCTTCATATACATCTCCGTGTAGAAAGTCTTAGAATGTTTACTATCATAGAGTCGCGACTTCTAGGAGACGCGAATCTGTGAGATAAAAGTTATTACAACTTTCAGCAATGGATCTCTTGGCTCTCGCATCGATGAAGAACGCAGCGAAAAGCGATATGTAATGTGAATTGCAGATCTACAGTGAATCATCGAATCTTTGAACGCACCTTGCGCTCCTCGGTGTTCCGAGGAGCATGCCTGTTTGAGTGTCAGTAAATTCTCAACCCCTCTTGATTGAGGGAGTTTGGATAGTGGGGGTTTGCCGGAGACTTTTTGACTCGGGCTCTCCTGAAATGCATCGGCTTGCGGTCGACTTTCGACTATGCGCGACAAGGCTTTCGGCGTGATAATGATCGCCGTTCGCTGAAGCTCATGAATGAAGGTTCGCGCCTCTAATACGTCGACTCTTATTATCTCTTAGGAGAGAAAGTCTTCTTATNGATTTTGACCTCAATCAGTAGGATACC,613,
ghe_m5x_4_G_ITSIF_E03.ab1,40.3%,16.8%,42.9%,457,TTGCTTCCGCCTGTTTGGACTGTACAGTTAGCTGATAGCCTGGCCGGAAGGTTAACATAAAATATTGTATTTAGAGTCTTCTGAATTTTTAAAATAAAAGTTAAAACTTTCAACAACGGATCTCTTGGTTCTCGCATCGATGAAGAACGCAGCGAAATGCGATAAGTAGTGTGAATTGCAGAATTCAGTGAATCATCGAATCTTTGAACGCACATTGCGCCTTCCGGTATTCCGGGAGGCATGCCTGTCCGAGCGTCATCAAAAACCACTCAAGTAGTTTTGCTTGGTCATGAAAGAAGAGTTTGCTTGCAAATTCCCTTTCGAAATTCAATGNCGGAGAGTCTCATGATTCCGGCGTAGTAATAACTTATTCGCTTGGTCATTGTAATAATCCTGCCTCAAACCCCCAATTCTAGTGTTTGACCTCGGATCAGGTAGGGATACCCGCTGAACTTAA,457,
ghe_m5x_7_C_ITSIF_E05.ab1,40.5%,18.7%,40.8%,593,TACGAATATAAATCGGAAAGCTGTCGCTGGCCTTCGGGCATGTGCACGCCGACCGTGTTTCATAAATTTCTCACCTGTGAACCTAATGTAGGATGCCTATTCCTTCGGGATAGGGGACCTATGTCTTCATATACATCTCCGTGTAGAAAGTCTTAGAATGTTTACTATCATAGAGTCGCGACTTCTAGGAGACGCGAATCTGTGAGATAAAAGTTATTACAACTTTCAGCAATGGATCTCTTGGCTCTCGCATCGATGAAGAACGCAGCGAAAAGCGATATGTAATGTGAATTGCAGATCTACAGTGAATCATCGAATCTTTGAACGCACCTTGCGCTCCTCGGTGTTCCGAGGAGCATGCCTGTTTGAGTGTCAGTAAATTCTCAACCCCTCTTGATTGAGGGAGTTTGGATAGTGNNGTTTGCCGGAGACTTTTTGACTCGGGCTCTCCTGAAATGCATCGGCTTGCGGTCGACTTTCGACTATGCGCGACAAGGCTTTCGGCGTGATATGATCGCCGTCGCTGAAGNGCATGAATGAGGTACGCGCCTCTATACGTCGACTCNTATTATCTCTTAGGAGAGAAAGTCTTC,593,
ghe_m2x_9_F_ITS1F_C08.ab1,41.2%,17.9%,40.9%,738,NNNNNNNNNNNNNNNNGNNGNNNTGCGGNGNTNATTACACATATATGGGACACTAATGTGGTCCCTTGACCAAAACCCTCTCTGCGTACCAATCTATGTTGCTTTCCTAGGTGGTTGGTTTCAGCTGCCGTCCAACATTGCCTGATAGCTCAGTCAGCCCGAGTGGTTAACTCGGAGTTTGATCTTTTTTACTGATGGGTTAAGCTTTAATCGGTCAGCGAGCTTAATTTATGTCCATCAGGATCAGCTATGCAGGCCCCTGGGAAAGGGTCCATCCCAAATGAATATGCCAATCAGCTGTCTGAGTTGGCCTTGTGCCTTATTCTTTGAACAAGTTAAAACTTTCAACAACGGATCTCTTGGCTCTCGCATCGATGAAGAACGCAGCGAAATGCGATAAGTAATGTGAATTGCAGAATTCAGTGAATCATCGAATCTTTGAACGCACATTGCGCCCCTTGGTATTCCTTGGGGCATGCCTGTTCGAGCGTCACTATAAACCCGCTCATAAATGTTATGGTATTGATGGAAGTGAACTGTTGCAACTAAAGTGTGTGGATCACTCCATCGAAATACATAGGCAGGACAACAAACCTCTGTAGCTGACTTAGTAACTGTTTTCAAAGACACAAACCAGTCACTTGCTAGGTTCTAGCCTGGNCTCCTTAGACCTNCCATTCAAGATAAANTACTGGGNTGACCTCGGNTCAGGTAGGNATACCCGCTGAACTTANNNNN,738,
ghe_m5x_3_C_ITSIF_B02.ab1,42.4%,27.1%,30.5%,509,GTCGCTGGCCTTCGGGCATGTGCACGCCGACCGTGTTTCATAAATTTCTCACCTGTGAACCTAATGTAGGATGCCTATTCCTTTGGGATAGGGGACCTATGTCTTCATATACATCTCCGTGTAGAAAGTCTTAGAATGTTTACTATCATAGAGTCGCGACTTCTAGGAGACGCGAATCTGTGAGATAAAAGTTATTACAACTTTCAGCAATGGATCTCTTGGCTCTCGCATCGATGAAGAACGCAGCGAAAAGCGATATGTAATGTGAATTGCAGATCTACAGTGAATCATCGAATCTTTGAACGCACCTTGCGCTCCTCGGTGTTCCGAGGAGCATGCCTGTTTGAGTGTCAGTAAATTCTCAACCCCTCTTGTTGAGGGAGTTGGTAGTGNNTTTGCCGGAGATTTTTGACTCGGCTCTCCTGAAATGCTCGGTTGCGTCGATTTCGACTATGCGCGACAAGGTTTCGGCGTGTATGTCGCGTCGCTGAAGCGCTGATGAGGTTCGC,509,
ghe_m2x_4_B_ITS1F_A05.ab1,42.6%,20.4%,37.0%,770,NNNNNNNNNNNNNNGTAGGTGANNNCGGNGGANATTAACGAATATAAATCGGAAAGCTGTCGCTGGCCTTCGGGCATGTGCACGCCGACCGTGTTTCATAAATTTCTCACCTGTGAACCTAATGTAGGATGCCTATTCCTTTGGGATAGGGGACCTATGTCTTCATATACATCTCCGTGTAGAAAGTCTTAGAATGTTTACTATCATAGAGTCGCGACTTCTAGGAGACGCGAATCTGTGAGATAAAAGTTATTACAACTTTCAGCAATGGATCTCTTGGCTCTCGCATCGATGAAGAACGCAGCGAAAAGCGATATGTAATGTGAATTGCAGATCTACAGTGAATCATCGAATCTTTGAACGCACCTTGCGCTCCTCGGTGTTCCGAGGAGCATGCCTGTTTGAGTGTCAGTAAATTCTCAACCCCTCTTGATTGAGGGAGTTTGGATAGTGGGGGTTTGCCGGAGACTTTTTGACTCGGGCTCTCCTGAAATGCATCGGCTTGCGGTCGACTTTCGACTATGCGCGACAAGGCTTTCGGCGTGATAATGATCGCCGTTCGCTGANNNNNNGGAATGAAGGTTTCGCGCCTCTAATACGTCGACTCTTATTATCTCTTAGGAGAGAAAAGGTCTTCTTTATTGACTTTTGACCTCAAATCAGGTAGGACTACCCGCTGACTTANNNNCANNNNNNGNNNGNGNNNNANNNAATTGTNNCTGACCNCAAGTCNGGTGGANNNNCGNCGCTGANNNNNNNATNNGNNNNNN,770,
ghe_m5x_6_D_ITSIF_G04.ab1,44.5%,6.9%,48.7%,641,AAATCGGAAAGCTGTCGCTGGCCTTCGGGCATGTGCACGCCGACCGTGTTTCATAAATTTCTCACCTGTGAACCTAATGTAGGATGCCTATTCCTTTGGGATAGGGGACCTATGTCTTCATATACATCTCCGTGTAGAAAGTCTTAGAATGTTTACTATCATAGAGTCGCGACTTCTAGGAGACGCGAATCTGTGAGATAAAAGTTATTACAACTTTCAGCAATGGATCTCTTGGCTCTCGCATCGATGAAGAACGCAGCGAAAAGCGATATGTAATGTGAATTGCAGATCTACAGTGAATCATCGAATCTTTGAACGCACCTTGCGCTCCTCGGTGTTCCGAGGAGCATGCCTGTTTGAGTGTCAGTAAATTCTCAACCCCTCTTGATTGAGGGAGTTTGGATAGTGGGGGTTTGCCGGAGACTTTTTGACTCGGGCTCTCCTGAAATGCATCGGCTTGCGGTCGACTTTCGACTATGCGCGACAAGGCTTTCGGCGTGATAATGATCGCCGTTCGCTGAAGCGCATGAATGAAGGTTACGCGCCTCTAATACGTCGACTCTTATTATCTCTTAGGAGAGAAAAGGTCTTCCTTTATTGACTTTTGACCTCAAATCAGGTAGGACTACCCGCTGAACTTA,641,
ghe_m5x_6_A_ITSIF_E04.ab1,45.7%,7.9%,46.4%,431,TAGCTGAATAGCCTGGCCGGAAGGTTAACATAAAATATTGTATTTAGAGTCTTCTGAATTTTTAAAATAGAAGTTAAAACTTTCAACAACGGATCTCTTGGTTCTCGCATCGATGAAGAACGCAGCGAAATGCGATAAGTAGTGTGAATTGCAGAATTCAGTGAATCATCGAATCTTTGAACGCACATTGCGCCTTCCGGTATTCCGGGAGGCATGCCTGTCCGAGCGTCATCAAAAACCACTCAAGTAGTTTTGCTTGGTCATGAAAGAAGAGTTTGCTTGCAAATTCCCTTTCGAAATTCAATGGCGGAGAGTCTCATGATTCCGGCGTAGTAATAACTTATTCGCTTGGTCATTGTAATAATCCTGCCTCAAACCCCCAATTCTAGTGTTTGACCTCGGATCAGGTAGGGATACCCGCTGAACTTAAG,431,
ghe_m2x_7_F_ITS1F_H06.ab1,48.5%,28.0%,23.4%,952,NNNNNNNNNNNNNNNNNNAGATGANNTGCGGNNGNNNTTATACATACATGGGATACCAATGTGTTCCCTGACCCATACCACCTCTGTGTACCGCTCCATGTTGCTTTCCCAGGTGCTCAATCCTTGTAGTAGCTCATCGCAAATGACATGTCGCTGCTGCCCGCGAGTGGCTACTGGGAAAGGTCTTATTTAACGCCTTCAATTGAATTTGCCGTCTGAGTTGGCCTGGTGCCATGAACTTTGAACAAGTTAAAAAACTTTCAACAACGGATCTCTTGGCTCTCGCATCGATGAAGAACGCAGCGAAATGCGATAAGTAATGTGAATTGCAGAATTCAGTGAATCATCGAATCTTTGAACGCACATTGCGCCCCTTGGTATTCCTTGGGGCATGCCTGTTCGAGCGTCACTACAAAACCCACTCATAAATGTTATGGTACTGATGGAAGTGAACTGTCGCCACTCATGCGCTCAGATCACTCTGTTGAAATGCATAGGCAGGATAATCAACCTCCGCAACGGACTTAGTAACAGGTTTTAAAGACATAAACCAGTCACTTGTTAGGTTCCAGCCTGGCCATCATGGACCTCCATCCAAGTTGAACTCTGGGTTGACCTCGGATCAGGTAGGGATACCCGCTGAACTTAAGCNNNNNNAAGGGGGGGGGAAAAAAATCCCCCCCGGTTAAGCTTAANCCTCGGCGTTAANATCGAGCAAANTGNGNGTGNNGNGCTGGCCAAACNTAACCCNTATCACGANGNNCNNNTNAAAACTCTTTGGGGGGCGCCGGGGTGNNTCCNNGCGTAGNAATTTGCTTTANNNGNAAGAACCCCNTGCCGGGAATTGNCCAACANACCCNAAAATCTACCCTCAGNTTTNNACCCTCGGGATCAGGGNAGGANATACCCCGCTGAACTNAAGCATATCATAANNNNGNGGGGNGAGNAANNN,952,
ghe_m2x_7_E_ITS1F_G06.ab1,52.4%,9.9%,37.7%,738,NNNNNNNNNNNNNCNNANNGACTGCGGNGGANNTTACACATATATGGGACACTAATGTGGTCCCTTGATCAAAACCCTCTCTGCGTACCAATCTATGTTGCTTTCCTAGGTGGTTGGTTTCAGCTGCCGTCCAACATTGCCTGCTAGCTCAGTCAGCCCGAGTGGTTAACTCGGAGTTTGATCTTTTTTACTGATGGGTTAAGCTTTAATCGGTCAGCGAGCTTAATTTATGTCCATCAGGATCAGCTATGCAGGCCCCTGGGAAAGGGTCCATCCCAAATGAATATGCCAATCAGCTGTCTGAGTTGGCCTTGTGCCTTATTCTTTGAACAAGTTAAAACTTTCAACAACGGATCTCTTGGCTCTCGCATCGATGAAGAACGCAGCGAAATGCGATAAGTAATGTGAATTGCAGAATTCAGTGAATCATCGAATCTTTGAACGCACATTGCGCCCCTTGGTATTCCTTGGGGCATGCCTGTTCGAGCGTCACTATAAACCCGCTCATAAATGTTATGGTATTGATGGAAGTGAACTGTTGCAACTAAAGTGTGTGGATCACTCCATCGAAATACATAGGCAGGACAACAAACCTCTGTAGCTGACTTAGTAACTGTTTTCAAAGACACAAACCAGTCACTTGCTAGGTTCTAGCCTGGCCTCCTTAGACCTCCATTCAAGATAAAATACTGGGTTGACCTCGGATCAGGTAGGGATACCCGCCGAACTTAAGCNNAN,738,
ghe_m5x_7_D_ITSIF_F05.ab1,52.7%,3.9%,43.4%,645,ATAAATCGGAAAGCTGTCGCTGGCCTTCGGGCATGTGCACGCCGACCGTGTTTCATAAATTTCTCACCTGTGAACCTAATGTAGGATGCCTATTCCTTTGGGATAGGGGACCTATGTCTTCATATACATCTCCGTGTAGAAAGTCTTAGAATGTTTACTATCATAGAGTCGCGACTTCTAGGAGACGCGAATCTGTGAGATAAAAGTTATTACAACTTTCAGCAATGGATCTCTTGGCTCTCGCATCGATGAAGAACGCAGCGAAAAGCGATATGTAATGTGAATTGCAGATCTACAGTGAATCATCGAATCTTTGAACGCACCTTGCGCTCCTCGGTGTTCCGAGGAGCATGCCTGTTTGAGTGTCAGTAAATTCTCAACCCCTCTTGATTGAGGGAGTTTGGATAGTGGGGGTTTGCCGGAGACTTTTTGACTCGGGCTCTCCTGAAATGCATCGGCTTGCGGTCGACTTTCGACTATGCGCGACAAGGCTTTCGGCGTGATAATGATCGCCGTTCGCTGAAGCGCATGAATGAAGGTTTCGCGCCTCTAATACGTCGACTCTTATTATCTCTTAGGAGAGAAAAGGTCTTCTTTATTGACTTTTGACCTCAAATCAGGTAGGACTACCCGCTGAACTTAAGC,645,
ghe_m5x_8_D_ITSIF_B06.ab1,53.5%,8.7%,37.8%,471,ACCTGTTGCTTCCGGCTGTTTGGGCTGTACAGTTAGCTGAATAGCCTGGCCGGAAGGTTAACATAAAATATTGTATTTAGAGTCTTCTGAATTTTTAAAATAAAAGTTAAAACTTTCAACAACGGATCTCTTGGTTCTCGCATCGATGAAGAACGCAGCGAAATGCGATAAGTAGTGTGAATTGCAGAATTCAGTGAATCATCGAATCTTTGAACGCACATTGCGCCTTCCGGTATTCCGGGAGGCATGCCTGTCCGAGCGTCATCAAAAACCACTCAAGTAGTTTTGCTTGGTCATGAAAGAAGAGTTTGCTTGCAAATTCCCTTTCGAAATTCAATGGCGGAGAGTCTCATGATTCCGGCGTAGTAATAACTTATTCGCTTGGTCATTGTAATAATCCTGCCTCAAACCCCCAATTCTAGTGTTTGACCTCGGATCAGGTAGGGGATACCCGCTGAACTTAAGCATATC,471,
ghe_m5x_6_F_ITSIF_A05.ab1,53.8%,9.3%,36.8%,494,TATTCATTTGAATATACATTTCAAACCCCCTTGTCTAAACCACCTGTTGCTTCCGGCTGTTTGGGCTGTACAGTTAGCTGAATAGCCTGGCCGGAAGGTTAACATAAAATATTGTATTTAGAGTCTTCTGAATTTTTAAAATAGAAGTTAAAACTTTCAACAACGGATCTCTTGGTTCTCGCATCGATGAAGAACGCAGCGAAATGCGATAAGTAGTGTGAATTGCAGAATTCAGTGAATCATCGAATCTTTGAACGCACATTGCGCCTTCCGGTATTCCGGGAGGCATGCCTGTCCGAGCGTCATCAAAAACCACTCAAGTAGTTTTGCTTGGTCATGAAAGAAGAGTTTGCTTGCAAATTCCCTTTCGAAATTCAATGGCGGAGAGTCTCATGATTCCGGCGTAGTAATAACTTATTCGCTTGGTCATTGTAATAATCCTGCCTCAACCCCCAATTCTAGTGNTGACCTCGGATCAGGTAGGGATACCGCTG,494,
ghe_m5x_5_H_ITSIF_D04.ab1,53.9%,6.9%,39.2%,510,TTCCCTGACCCATACCACCTCTGTGTACCGCTCCATGTTGCTTTCCCAGGTGCTCAATCCTTGTAGTAGCTCATCGCAAATGACATGTCGCTGCTGCCCGCGAGTGGCTACTGGGAAAGGTCTTATTTAACGCCTTCAATTGAATTTGCCGTCTGAGTTGGCCTGGTGCCATGAACTTTGAACAAGTTAAAAAACTTTCAACAACGGATCTCTTGGCTCTCGCATCGATGAAGAACGCAGCGAAATGCGATAAGTAATGTGAATTGCAGAATTCAGTGAATCATCGAATCTTTGAACGCACATTGCGCCCCTTGGTATTCCTTGGGGCATGCCTGTTCGAGCGTCACTACAAAACCCACTCATAAATGTTATGGTACTGATGGAAGTGAACTGTCGCCACTCATGCGCTCAGATCACTCTGTTGAAATGCATAGGCAGGATAATCAACCTCCGCAACGGACTTAGTAACAGTTTTAAAGACATAAACCAGTCACTTGTTAGGTTCCAGCC,510,
ghe_m5x_9_B_ITSIF_G06.ab1,54.4%,12.8%,32.8%,561,GCAAACACTTCTATGTGTACTCTCCCATGTTGCTTCCCCAGACCAGTGGCCACTGCTGCCAGTCCGGCCTCTTAACGGGTTTCTGGTCTGAGATGTCTGGGGAAGGTCCATTATTAAACTTTTAAACCAAATGCCAGTCTGAGAAGGCCATGTGCCGTAATCTTTAAAACATATTAAAACTTTCAACAACGGATCTCTTGGCTCTCGCATCGATGAAGAACGCAGCGAAATGCGATAAGTAATGTGAATTGCAGAATTCAGTGAATCATCGAATCTTTGAACGCACATTGCGCCCTTTGGTATTCCTTAGGGCATACCTGTTCGAGCGTCACTAAAAACCATCTCATATATAATGTGGTATTGGTAGAAGTGNTAGTATTAATAGTACTTTGTCTTACTCTACTGANTGCATAGGCCAGAAAAGTGGACCATGGTAACAGACTCTCAGAGTGTTTTAAAATGCTAAATTAGTCTTACCACAGTTGATATCTGAGCTACCGGATCCCCATTTAGTCCAAACCAGAGAGTTGACCTCGGATCAGGTAGGGATACCCGCTGAAC,561,
ghe_m5x_9_A_ITSIF_F06.ab1,55.4%,4.3%,40.3%,630,CTAGGTGGTTGGTTTCAGCTGCCGTCCAACATTGCCTGATAGCTCAGTCAGCCCGAGTGGTTAACTCGGAGTTTGATCTTTTTTACTGATGGGTTAAGCTTTAATCGGTCAGCGAGCTTAATTTATGTCCATCAGGATCAGCTATGCAGGCCCCTGGGAAAGGGTCCATCCCAAATGAATATGCCAATCAGCTGTCTGAGTTGGCCTTGTGCCTTATTCTTTGAACAAGTTAAAACTTTCAACAACGGATCTCTTGGCTCTCGCATCGATGAAGAACGCAGCGAAATGCGATAAGTAATGTGAATTGCAGAATTCAGTGAATCATCGAATCTTTGAACGCACATTGCGCCCCTTGGTATTCCTTGGGGCATGCCTGTTCGAGCGTCACTATAAACCCGCTCATAAATGTTATGGTATTGATGGAAGTGAACTGTTGCAACTAAAGTGTGTGGATCACTCCATCGAAATACATAGGCAGGACAACAAACCTCTGTAGCTGACTTAGTAACTGTTTTCAAAGACACAAACCAGTCACTTGCTAGGTTCTAGCCTGGCCTCCTTAGACCTCCATTCAAGATAAAATACTGGGTTGACCTCGGATCAGGTAGGGATACCCGCTGAACTTAAGCA,630,
ghe_m5x_3_E_ITSIF_D02.ab1,55.7%,5.4%,38.9%,632,GCGCTGAGCCTTCGGGCATGTGCACGCCGACCGTGTTTCATAAATTTCTCACCTGTGAACCTAATGTAGGATGCCTATTCCTTTGGGATAGGGGACCTATGTCTTCATATACATCTCCGTGTAGAAAGTCTTAGAATGTTTACTATCATAGAGTCGCGACTTCTAGGAGACGCGAATCTGTGAGATAAAAGTTATTACAACTTTCAGCAATGGATCTCTTGGCTCTCGCATCGATGAAGAACGCAGCGAAAAGCGATATGTAATGTGAATTGCAGATCTACAGTGAATCATCGAATCTTTGAACGCACCTTGCGCTCCTCGGTGTTCCGAGGAGCATGCCTGTTTGAGTGTCAGTAAATTCTCAACCCCTCTTGATTGAGGGAGTTTGGATAGTGGGGGTTTGCCGGAGACTTTTTGACTCGGGCTCTCCTGAAATGCATCGGCTTGCGGTCGACTTTCGACTATGCGCGACAAGGCTTTCGGCGTGATAATGATCGCCGTTCGCTGAAGCGCATGAATGAAGGTTTCGCGCCTCTAATACGTCGACTCTTATTATCTCTTAGGAGAGAAAAGGTCTTCTTTTATTGACTTTTGACCTCAAATCAGGTAGGACTACCCGCTGAACTTAAGCA,632,
ghe_m5x_2_E_ITSIF_G01.ab1,56.0%,4.4%,39.6%,482,TTCATTTGAATATACATTTCAAACCCCCTTGTCTAAACCACCTGTTGCTTCCGGCTGTTTGGGCTGTACAGTTAGCTGAATAGCCTGGCCGGAAGGTTAACATAAAATATTGTATTTAGAGTCTTCTGAATTTTTAAAATAGAAGTTAAAACTTTCAACAACGGATCTCTTGGTTCTCGCATCGATGAAGAACGCAGCGAAATGCGATAAGTAGTGTGAATTGCAGAATTCAGTGAATCATCGAATCTTTGAACGCACATTGCGCCTTCCGGTATTCCGGGAGGCATGCCTGTCCGAGCGTCATCAAAAACCACTCAAGTAGTTTTGCTTGGTCATGAAAGAAGAGTTTGCTTGCAAATTCCCTTTCGAAATTCAATGGCGGAGAGTCTCATGATTCCGGCGTAGTAATAACTTATTCGCTTGNTCATTGTAATAATCCTGCCTCAAACCCCCAATTCTAGTGTTTGACCTCGGATCAGGTA,482,
ghe_m2x_2_G_ITS1F_B04.ab1,56.4%,26.6%,17.0%,723,NNNNNNNNNNNNNNNGANGACCTGCGNNGGTCATTAAAANTAATATATATTCATTTGAATATACATTTCAAACCCCCTTGTCTAAACCACCTGTTGCTTCCGGCTGTTTGGGCTGTACAGTTAGCTGAATAGCCTGGCCGGAAGGTTAACATAAAATATTGTATTTAGAGTCTTCTGAATTTTTAAAATAGAAGTTAAAACTTTCAACAACGGATCTCTTGGTTCTCGCATCGATGAAGAACGCAGCGAAATGCGATAAGTAGTGTGAATTGCAGAATTCAGTGAATCATCGAATCTTTGAACGCACATTGCGCCTTCCGGTATTCCGGGAGGCATGCCTGTCCGAGCGTCATCAAAAACCACTCAAGTAGTTTTGCTTGGTCATGAAAGAAGAGTTTGCTTGCAAATTCCCTTTCGAAATTCAATGGCGGAGAGTCTCATGATTCCGGCGTAGTAATAACTTATTCGCTTGGTCATTGTAATAATCCTGCCTCAAACCCCCAATTCTAGTGTTTGACCTCGGATCAGGTAGGGATACCCGCTGAACTTAAGCATATCTAANNNGGGGGGGAAAAANNGGGGGGGGGGAGGAAACCTTTACCCGCTGAAACTTCAGGCTTATCAATAAAGGGGGAGGGAAANNCCTGCCTTTATTAGCTACTTGGCCCCCCGATTCAAGAAAGGACGAACCCGCAGGACTAAGCATNAGGCATCGACAATTGG,723,
ghe_m5x_7_A_ITSIF_E07.ab1,57.0%,7.1%,35.8%,491,TGACCCAAACCCTCTCTGTGTACCAATCCATGTTGCTTTCCCAGGCATTCTGCCAAGGTGTCTGATAGGCTCCGCTGCTGGGCGTAAGTCCCACCTGGGAAAGGTCACAATCAAAATCTATAATTGAATTGNCTGTCTGAGTTGGCCAAGTGCCAAGTTTATTGAAAAAGTTAAAACTTTCAACAACGGATCTCTTGGCTCTCGCATCGATGAAGAACGCAGCGAAATGCGATAAGTAATGTGAATTGCAGAATTCAGTGAATCATCGAATCTTTGAACGCACATTGCGCCCCTTGGTATTCCTTGGGGCATGCCTGTTCGAGCGTCACTGCAAACCTGCTCATATATGTTATGGTGTTGATGGAAGTGAACAGTGGCTCCTATTGTGCCCAGATCACCTCGTCGAAATGAATAGGCAGGACAATCAACCTCTGCAACTGACTTAGTAACTGTTGACAAGACGTAAACCAGTCGCTTGCTAGGTTCTGGCC,491,
ghe_m5x_2_H_ITSIF_A02.ab1,57.5%,7.6%,34.9%,459,CATTTCAAACCCCCTTGTCTAAACCACCTGTTGCTTCCGGCTGTTTGGGCTGTACAGTTAGCTGAATAGCCTGGCCGGAAGGTTAACATAAAATATTGTATTTAGAGTCTTCTGAATTTTTAAAATAGAAGTTAAAACTTTCAACAACGGATCTCTTGGTTCTCGCATCGATGAAGAACGCAGCGAAATGCGATAAGTAGTGTGAATTGCAGAATTCAGTGAATCATCGAATCTTTGAACGCACATTGCGCCTTCCGGTATTCCGGGAGGCATGCCTGTCCGAGCGTCATCAAAAACCACTCAAGTAGTTTTGCTTGGTCATGAAAGAAGAGTTTGCTTGCAAATTCCCTTTCGAAATTCAATGGCGGAGAGTCTCATGATTCCGGCGTAGTAATAACTTATTCGCTTGGCATTGTAATAATCCTGCCTCAAACCCCCAATTCTAGTGTTTGACCTCGG,459,
ghe_m2x_5_B_ITS1F_F05.ab1,57.6%,27.9%,14.6%,768,NNNNNNNNNNNNNTANNNNACTGCGGAGGANCATTAAAAGTAATATATATTCATTTGAATATACATTTCAAACCCCCTTGTCTAAACCACCTGTTGCTTCCGGCTGTTTGGGCTGTACAGTTAGCTGAATAGCCTGGCCGGAAGGTTAACATAAAATATTGTATTTAGAGTCTTCTGAATTTTTAAAATAAAAGTTAAAACTTTCAACAACGGATCTCTTGGTTCTCGCATCGATGAAGAACGCAGCGAAATGCGATAAGTAGTGTGAATTGCAGAATTCAGTGAATCATCGAATCTTTGAACGCACATTGCGCCTTCCGGTATTCCGGGAGGCATGCCTGTCCGAGCGTCATCAAAAACCACTCAAGTAGTTTTGCTTGGTCATGAAAGAAGAGTTTGCTTGCAAATTCCCTTTCGAAATTCAATGGCGGAGAGTCTCATGATTCCGGCGTAGTAATAACTTATTCGCTTGGTCATTGTAATAATCCTGCCTCAAACCCCCAATTCTAGTGTTTGACCTCGGATCAGGTAGGGATACCCGCTGAACTTAAGCANTTANGGGNGNGAAAACCGNGCCGNCCCCCCCCCCCCGNCGCCGCTTATTACCCTGTTGGCAAAAACGAGTCCTCTTTCTTTCCTTTTTACCTCCCCAGCCCCCCTCAACCCACCCGGGAAGTTAAGCTCTTNTTCGCCCGCGGAACCNNNTTTTTTGCCCGCCTAACCTCNCTTCGGGGGGGGCCCCCCCGTCTTATCNTGCGGGGGACCCAN,768,
ghe_m2x_3_H_ITS1F_G04.ab1,57.8%,11.4%,30.8%,747,NNNNNNNNNNNNTNNGCGNTGNNNNNNNGTAAAGTNATTACACGTATCATGTNACACTAATGTGGCCCTTGACCAAAACCCTCTCTGCGTACCAATCTATGTTGCTTTCCTAGGTGGTTGGTTTCAGCTGCCGTCCAACATTGCCTGCTAGCTCAGTCAGCCCGAGTGGTTAACTCGGAGTTTGATCTTTTTTACTGATGGGTTAAGCTTTAATCGGTCAGCGAGCTTAATTTATGTCCATCAGGATCAGCTATGCAGGCCCCTGGGAAAGGGTCCATCCCAAATGAATATGCCAATCAGCTGTCTGAGTTGGCCTTGTGCCTTATTCTTTGAACAAGTTAAAACTTTCAACAACGGATCTCTTGGCTCTCGCATCGATGAAGAACGCAGCGAAATGCGATAAGTAATGTGAATTGCAGAATTCAGTGAATCATCGAATCTTTGAACGCACATTGCGCCCCTTGGTATTCCTTGGGGCATGCCTGTTCGAGCGTCACTATAAACCCGCTCATAAATGTTATGGTATTGATGGAAGTGAACTGTTGCAACTAAAGTGTGTGGATCACTCCATCGAAATACATAGGCAGGACAACAAACCTCTGTAGCTGACTTAGTAACTGTTTTCAAAGACACAAACCAGTCACTTGCTAGGTTCTAGCCTGGCCTCCTTAGACCTCCATTCAAGATAAAATACTGGGTTGACCTCGGATCAGGTAGGGATACCCGCTGAACTTAAGCATNTNANNN,747,
ghe_m2x_5_A_ITS1F_E05.ab1,58.1%,28.2%,13.7%,817,NNNNNNNNNNNNNNNANTGNNCTGCGGNGGATCATTAAAAGTAATATATATTCATTTGAATATACATTTCAAACCCCCTTGTCTAAACCACCTGTTGCTTCCGGCTGTTTGGGCTGTACAGTTAGCTGAATAGCCTGGCCGGAAGGTTAACATAAAATATTGTATTTAGAGTCTTCTGAATTTTTAAAATAAAAGTTAAAACTTTCAACAACGGATCTCTTGGTTCTCGCATCGATGAAGAACGCAGCGAAATGCGATAAGTAGTGTGAATTGCAGAATTCAGTGAATCATCGAATCTTTGAACGCACATTGCGCCTTCCGGTATTCCGGGAGGCATGCCTGTCCGAGCGTCATCAAAAACCACTCAAGTAGTTTTGCTTGGTCATGAAAGAAGAGTTTGCTTGCAAATTCCCTTTCGAAATTCAATGGCGGAGAGTCTCATGATTCCGGCGTAGTAATAACTTATTCGCTTGGTCATTGTAATAATCCTGCCTCAAACCCCCAATTCTAGTGTTTGACCTCGGATCAGGTAGGGATACCCGCTGAACTTAAGCTTANAANGGGGGGGAGAAAAAAANGGGGTTTGGTAANGGGGGGAAAGGATCGGGAGNGGGGGGATTTTGAGGGGAAAGGAGAAGGAAGGGGAGGGNGCGGAAAGGGACTATATAAAGGACTATTGCATATAAAAGGAAAAAGGGAGGGGGGGGGGATATGCATCGGGGGGAGGGAAAAATCAATAATGGAAGGATGGGGCCTACAAAAAAGGGAGGGACAAGCAGGCGGAATATGTGAGAANNNNCCGTGGGGNNGAAANANC,817,
ghe_m2x_7_C_ITS1F_F06.ab1,58.4%,23.0%,18.7%,718,NNNNNNNNNNNNCNTAGNNGNNCTGCGGAGGATCATTAAAAGTAATATATATTCATTTGAATATACATTTCAAACCCCCTTGTCTAAACCACCTGTTGCTTCCGGCTGTTTGGGCTGTACAGTTAGCTGAATAGCCTGGCCGGAAGGTTAACATAAAATATTGTATTTAGAGTCTTCTGAATTTTTAAAATAAAAGTTAAAACTTTCAACAACGGATCTCTTGGTTCTCGCATCGATGAAGAACGCAGCGAAATGCGATAAGTAGTGTGAATTGCAGAATTCAGTGAATCATCGAATCTTTGAACGCACATTGCGCCTTCCGGTATTCCGGGAGGCATGCCTGTCCGAGCGTCATCAAAAACCACTCAAGTAGTTTTGCTTGGTCATGAAAGAAGAGTTTGCTTGCAAATTCCCTTTCGAAATTCAATGGCGGAGAGTCTCATGATTCCGGCGTAGTAATAACTTATTCGCTTGGTCATTGTAATAATCCTGCCTCAAACCCCCAATTCTAGTGTTTGACCTCGGATCAGGTAGGGATACCCGCTGACTTAAGCNNNNNGNGGGGGGGNNAANGNTGATTTTCCGCCCCTNNAATACNTNGACTTTTATTATCTCTTAGGAGAGAAAAGGTCTTCTTTTTTGACTTTTGACNTCAAATCAGGTAGGACTACCCGCTGAACTTAAGCATATCATAANCCGGGGGANAAAACNNNNNGGN,718,
ghe_m2x_4_A_ITS1F_H04.ab1,59.1%,8.2%,32.7%,697,NNNNNNNNNNNNNNNNAGGTGNNCTGCGGNGGATCATTAACGAATATAAATCGGAAAGCTGTCGCTGGCCTTCGGGCATGTGCACGCCGACCGTGTTTCATAAATTTCTCACCTGTGAACCTAATGTAGGATGCCTATTCCTTTGGGATAGGGGACCTATGTCTTCATATACATCTCCGTGTAGAAAGTCTTAGAATGTTTACTATCATAGAGTCGCGACTTCTAGGAGACGCGAATCTGTGAGATAAAAGTTATTACAACTTTCAGCAATGGATCTCTTGGCTCTCGCATCGATGAAGAACGCAGCGAAAAGCGATATGTAATGTGAATTGCAGATCTACAGTGAATCATCGAATCTTTGAACGCACCTTGCGCTCCTCGGTGTTCCGAGGAGCATGCCTGTTTGAGTGTCAGTAAATTCTCAACCCCTCTTGATTGAGGGAGTTTGGATAGTGGGGGTTTGCCGGAGACTTTTTGACTCGGGCTCTCCTGAAATGCATCGGCTTGCGGTCGACTTTCGACTATGCGCGACAAGGCTTTCGGCGTGATAATGATCGCCGTTCGCTGAAGCGCATGAATGAAGGTTTCGCGCCTCTAATACGTCGACTCTTATTATCTCTTAGGAGAGAAAAGGTCTTCTTTATTGACTTTTGACCTCAAATCAGGTAGGACTACCCGCTGAACTTAAGCANNTNNN,697,
ghe_m5x_9_C_ITSIF_G07.ab1,59.1%,6.0%,34.9%,651,GATTCAAACCCTCTCTGTGTACCAATCCATGTTGCTTTCCTAGGTGGTTGGTCCAAGCTGCCGTCCAACATTGCCTGCTAGCTAAGTCAATCTGAGTTGCTAATGTTGTAACTCAGAACCTGACACTGTCCCGATAGTGTGAGCTTTAATAAGTCAGCGAGCTTAATTGTTATCTATCAGGGTGGGCTATTCAGGTCCCTGGGAAAGGGCCCATTCAAAGTTCACGCTTCAATCAGCTGTCTGAGTTGGCCAAGTGCCATATTCTTTGAACAAGTTAAAACTTTCAACAACGGATCTCTTGGCTCTCGTATCGATGAAGAACGCAGCGAAATGCGATAAGTAATGTGAATTGCAGAATTCAGTGAATCATCGAATCTTTGAACGCACATTGCGCCCCTTGGTATTCCTTGGGGGCATGCCTGTCCGAGCGTCACTGCAAACCTGCTCATAAATACTATGGTACTGATGGAAGTGAACTCTGGCCTCTAATATGCTGGGATCACCCCGTTGAAATGCATAGGCAGGACAATCAACCTTTGCAACTGACTTAGTAACTGTTTTCAAAACAATAACCAGTCACTGCCTAGGTTCTAGCCTGGNCCTCCATGGNCCTCCATCCAAGATGAATTCTGGGTTGACCTCGGATCAGGT,651,
ghe_m2x_4_H_ITS1F_D05.ab1,60.6%,25.5%,13.9%,792,NNNNNNNNNNNNNNNNTAGNNGNNCTGCGGNGGATCATTAAAAGTAATATATATTCATTTGAATATACATTTCAAACCCCCTTGTCTAAACCACCTGTTGCTTCCGGCTGTTTGGGCTGTACAGTTAGCTGAATAGCCTGGCCGGAAGGTTAACATAAAATATTGTATTTAGAGTCTTCTGAATTTTTAAAATAAAAGTTAAAACTTTCAACAACGGATCTCTTGGTTCTCGCATCGATGAAGAACGCAGCGAAATGCGATAAGTAGTGTGAATTGCAGAATTCAGTGAATCATCGAATCTTTGAACGCACATTGCGCCTTCCGGTATTCCGGGAGGCATGCCTGTCCGAGCGTCATCAAAAACCACTCAAGTAGTTTTGCTTGGTCATGAAAGAAGAGTTTGCTTGCAAATTCCCTTTCGAAATTCAATGGCGGAGAGTCTCATGATTCCGGCGTAGTAATAACTTATTCGCTTGGTCATTGTAATAATCCTGCCTCAAACCCCCAATTCTAGTGTTTGACCTCGGATCAGGTAGGGATACCCGCTGAACTTAAGCTNTNAAGGGGGGGGGAAAAAAAGGGGGGGTTTTTTAGAGGGGGGACCCGCCCTGAGAGGAGGGAATTNTGACGTGGAAAAGGAACGACGTGGAGGGGTGGGCAAAGGGGAATAGAAACGATCGTCTGTTTAAAAAGAAAAAGGATAGNGGGGGGATTTGGCTTCGGCGGGGGGACCACCNACTTTTGGTGGGTGGGCCCAAAAAAAGGGGGGATACCCGGCGGGATTTTGTCATC,792,
ghe_m2x_10_A_ITS1F_F08.ab1,61.2%,23.5%,15.3%,719,NNNNNNNNNNNNNNNNNNNAGNNGNCCTNCGGNGGNNCATTAAAAGTAATATATATTCATTTGAATATACATTTCAAACCCCCTTGTCTAAACCACCTGTTGCTTCCGGCTGTTTGGGCTGTACAGTTAGCTGAATAGCCTGGCCGGAAGGTTAACATAAAATATTGTATTTAGAGTCTTCTGAATTTTTAAAATAAAAGTTAAAACTTTCAACAACGGATCTCTTGGTTCTCGCATCGATGAAGAACGCAGCGAAATGCGATAAGTAGTGTGAATTGCAGAATTCAGTGAATCATCGAATCTTTGAACGCACATTGCGCCTTCCGGTATTCCGGGAGGCATGCCTGTCCGAGCGTCATCAAAAACCACTCAAGTAGTTTTGCTTGGTCATGAAAGAAGAGTTTGCTTGCAAATTCCCTTTCGAAATTCAATGGCGGAGAGTCTCATGATTCCGGCGTAGTAATAACTTATTCGCTTGGTCATTGTAATAATCCTGCCTCAAACCCCCAATTCTAGTGTTTGACCTCGGATCAGGTAGGGATACCCGCTGAACTTAAGCATNNNNNNNNGGGGGNAAANNNTTNNNTTCGCGNCCCCTCTAACACGTCGCCTCTTATTATCTCTTAGGNAGAGAAAAGGCTTCTTTTATTGACTTTTTGACCTCAAAATCAGGTAGGACTACCCGGCTGAAANNNNNGCATATCATANNNNGGNNGAAA,719,
ghe_m2x_8_C_ITS1F_E07.ab1,61.3%,29.2%,9.6%,764,NNNNNNNNNNNNTNNNNNNGATGANCTGCGGNGGATCATTAAAAGTAATATATATTCATTTGAATATACATTTCAAACCCCCTTGTCTAAACCACCTGTTGCTTCCGGCTGTTTGGGCTGTACAGTTAGCTGAATAGCCTGGCCGGAAGGTTAACATAAAATATTGTATTTAGAGTCTTCTGAATTTTTAAAATAGAAGTTAAAACTTTCAACAACGGATCTCTTGGTTCTCGCATCGATGAAGAACGCAGCGAAATGCGATAAGTAGTGTGAATTGCAGAATTCAGTGAATCATCGAATCTTTGAACGCACATTGCGCCTTCCGGTATTCCGGGAGGCATGCCTGTCCGAGCGTCATCAAAAACCACTCAAGTAGTTTTGCTTGGTCATGAAAGAAGAGTTTGCTTGCAAATTCCCTTTCGAAATTCAATGGCGGAGAGTCTCATGATTCCGGCGTAGTAATAACTTATTCGCTTGGTCATTGTAATAATCCTGCCTCAAACCCCCAATTCTAGTGTTTGACCTCGGATCAGGTAGGGATACCCGCTGAACTTAAGNTTAAANCGGGGGGGNAAAAAAATGCCGGGTGCGAGCCTCGATCCGGGGGGGGGGTTTGGGCTTTTTTTCCGGNGAACGACGCTTGGGCGGGCTTTTGGCCCCCATTTGTATCTCGTACCCCCCTGCCTGAGTTAGGGGGTTTTACCCCCCTCAACTTTCGATTTCCATTAGGCGGTGCNNANNCNNNGGAGNNTTTAAACACCCGN,764,
ghe_m5x_6_E_ITSIF_H04.ab1,61.7%,7.2%,31.1%,517,CATTAAAGTAATATATATTCATTTGAATATACATTTCAAACCCCCTTGTCTAAACCACCTGTTGCTTCCGGCTGTTTGGGCTGTACAGTTAGCTGAATAGCCTGGCCGGAAGGTTAACATAAAATATTGTATTTAGAGTCTTCTGAATTTTTAAAATAAAAGTTAAAACTTTCAACAACGGATCTCTTGGTTCTCGCATCGATGAAGAACGCAGCGAAATGCGATAAGTAGTGTGAATTGCAGAATTCAGTGAATCATCGAATCTTTGAACGCACATTGCGCCTTCCGGTATTCCGGGAGGCATGCCTGTCCGAGCGTCATCAAAAACCACTCAAGTAGTTTTGCTTGGTCATGAAAGAAGAGTTTGCTTGCAAATTCCCTTTCGAAATTCAATGGCGGAGAGTCTCATGATTCCGGCGTAGTAATAACTTATTCGCTTGGTCATTGTAATAATCCTGCCTCAAACCCCCAATTCTAGTGTTTGACCTCGGATCAGGTAGGGATACCCGCTGAACTT,517,
ghe_m2x_2_E_ITS1F_A04.ab1,61.9%,15.6%,22.4%,754,NNNNNNNNNNNNNNNNNNNNGTGANNNGCGGNGGATCATTAACGAATATAAATCGGAAAGCTGTCGCTGGCCTTCGGGCATGTGCACGCCGACCGTGTTTCATAAATTTCTCACCTGTGAACCTAATGTAGGATGCCTATTCCTTTGGGATAGGGGACCTATGTCTTCATATACATCTCCGTGTAGAAAGTCTTAGAATGTTTACTATCATAGAGTCGCGACTTCTAGGAGACGCGAATCTGTGAGATAAAAGTTATTACAACTTTCAGCAATGGATCTCTTGGCTCTCGCATCGATGAAGAACGCAGCGAAAAGCGATATGTAATGTGAATTGCAGATCTACAGTGAATCATCGAATCTTTGAACGCACCTTGCGCTCCTCGGTGTTCCGAGGAGCATGCCTGTTTGAGTGTCAGTAAATTCTCAACCCCTCTTGATTGAGGGAGTTTGGATAGTGGGGGTTTGCCGGAGACTTTTTGACTCGGGCTCTCCTGAAATGCATCGGCTTGCGGTCGACTTTCGACTATGCGCGACAAGGCTTTCGGCGTGATAATGATCGCCGTTCGCTGAAGCGCATGAATGAAGGTTNCGCGCCTCTAATACGTCGACTCTTATTATCTCTTAGGAGAGAAAAGGTCTTCTTTATTGACTTTTGACCTCAAATCAGGTAGGACTACCCGCTGAACTTAAGNNNNNNNNNNNNNNNNNNNNNNNNNNNTTTNNTTNNNNNGGNNNNTNTNNNNNGGGNNCNNNN,754,
ghe_m5x_1_C_ITSIF_A07.ab1,61.9%,5.3%,32.8%,473,ATACATTTCAAACCCCCTTGTCTAAACCACCTGTTGCTTCCGGCTGTTTGGGCTGTACAGTTAGCTGAATAGCCTGNCCGGAAGGTTAACATAAAATATTGTATTTAGAGTCTTCTGAATTTTTAAAATAAAAGTTAAAACTTTCAACAACGGATCTCTTGGTTCTCGCATCGATGAAGAACGCAGCGAAATGCGATAAGTAGTGTGAATTGCAGAATTCAGTGAATCATCGAATCTTTGAACGCACATTGCGCCTTCCGGTATTCCGGGAGGCATGCCTGTCCGAGCGTCATCAAAAACCACTCAAGTAGTTTTGCTTGGTCATGAAAGAAGAGTTTGCTTGCAAATTCCCTTTCGAAATTCAATGGCGGAGAGTCTCATGATTCCGGCGTAGTAATAACTTATTCGCTTGNTCATTGTAATAATCCTGCCTCAAACCCCCAATTCTAGTGTTTGACCTCGGATCAGTAGGG,473,
ghe_m2x_5_D_ITS1F_G05.ab1,62.5%,25.4%,12.1%,717,NNNNNNNNNNNNNNNNNNAGNNGANNNCGGNGGANNTTAAAAGTAATATATATTCATTTGAATATACATTTCAAACCCCCTTGTCTAAACCACCTGTTGCTTCCGGCTGTTTGGGCTGTACAGTTAGCTGAATAGCCTGGCCGGAAGGTTAACATAAAATATTGTATTTAGAGTCTTCTGAATTTTTAAAATAAAAGTTAAAACTTTCAACAACGGATCTCTTGGTTCTCGCATCGATGAAGAACGCAGCGAAATGCGATAAGTAGTGTGAATTGCAGAATTCAGTGAATCATCGAATCTTTGAACGCACATTGCGCCTTCCGGTATTCCGGGAGGCATGCCTGTCCGAGCGTCATCAAAAACCACTCAAGTAGTTTTGCTTGGTCATGAAAGAAGAGTTTGCTTGCAAATTCCCTTTCGAAATTCAATGGCGGAGAGTCTCATGATTCCGGCGTAGTAATAACTTATTCGCTTGGTCATTGTAATAATCCTGCCTCAAACCCCCAATTCTAGTGTTTGACCTCGGATCAGGTAGGGATACCCGCTGAACTTAAGCATATCATANNNNGGGGANAGAAAANTTTCTTCTTGTTCCCTCCCCCCTTTTCCGTCCTCCTNNNNTCNNCCTCNTNNCCNNGCGGGGATCCCCGCCTTCTTAANCNNTCNNCCNCGNNNCCNTTAANANTACATGGTNAGCTNANCTCTTNTTCGNNCCTC,717,
ghe_m2x_9_G_ITS1F_D08.ab1,62.6%,9.6%,27.8%,740,NNNNNNNNNNNNNNNNNNGNNGNNNTGCGGNAGNTNATTACACATATATGGGACACTAATGTGGTCCCTTGACCAAAACCCTCTCTGCGTACCAATCTATGTTGCTTTCCTAGGTGGTTGGTTTCAGCTGCCGTCCAACATTGCCTGATAGCTCAGTCAGCCCGAGTGGTTAACTCGGAGTTTGATCTTTTTTACTGATGGGTTAAGCTTTAATCGGTCAGCGAGCTTAATTTATGTCCATCAGGATCAGCTATGCAGGCCCCTGGGAAAGGGTCCATCCCAAATGAATATGCCAATCAGCTGTCTGAGTTGGCCTTGTGCCTTATTCTTTGAACAAGTTAAAACTTTCAACAACGGATCTCTTGGCTCTCGCATCGATGAAGAACGCAGCGAAATGCGATAAGTAATGTGAATTGCAGAATTCAGTGAATCATCGAATCTTTGAACGCACATTGCGCCCCTTGGTATTCCTTGGGGCATGCCTGTTCGAGCGTCACTATAAACCCGCTCATAAATGTTATGGTATTGATGGAAGTGAACTGTTGCAACTAAAGTGTGTGGATCACTCCATCGAAATACATAGGCAGGACAACAAACCTCTGTAGCTGACTTAGTAACTGTTTTCAAAGACACAAACCAGTCACTTGCTAGGTTCTAGCCTGGCCTCCTTAGACCTCCATTCAAGATAAAATACTGGGTTGACCTCGGATCAGGTAGGGATACCCGCTGAACTTAANNNT,740,
ghe_m2x_2_D_ITS1F_H03.ab1,62.9%,13.4%,23.7%,754,NNNNNNNNNNNNNNNNNAGGTGANNNCGGNGGATCATTAACGAATATAAATCGGAAAGCTGTCGCTGGCCTTCGGGCATGTGCACGCCGACCGTGTTTCATAAATTTCTCACCTGTGAACCTAATGTAGGATGCCTATTCCTTTGGGATAGGGGACCTATGTCTTCATATACATCTCCGTGTAGAAAGTCTTAGAATGTTTACTATCATAGAGTCGCGACTTCTAGGAGACGCGAATCTGTGAGATAAAAGTTATTACAACTTTCAGCAATGGATCTCTTGGCTCTCGCATCGATGAAGAACGCAGCGAAAAGCGATATGTAATGTGAATTGCAGATCTACAGTGAATCATCGAATCTTTGAACGCACCTTGCGCTCCTCGGTGTTCCGAGGAGCATGCCTGTTTGAGTGTCAGTAAATTCTCAACCCCTCTTGATTGAGGGAGTTTGGATAGTGGGGGTTTGCCGGAGACTTTTTGACTCGGGCTCTCCTGAAATGCATCGGCTTGCGGTCGACTTTCGACTATGCGCGACAAGGCTTTCGGCGTGATAATGATCGCCGTTCGCTGAAGTGCATGAATGAAGGTTACGCGCCTCTAATACGTCGACTCTTATTATCTCTTAGGAGAGAAAAGGTCTTCCTTATTGACTTTTGACCTCAAATCAGGTAGGACTACCCGCTGAACTTAAGNNNANATNNGNNNNNNNNNGNNNNNNNNAGGGGGGGGGGGANNGNTTNNNANNNANANNNNNNNN,754,
ghe_m5x_4_B_ITSIF_H02.ab1,63.0%,2.7%,34.4%,489,TATACATTTCAAACCCCCTTGTCTAAACCACCTGTTGCTTCCGGCTGTTTGGGCTGTACAGTTAGCTGAATAGCCTGGCCGGAAGGTTAACATAAAATATTGTATTTAGAGTCTTCTGAATTTTTAAAATAAAAGTTAAAACTTTCAACAACGGATCTCTTGGTTCTCGCATCGATGAAGAACGCAGCGAAATGCGATAAGTAGTGTGAATTGCAGAATTCAGTGAATCATCGAATCTTTGAACGCACATTGCGCCTTCCGGTATTCCGGGAGGCATGCCTGTCCGAGCGTCATCAAAAACCACTCAAGTAGTTTTGCTTGGTCATGAAAGAAGAGTTTGCTTGCAAATTCCCTTTCGAAATTCAATGGCGGAGAGTCTCATGATTCCGGCGTAGTAATAACTTATTCGCTTGGTCATTGTAATAATCCTGCCTCAAACCCCCAATTCTAGTGTTTGACCTCGGATCAGGTAGGGATACCCGCTGAACT,489,
ghe_m5x_3_H_ITSIF_G02.ab1,63.5%,6.0%,30.5%,482,TTCAAACCCCCTTGTCTAAACCACCTGTTGCTTCCGGCTGTTTGGGCTGTACAGTTAGCTGAATAGCCTGGCCGGAAGGTTAACATAAAATATTGTATTTAGAGTCTTCTGAATTTTTAAAATAAAAGTTAAAACTTTCAACAACGGATCTCTTGGTTCTCGCATCGATGAAGAACGCAGCGAAATGCGATAAGTAGTGTGAATTGCAGAATTCAGTGAATCATCGAATCTTTGAACGCACATTGCGCCTTCCGGTATTCCGGGAGGCATGCCTGTCCGAGCGTCATCAAAAACCACTCAAGTAGTTTTGCTTGGTCATGAAAGAAGAGTTTGCTTGCAAATTCCCTTTCGAAATTCAATGGCGGAGAGTCTCATGATTCCGGCGTAGTAATAACTTATTCGCTTGGTCATTGTAATAATCCTGCCTCAAACCCCCAATTCTAGTGTTTGACCTCGGATCAGGTAGGGATACCCGCTGAACT,482,
ghe_m2x_8_H_ITS1F_H07.ab1,63.7%,28.1%,8.2%,711,NNNNNNNNNNNNNNNNNNNNNNGNNCNGCGGNAGGTNCATTAAAAGTAATATATATTCATTTGAATATACATTTCAAACCCCCTTGTCTAAACCACCTGTTGCTTCCGGCTGTTTGGGCTGTACAGTTAGCTGAATAGCCTGGCCGGAAGGTTAACATAAAATATTGTATTTAGAGTCTTCTGAATTTTTAAAATAAAAGTTAAAACTTTCAACAACGGATCTCTTGGTTCTCGCATCGATGAAGAACGCAGCGAAATGCGATAAGTAGTGTGAATTGCAGAATTCAGTGAATCATCGAATCTTTGAACGCACATTGCGCCTTCCGGTATTCCGGGAGGCATGCCTGTCCGAGCGTCATCAAAAACCACTCAAGTAGTTTTGCTTGGTCATGAAAGAAGAGTTTGCTTGCAAATTCCCTTTCGAAATTCAATGGCGGAGAGTCTCATGATTCCGGCGTAGTAATAACTTATTCGCTTGGTCATTGTAATAATCCTGCCTCAAACCCCCAATTCTAGTGTTTGACCTCGGATCAGGTAGGGATACCCGCTGAACTTAAGCATATNNNNNGGGGGGGGAAAAAGNTTNGAGGNNNNNTCCGCCNCNCCCNCNTNCTTNGCCTTTTGACGGGGTATCGTCCGGNAGGGGTGTGCGCTAANGGNNTTNGACCCCCNNCCTCCGCCAGAAGTANNNGNNANNNTTNNCCNTAGGNN,711,
ghe_m2x_5_E_ITS1F_H05.ab1,64.4%,17.4%,18.2%,683,NNNNNNNNNNNNNCNTAGATGNNNTGCGGAGGATCATTAAAAGTAATATATATTCATTTGAATATACATTTCAAACCCCCTTGTCTAAACCACCTGTTGCTTCCGGCTGTTTGGGCTGTACAGTTAGCTGAATAGCCTGGCCGGAAGGTTAACATAAAATATTGTATTTAGAGTCTTCTGAATTTTTAAAATAGAAGTTAAAACTTTCAACAACGGATCTCTTGGTTCTCGCATCGATGAAGAACGCAGCGAAATGCGATAAGTAGTGTGAATTGCAGAATTCAGTGAATCATCGAATCTTTGAACGCACATTGCGCCTTCCGGTATTCCGGGAGGCATGCCTGTCCGAGCGTCATCAAAAACCACTCAAGTAGTTTTGCTTGGTCATGAAAGAAGAGTTTGCTTGCAAATTCCCTTTCGAAATTCAATGGCGGAGAGTCTCATGATTCCGGCGTAGTAATAACTTATTCGCTTGGTCATTGTAATAATCCTGCCTCAAACCCCCAATTCTAGTGTTTGACCTCGGATCAGGTAGGGATACCCGCTGAACTTAAGNTNNNANNGGGGGGGGAAAAAATTTTTTTTTCACACCCCGAAAACAACTCTCTACATCTCGAAAAGGAGAAATTCCGCCTTATTGACCTTTGGCCCCCAATCCGGCGGCTACCCGCTGGCTAGCTCTG,683,
ghe_m2x_8_D_ITS1F_F07.ab1,65.6%,13.9%,20.5%,753,NNNNNNNNNNNNNNAGGTGANNTGCGGNGGTCATTAACGAATATAAATCGGAAAGCTGTCGCTGGCCTTCGGGCATGTGCACGCCGACCGTGTTTCATAAATTTCTCACCTGTGAACCTAATGTAGGATGCCTATTCCTTTGGGATAGGGGACCTATGTCTTCATATACATCTCCGTGTAGAAAGTCTTAGAATGTTTACTATCATAGAGTCGCGACTTCTAGGAGACGCGAATCTGTGAGATAAAAGTTATTACAACTTTCAGCAATGGATCTCTTGGCTCTCGCATCGATGAAGAACGCAGCGAAAAGCGATATGTAATGTGAATTGCAGATCTACAGTGAATCATCGAATCTTTGAACGCACCTTGCGCTCCTCGGTGTTCCGAGGAGCATGCCTGTTTGAGTGTCAGTAAATTCTCAACCCCTCTTGATTGAGGGAGTTTGGATAGTGGGGGTTTGCCGGAGACTTTTTGACTCGGGCTCTCCTGAAATGCATCGGCTTGCGGTCGACTTTCGACTATGCGCGACAAGGCTTTCGGCGTGATAATGATCGCCGTTCGCTGAAGCGCATGAATGAAGGTTTCGCGCCTCTAATACGTCGACTCTTATTATCTCTTAGGAGAGAAAAGGTCTTCTTTATTGACTTTTGACCTCAAATCAGGTAGGACTACCCGCTGAACTTANNNNNNNNNNNNNNNNNNNNNNNNNNNNNNNNNNNTNTANNCNNCCGGGNGGGNNNNNNNNNNNNNNNN,753,
ghe_m2x_8_A_ITS1F_C07.ab1,65.9%,24.3%,9.8%,734,NNNNNNNNNNNNNNNNNNNNNTGNCCTGCGGNGGATCATTAAAAGTAATATATATTCATTTGAATATACATTTCAAACCCCCTTGTCTAAACCACCTGTTGCTTCCGGCTGTTTGGGCTGTACAGTTAGCTGAATAGCCTGGCCGGAAGGTTAACATAAAATATTGTATTTAGAGTCTTCTGAATTTTTAAAATAAAAGTTAAAACTTTCAACAACGGATCTCTTGGTTCTCGCATCGATGAAGAACGCAGCGAAATGCGATAAGTAGTGTGAATTGCAGAATTCAGTGAATCATCGAATCTTTGAACGCACATTGCGCCTTCCGGTATTCCGGGAGGCATGCCTGTCCGAGCGTCATCAAAAACCACTCAAGTAGTTTTGCTTGGTCATGAAAGAAGAGTTTGCTTGCAAATTCCCTTTCGAAATTCAATGGCGGAGAGTCTCATGATTCCGGCGTAGTAATAACTTATTCGCTTGGTCATTGTAATAATCCTGCCTCAAACCCCCAATTCTAGTGTTTGACCTCGGATCAGGTAGGGATACCCGCTGAACTTAAGCNNTNNGGNGGNGNNNGANTCNACNGTCNCCCCCCCCTGGCGCCGTCCTTGTCGGCGTTTCTCAAAGAACACAACCCGGCGCGCACAATTCTCCCCNCCGTCCCCCCCTACCCCCCCCCCCAAAACAAANGCGGGCCCCCCCCCNACCNGGANNCCCCCCCGCTTAACTCNCCCGTN,734,
ghe_m2x_7_H_ITS1F_B07.ab1,67.0%,23.2%,9.8%,704,NNNNNNNNNNNNNNNANGANGNNTNCGGAGGNTCANTAAAAGTAATATATATTCATTTGAATATACATTTCAAACCCCCTTGTCTAAACCACCTGTTGCTTCCGGCTGTTTGGGCTGTACAGTTAGCTGAATAGCCTGGCCGGAAGGTTAACATAAAATATTGTATTTAGAGTCTTCTGAATTTTTAAAATAAAAGTTAAAACTTTCAACAACGGATCTCTTGGTTCTCGCATCGATGAAGAACGCAGCGAAATGCGATAAGTAGTGTGAATTGCAGAATTCAGTGAATCATCGAATCTTTGAACGCACATTGCGCCTTCCGGTATTCCGGGAGGCATGCCTGTCCGAGCGTCATCAAAAACCACTCAAGTAGTTTTGCTTGGTCATGAAAGAAGAGTTTGCTTGCAAATTCCCTTTCGAAATTCAATGGCGGAGAGTCTCATGATTCCGGCGTAGTAATAACTTATTCGCTTGGTCATTGTAATAATCCTGCCTCAAACCCCCAATTCTAGTGTTTGACCTCGGATCAGGTAGGGATACCCGCTGAACTTAAGCNNTNNNNNGGGGGNNAGNGNGNTANATGTGGGNAAAAATGGGGTAGGGATTGAGAAGAAGAACAGTACGCTGGCGTGTGTTAAATGGCGTCCTTAGAACCCCATAAAAGAAAAAATATTGGGTTGACCTCTGAAGCGGGAAGGAAAACC,704,
ghe_m2x_9_H_ITS1F_E08.ab1,67.3%,17.2%,15.4%,725,NNNNNNNNNNNNNNAGATGACCTGCGNNGGTCATTACAAATGTCTGNNNGTCCAATTTGGCTCCTAAGCAAACACTTCTATGTGTACTCTCCCATGTTGCTTCCCCAGACCAGTGGCCACTGCTGCCAGTCCGGCCTCTTAACGGGTTTCTGGTCTGAGATGTCTGGGGAAGGTCCATTATTAAACTTTTAAACCAAATGCCAGTCTGAGAAGGCCATGTGCCGTAATCTTTAAAACATATTAAAACTTTCAACAACGGATCTCTTGGCTCTCGCATCGATGAAGAACGCAGCGAAATGCGATAAGTAATGTGAATTGCAGAATTCAGTGAATCATCGAATCTTTGAACGCACATTGCGCCCTTTGGTATTCCTTAGGGCATACCTGTTCGAGCGTCACTAAAAACCATCTCATATATAATGTGGTATTGGTAGAAGTGGGTAGTATTAATAGTACTTTGTCTTACTCTACTGAAATGCATAGGCCAGAAAAGTGGACCATGGTAACAGACTCTCAGAGTGTTTTAAAATGCTAAATTAGTCTTACCACAGTTGATATCTGAGCTACCGGATCCCCATTTAGTCCAAACCAGAGAGGTTGACCTCGGATCAGGTAGGGATACCCGCTGAACTTAAGCNNNNNNNNNNNNNNNNNNNNNNANNNNNNNNGNCCTCNCACGCCGCCCCATNTNAANTTCNNAGTGCGGGTGTCCGNNCNNCCGGANG,725,
ghe_m2x_8_B_ITS1F_D07.ab1,71.2%,21.7%,7.1%,663,NNNNNNNNNNNNNNNNNNGNTNNNNTGCGGNANNTCATTAAAAGTAATATATATTCATTTGAATATACATTTCAAACCCCCTTGTCTAAACCACCTGTTGCTTCCGGCTGTTTGGGCTGTACAGTTAGCTGAATAGCCTGGCCGGAAGGTTAACATAAAATATTGTATTTAGAGTCTTCTGAATTTTTAAAATAAAAGTTAAAACTTTCAACAACGGATCTCTTGGTTCTCGCATCGATGAAGAACGCAGCGAAATGCGATAAGTAGTGTGAATTGCAGAATTCAGTGAATCATCGAATCTTTGAACGCACATTGCGCCTTCCGGTATTCCGGGAGGCATGCCTGTCCGAGCGTCATCAAAAACCACTCAAGTAGTTTTGCTTGGTCATGAAAGAAGAGTTTGCTTGCAAATTCCCTTTCGAAATTCAATGGCGGAGAGTCTCATGATTCCGGCGTAGTAATAACTTATTCGCTTGGTCATTGTAATAATCCTGCCTCAAACCCCCAATTCTAGTGTTTGACCTCGGATCAGGTAGGGATACCCGCTGAACTTAAGCANTNNNGGGGGNNNANGCGTCTNGCCNNCGCNACCNGGTAGTTTTCCCGCCGGACTAGCCTNGTTGTGTNGGNAAAAGGGGTCNCTAACACCCATATTAAGATAAA,663,
ghe_m2x_7_G_ITS1F_A07.ab1,71.3%,16.7%,12.0%,732,NNNNNNNNNNNNNNAGNNGNNNNCGGNNGANNTTATACATACATGGGATACCAATGTGTTCCCTGACCCATACCACCTCTGTGTACCGCTCCATGTTGCTTTCCCAGGTGCTCAATCCTTGTAGTAGCTCATCGCAAATGACATGTCGCTGCTGCCCGCGAGTGGCTACTGGGAAAGGTCTTATTTAACGCCTTCAATTGAATTTGCCGTCTGAGTTGGCCTGGTGCCATGAACTTTGAACAAGTTAAAAAACTTTCAACAACGGATCTCTTGGCTCTCGCATCGATGAAGAACGCAGCGAAATGCGATAAGTAATGTGAATTGCAGAATTCAGTGAATCATCGAATCTTTGAACGCACATTGCGCCCCTTGGTATTCCTTGGGGCATGCCTGTTCGAGCGTCACTACAAAACCCACTCATAAATGTTATGGTACTGATGGAAGTGAACTGTCGCCACTCATGCGCTCAGATCACTCTGTTGAAATGCATAGGCAGGATAATCAACCTCCGCAACGGACTTAGTAACAGTTTTAAAGACATAAACCAGTCACTTGTTAGGTTCCAGCCTGGCCATCATGGACCTCCATCCAAGTTGAACTCTGGGTTGACCTCGGATCAGGTAGGGATACCCGCTGAACTTAAGCNNNNNNNNNNNNNNNNNNNNNNNNNNNNGTTCTAGGAATTTGTTGGTTGNATCCAACTTTGGCAGNAGGAACCCANACNCNGNCTGA,732,
ghe_m2x_1_A_ITS1F_A03.ab1,72.9%,7.8%,19.3%,554,NNNNNNNNNCNNAGGTGANNTGCGGNGGTCATTAAAAGTAATATATATTCATTTGAATATACATTTCAAACCCCCTTGTCTAAACCACCTGTTGCTTCCGGCTGTTTGGGCTGTACAGTTAGCTGAATAGCCTGGCCGGAAGGTTAACATAAAATATTGTATTTAGAGTCTTCTGAATTTTTAAAATAAAAGTTAAAACTTTCAACAACGGATCTCTTGGTTCTCGCATCGATGAAGAACGCAGCGAAATGCGATAAGTAGTGTGAATTGCAGAATTCAGTGAATCATCGAATCTTTGAACGCACATTGCGCCTTCCGGTATTCCGGGAGGCATGCCTGTCCGAGCGTCATCAAAAACCACTCAAGTAGTTTTGCTTGGTCATGAAAGAAGAGTTTGCTTGCAAATTCCCTTTCGAAATTCAATGGCGGAGAGTCTCATGATTCCGGCGTAGTAATAACTTATTCGCTTGGTCATTGTAATAATCCTGCCTCAAACCCCCAATTCTAGTGTTTGACCTCGGATCAGGTAGGGATACCCGCTGAACTTAAGNNNN,554,
ghe_m5x_3_G_ITSIF_F02.ab1,74.5%,2.1%,23.4%,487,CATTTCAAACCCCCTTGTCTAAACCACCTGTTGCTTCCGGCTGTTTGGGCTGTACAGTTAGCTGAATAGCCTGGCCGGAAGGTTAACATAAAATATTGTATTTAGAGTCTTCTGAATTTTTAAAATAAAAGTTAAAACTTTCAACAACGGATCTCTTGGTTCTCGCATCGATGAAGAACGCAGCGAAATGCGATAAGTAGTGTGAATTGCAGAATTCAGTGAATCATCGAATCTTTGAACGCACATTGCGCCTTCCGGTATTCCGGGAGGCATGCCTGTCCGAGCGTCATCAAAAACCACTCAAGTAGTTTTGCTTGGTCATGAAAGAAGAGTTTGCTTGCAAATTCCCTTTCGAAATTCAATGGCGGAGAGTCTCATGATTCCGGCGTAGTAATAACTTATTCGCTTGGTCATTGTAATAATCCTGCCTCAAACCCCCAATTCTAGTGTTTGACCTCGGATCAGGTAGGGATACCCGCTGAACTTA,487,
ghe_m5x_2_G_ITSIF_B07.ab1,75.2%,2.2%,22.6%,492,AATATACATTTCAAACCCCCTTGTCTAAACCACCTGTTGCTTCCGGCTGTTTGGGCTGTACAGTTAGCTGAATAGCCTGGCCGGAAGGTTAACATAAAATATTGTATTTAGAGTCTTCTGAATTTTTAAAATAGAAGTTAAAACTTTCAACAACGGATCTCTTGGTTCTCGCATCGATGAAGAACGCAGCGAAATGCGATAAGTAGTGTGAATTGCAGAATTCAGTGAATCATCGAATCTTTGAACGCACATTGCGCCTTCCGGTATTCCGGGAGGCATGCCTGTCCGAGCGTCATCAAAAACCACTCAAGTAGTTTTGCTTGGTCATGAAAGAAGAGTTTGCTTGCAAATTCCCTTTCGAAATTCAATGGCGGAGAGTCTCATGATTCCGGCGTAGTAATAACTTATTCGCTTGGTCATTGTAATAATCCTGCCTCAAACCCCCAATTCTAGTGTTTGACCTCGGATCAGGTAGGGATACCCGCTGAACTT,492,
ghe_m2x_3_A_ITS1F_C04.ab1,75.2%,7.7%,17.0%,698,NNNNNNNNNNNNNNNNNNNGANGNNATGCGNNNGTCATTAACGAATATAAATCGGAAAGCTGTCGCTGGCCTTCGGGCATGTGCACGCCGACCGTGTTTCATAAATTTCTCACCTGTGAACCTAATGTAGGATGCCTATTCCTTTGGGATAGGGGACCTATGTCTTCATATACATCTCCGTGTAGAAAGTCTTAGAATGTTTACTATCATAGAGTCGCGACTTCTAGGAGACGCGAATCTGTGAGATAAAAGTTATTACAACTTTCAGCAATGGATCTCTTGGCTCTCGCATCGATGAAGAACGCAGCGAAAAGCGATATGTAATGTGAATTGCAGATCTACAGTGAATCATCGAATCTTTGAACGCACCTTGCGCTCCTCGGTGTTCCGAGGAGCATGCCTGTTTGAGTGTCAGTAAATTCTCAACCCCTCTTGATTGAGGGAGTTTGGATAGTGGGGGTTTGCCGGAGACTTTTTGACTCGGGCTCTCCTGAAATGCATCGGCTTGCGGTCGACTTTCGACTATGCGCGACAAGGCTTTCGGCGTGATAATGATCGCCGTTCGCTGAAGCGCATGAATGAAGGTTTCGCGCCTCTAATACGTCGACTCTTATTATCTCTTAGGAGAGAAAAGGTCTTCTTTATTGACTTTTGACCTCAAATCAGGTAGGACTACCCGCTGAACTTAAGCANANNNN,698,
ghe_m2x_2_C_ITS1F_G03.ab1,76.6%,9.1%,14.3%,670,NNNNNNNNNNCNNAGTGANNTGCGGNGGTCATTATACATACATGGGATACCAATGTGTTCCCTGACCCATACCACCTCTGTGTACCGCTCCATGTTGCTTTCCCAGGTGCTCAATCCTTGTAGTAGCTCATCGCAAATGACATGTCGCTGCTGCCCGCGATTGGCTACTGGGAAAGGTCTTATTTAACGCCTTCAATTGAATTTGCCGTCTGAGTTGGCCTGGTGCCATGAACTTTGAACAAGTTAAAAAACTTTCAACAACGGATCTCTTGGCTCTCGCATCGATGAAGAACGCAGCGAAATGCGATAAGTAATGTGAATTGCAGAATTCAGTGAATCATCGAATCTTTGAACGCACATTGCGCCCCTTGGTATTCCTTGGGGCATGCCTGTTCGAGCGTCACTACAAAACCCACTCATAAATGTTATGGTACTGATGGAAGTGAACTGTCGCCACTCATGCGCTCAGATCACTCTGTTGAAATGCATAGGCAGGATAATCAACCTCCGCAACGGACTTAGTAACAGTTTTAAAGACATAAACCAGTCACTTGTTAGGTTCCAGCCTGGCCATCATGGACCTCCATCCAAGTTGAACTCTGGGTTGACCTCGGATCAGGTAGGGATACCCGCTGAACTTAAGNTTNAAANAGGGGGGGNNAAAANAAAA,670,
ghe_m2x_3_E_ITS1F_D04.ab1,77.4%,9.2%,13.4%,566,NNNNNNNNNNTNNNNNNNNGNNGNNNGCGGNGGATCATTAAAAGTAATATATATTCATTTGAATATACATTTCAAACCCCCTTGTCTAAACCACCTGTTGCTTCCGGCTGTTTGGGCTGTACAGTTAGCTGAATAGCCTGGCCGGAAGGTTAACATAAAATATTGTATTTAGAGTCTTCTGAATTTTTAAAATAGAAGTTAAAACTTTCAACAACGGATCTCTTGGTTCTCGCATCGATGAAGAACGCAGCGAAATGCGATAAGTAGTGTGAATTGCAGAATTCAGTGAATCATCGAATCTTTGAACGCACATTGCGCCTTCCGGTATTCCGGGAGGCATGCCTGTCCGAGCGTCATCAAAAACCACTCAAGTAGTTTTGCTTGGTCATGAAAGAAGAGTTTGCTTGCAAATTCCCTTTCGAAATTCAATGGCGGAGAGTCTCATGATTCCGGCGTAGTAATAACTTATTCGCTTGGTCATTGTAATAATCCTGCCTCAAACCCCCAATTCTAGTGTTTGACCTCGGATCAGGTAGGGATACCCGCTGAACTTAAGCATNNNNNNN,566,
