Name,Sequence,Sequence List Name
Contig 1,NNNNNNNNNNNNNNNNNNNNAGTGGANTGCCGNAGGWCATTAAAAGTAATATATATTCATTTGAATATACATTTCAAACCCCCTTGTCTAAACCACCTGTTGCTTCCGGCTGTTTGGGCTGTACAGTTAGCTGAATAGCCTGGCCGGAAGGTTAACATAAAATATTGTATTTAGAGTCTTCTGAATTTTTAAAATARAAGTTAAAACTTTCAACAACGGATCTCTTGGTTCTCGCATCGATGAAGAACGCAGCGAAATGCGATAAGTAGTGTGAATTGCAGAATTCAGTGAATCATCGAATCTTTGAACGCACATTGCGCCTTCCGGTATTCCGGGAGGCATGCCTGTCCGAGCGTCATCAAAAACCACTCAAGTAGTTTTGCTTGGTCATGAAAGAAGAGTTTGCTTGCAAATTCCCTTTCGAAATTCAATGGCGGAGAGTCTCATGATTCCGGCGTAGTAATAACTTATTCGCTTGGTCATTGTAATAATCCTGCCTCAAACCCCCAATTCTAGTGTTTGACCTCGGATCAGGTAGGGATACCCGCTGAACTTAAGCATATCWRRNGGGGGANGCAACKNGCKYSRDCGASSRSGTARBBYNYNCCCKCYKRACYTKSNTBCTTGTSAVGNNNRRKMTGGMSNKSWAVRCSYTKWNCTWARAKRRWTTRRMCCCCCKMHNTCMRVCMAKGAVGTACCCGCRRRMYTARRCHYTMGGCAWMSRMAAKWRR,Consensus Sequences
Contig 2,NNNNNNNNNNNNNNNNNNNNNTAGNTGANTGCGGNGGNTCATTAACGAATATAAATCGGAAAGCTGTCGCTGGCCTTCGGGCATGTGCACGCCGACCGTGTTTCATAAATTTCTCACCTGTGAACCTAATGTAGGATGCCTATTCCTTTGGGATAGGGGACCTATGTCTTCATATACATCTCCGTGTAGAAAGTCTTAGAATGTTTACTATCATAGAGTCGCGACTTCTAGGAGACGCGAATCTGTGAGATAAAAGTTATTACAACTTTCAGCAATGGATCTCTTGGCTCTCGCATCGATGAAGAACGCAGCGAAAAGCGATATGTAATGTGAATTGCAGATCTACAGTGAATCATCGAATCTTTGAACGCACCTTGCGCTCCTCGGTGTTCCGAGGAGCATGCCTGTTTGAGTGTCAGTAAATTCTCAACCCCTCTTGATTGAGGGAGTTTGGATAGTGGGGGTTTGCCGGAGACTTTTTGACTCGGGCTCTCCTGAAATGCATCGGCTTGCGGTCGACTTTCGACTATGCGCGACAAGGCTTTCGGCGTGATAATGATCGCCGTTCGCTGAAGCGCATGAATGAAGGTTACGCGCCTCTAATACGTCGACTCTTATTATCTCTTAGGAGAGAAAAGGTCTTCTTTATTGACTTTTGACCTCAAATCAGGTAGGACTACCCGCTGAACTTAAGCANWTNNNNNNNNNGNNNNNNNNNNNAGGGKGVSKGRYSSNRNGKYCSGDGNRGKNNNNNSGVNGANNNNNNNATNNGNNNNNN,Consensus Sequences
Contig 3,NNNNNNNNNNNNNNNNNNYGNGANGGACTGCGGMAGGTNATTACACATWTATGGGACACTAATGTGGTCCCTTGACCAAAACCCTCTCTGCGTACCAATCTATGTTGCTTTCCTAGGTGGTTGGTTTCAGCTGCCGTCCAACATTGCCTGCTAGCTCAGTCAGCCCGAGTGGTTAACTCGGAGTTTGATCTTTTTTACTGATGGGTTAAGCTTTAATCGGTCAGCGAGCTTAATTTATGTCCATCAGGATCAGCTATGCAGGCCCCTGGGAAAGGGTCCATCCCAAATGAATATGCCAATCAGCTGTCTGAGTTGGCCTTGTGCCTTATTCTTTGAACAAGTTAAAACTTTCAACAACGGATCTCTTGGCTCTCGCATCGATGAAGAACGCAGCGAAATGCGATAAGTAATGTGAATTGCAGAATTCAGTGAATCATCGAATCTTTGAACGCACATTGCGCCCCTTGGTATTCCTTGGGGCATGCCTGTTCGAGCGTCACTATAAACCCGCTCATAAATGTTATGGTATTGATGGAAGTGAACTGTTGCAWCTAAAGTGTGTGGATCACTCCATCGAAATACATAGGCAGGACAACAAACCTCTGTAGCTGACTTAGTAACTGTTTTCAAAGACACWAACCAGTCACTKGCTAGGTTCTAGCCTGGCCTCCWTAGACCTCCATTCAAGATRAAATACTGGGTTGACCTCGGATCAGGTAGGGATACCCGCTGAACTTAAGCATATNWNNN,Consensus Sequences
Contig 4,NNNNNNNNNNNNNNNNNKAGRTGANTTGCGGNAGGWCATTATCGAAAAGCAATCTGGAGGGGAAGACGAGCGAGCGAAGTTTGGTAGATCGTAGGGATTGTCGCTGGCCTTTGGCAACCGAAGGCATGTGCACGTTCCGAGTTCTCCTTTAGTCCTCATTTGCCTTTCCTTTTGGAAAACCTTTATTTCACACCTGTGCACCTATTGTAGGTCCSGCAAGGRATCTATGTTTCTAATCTACCCCAAATGTATGTCTAGAATGTCATTAGTGCGTCGATCGGCTTGGCTARCGCCTCGTTGGCGACGGTAAAGAAATCATATACAACTTTCAGCAACGGATCTCTTGKCTCTCGCATCGATGAAGAACGCAGCGAATTGCGATACGTAATGTGAATTGCAGATTTTCAGTGAATCATCGAATCTTTGAACGCACCTTGCGCTCCTTGRTATTCCGAGGAGCATGCCTGTTTGAGTGTCATTGAATTCTCAACCATCCTTTGATTGATTTCGAGGGGATGNCTTGNATTTTGRGAGCTGCCGNCTGACCTTTACTAANGGACGGGTCGGCTCTTCTTAAAAGCATTAGCGAAAGGTGGCACGCCCTGCATGCACGGCCTTTGACGTGATAATGATCGTCGTGGCTGGAGTGCAAAGGGATTAGATCGACCTTTGCTTCTAAAGACAATGGTAGTGGGGACTTTGCTTCGGCGGACGAACCTCTACTTTTGATGACTTGACCTCAAATCAGGTAGGACTACCCGCTGANCTAACNNNWGNNNNNNGGGGNNRGGGGGGNAAAN,Consensus Sequences
Contig 5,NNNNNNNNNNNNNNNCNNAGNTGRNNTGCGGNNGWCATTATACATACATGGGATACCAATGTGTTCCCTGACCCATACCACCTCTGTGTACCGCTCCATGTTGCTTTCCCAGGTGCTCAATCCTTGTAGTAGCTCATCGCAAATGACATGTCGCTGCTGCCCGCGAGTGGCTACTGGGAAAGGTCTTATTTAACGCCTTCAATTGAATTTGCCGTCTGAGTTGGCCTGGTGCCATGAACTTTGAACAAGTTAAAAAACTTTCAACAACGGATCTCTTGGCTCTCGCATCGATGAAGAACGCAGCGAAATGCGATAAGTAATGTGAATTGCAGAATTCAGTGAATCATCGAATCTTTGAACGCACATTGCGCCCCTTGGTATTCCTTGGGGCATGCCTGTTCGAGCGTCACTACAAAACCCACTCATAAATGTTATGGTACTGATGGAAGTGAACTGTCGCCACTCATGCGCTCAGATCACTCTGTTGAAATGCATAGGCAGGATAATCAACCTCCGCAACGGACTTAGTAACAGTTTTAAAGACATAAACCAGTCACTTGTTAGGTTCCAGCCTGGCCATCATGGACCTCCATCCAAGTTGAACTCTGGGTTGACCTCGGATCAGGTAGGGATACCCGCTGAACTTAAGCWWNNNNNAGGGGGGGNNAAAANAATCCCGSBSGRGGRATBTKTTRGCTSKVTVWTANTVTSGCVKNADNNANCNSWGSNSNGCBTGACWWAMNWWACSSNTATCAYGANGNNSNNNTNAAAAMYYYTTGGGGGGYGCCSGGGTGNNTMCNNGSKTWRNAATTTGCKTWMNNNGNWAGRMCCCCNYGCCGRRWWYTGNCMAACMNACCCNAAAATYWMCCYYMRGNKTTNNMCCCTSKGGAWYMRGGNWRGRNATACCCCSCTGAAYYNWASCMWWWMAWWRNNNNSNRGGGNSRRNAANNN,Consensus Sequences
Contig 6,NNNNNNNNNNNNNNCNTAGATGNNCTGCGGAGGATCATTAAAAGTAATATATATTCATTTGAATATACATTTCAAACCCCCTTGTCTAAACCACCTGTTGCTTCCGGCTGTTTGGGCTGTACAGTTAGCTGAATAGCCTGGCCGGAAGGTTAACATAAAATATTGTATTTAGAGTCTTCTGAATTTTTAAAATAAAAGTTAAAACTTTCAACAACGGATCTCTTGGTTCTCGCATCGATGAAGAACGCAGCGAAATGCGATAAGTAGTGTGAATTGCAGAATTCAGTGAATCATCGAATCTTTGAACGCACATTGCGCCTTCCGGTATTCCGGGAGGCATGCCTGTCCGAGCGTCATCAAAAACCACTCAAGTAGTTTTGCTTGGTCATGAAAGAAGAGTTTGCTTGCAAATTCCCTTTCGAAATTCAATGGCGGAGAGTCTCATGATTCCGGCGTAGTAATAACTTATTCGCTTGGTCATTGTAATAATCCTGCCTCAAACCCCCAATTCTAGTGTTTGACCTCGGATCAGGTAGGGATACCCGCTGAACTTAAGCWWWNAANGGGGGGGGADAAARWTNYRKKKTSGYRWMGRGGGGRMWNCGKCKYGARVBSRSGRANAGKAGRMWGWYGGYDTYMWTGNACSTGTYNGRGSKSRHWWRGRRGWWAARYRCTGGWTYGCYNCYDAWRMVGDAMVADAWYAGNGGGGGGMWWWKGMHTMGGCGGGASGGAVCAMWMARTWDTGKAAGGAKRGGRYYTWCAAAAVVRGGGGDAMCVGGCRGGYGYWHYMHRHNARWRNNNNSSGKGGGRNNGRMRNANC,Consensus Sequences
Contig 7,NNNNNNNNNNNNNTNNCNTAGNTGACCTGCGGAGGATCATTAAAAGTAATATATATTCATTTGAATATACATTTCAAACCCCCTTGTCTAAACCACCTGTTGCTTCCGGCTGTTTGGGCTGTACAGTTAGCTGAATAGCCTGGCCGGAAGGTTAACATAAAATATTGTATTTAGAGTCTTCTGAATTTTTAAAATAAAAGTTAAAACTTTCAACAACGGATCTCTTGGTTCTCGCATCGATGAAGAACGCAGCGAAATGCGATAAGTAGTGTGAATTGCAGAATTCAGTGAATCATCGAATCTTTGAACGCACATTGCGCCTTCCGGTATTCCGGGAGGCATGCCTGTCCGAGCGTCATCAAAAACCACTCAAGTAGTTTTGCTTGGTCATGAAAGAAGAGTTTGCTTGCAAATTCCCTTTCGAAATTCAATGGCGGAGAGTCTCATGATTCCGGCGTAGTAATAACTTATTCGCTTGGTCATTGTAATAATCCTGCCTCAAACCCCCAATTCTAGTGTTTGACCTCGGATCAGGTAGGGATACCCGCTGAACTTAAGCATMAAGNGGGGGGGNNAANRNTGCHGKKCGCGAGCCNTCBMTMMSKDSRBCTCTTATNTCTCTCAKRSNAGAGAACASKCTTCGRCWAKTGACTTTTGGMCTYCAKWMNABGTARGACTACCCGCTGCCTGAVRCABVTSCTTATCATASSSWSRMCKYWCGATTTSCWTWAGKCGKKRSNNRNNYNNNRRRGNNKTKWAACWYMCSN,Consensus Sequences
Contig 8,NNNNNNNNNNNNNNNNNNTANTGNACTGCGGAGGANCATTAAAAGTAATATATATTCATTTGAATATACATTTCAAACCCCCTTGTCTAAACCACCTGTTGCTTCCGGCTGTTTGGGCTGTACAGTTAGCTGAATAGCCTGGCCGGAAGGTTAACATAAAATATTGTATTTAGAGTCTTCTGAATTTTTAAAATAAAAGTTAAAACTTTCAACAACGGATCTCTTGGTTCTCGCATCGATGAAGAACGCAGCGAAATGCGATAAGTAGTGTGAATTGCAGAATTCAGTGAATCATCGAATCTTTGAACGCACATTGCGCCTTCCGGTATTCCGGGAGGCATGCCTGTCCGAGCGTCATCAAAAACCACTCAAGTAGTTTTGCTTGGTCATGAAAGAAGAGTTTGCTTGCAAATTCCCTTTCGAAATTCAATGGCGGAGAGTCTCATGATTCCGGCGTAGTAATAACTTATTCGCTTGGTCATTGTAATAATCCTGCCTCAAACCCCCAATTCTAGTGTTTGACCTCGGATCAGGTAGGGATACCCGCTGAACTTAAGCANWWAGGNGNNGNNNAAYCBNGCMGKCNCCCCCCYCTGGCGCSKNCCTTATTWYCYKNTTVTCARANRRCRYRRCCMBGCKCKYRMHATTYTWCYNNCCBDKCCCCCCTCAWCMMWCCCRKSARDWYRAVCKCTTKTTCGCCCGCNASCNGKMYTKTTKCCCGCTTRWCCTCYCBTCRKRGGGKGSMMCSCSGWYYWATCNTRSGGGGGRMSCRN,Consensus Sequences
Contig 9,NNNNNNNNNNNNNNMGATGACCTGCGNNGGWCATTACAAATGTCTGNNNGTCCAATTTGGCTCCTAAGCAAACACTTCTATGTGTACTCTCCCATGTTGCTTCCCCAGACCAGTGGCCACTGCTGCCAGTCCGGCCTCTTAACGGGTTTCTGGTCTGAGATGTCTGGGGAAGGTCCATTATTAAACTTTTAAACCAAATGCCAGTCTGAGAAGGCCATGTGCCGTAATCTTTAAAACATATTAAAACTTTCAACAACGGATCTCTTGGCTCTCGCATCGATGAAGAACGCAGCGAAATGCGATAAGTAATGTGAATTGCAGAATTCAGTGAATCATCGAATCTTTGAACGCACATTGCGCCCTTTGGTATTCCTTAGGGCATACCTGTTCGAGCGTCACTAAAAACCATCTCATATATAATGTGGTATTGGTAGAAGTGGGTAGTATTAATAGTACTTTGTCTTACTCTACTGAAATGCATAGGCCAGAAAAGTGGACCATGGTAACAGACTCTCAGAGTGTTTTAAAATGCTAAATTAGTCTTACCACAGTTGATATCTGAGCTACCGGATCCCCATTTAGTCCAAACCAGAGAGGTTGACCTCGGATCAGGTAGGGATACCCGCTGAACTTAAGCNNNNNNNNNNNNNNNNNNNNNNANNNNNNNNGNCCTCNYWMRSCRCCCCAWNTNRANTTCNNAGTKSGGGTGWCCKNNCNNYSGGANG,Consensus Sequences
Contig 10,CGCRCGWCCTCCATANCYCACCTCWGTGTACCTTTTCCTGTTGCTTCCGCGAGCRTCGAGGWTAACGCCTCGGACGCCGGCTGCGATGCCACTTCCGGCAGTCGCCTCCGTGGAGTGCTTGCGGRAGGWMTAAACGAAATCCAATTGTAATACATAGCGTCTGTCTGACTGTATATAATAATAMAAGTTAAAACTTTCAACAACGGATCTCTTGGTTCTCGCATCGATGWAGAACGCAGCGAAATGCGATAAGTAGTGTGAATTGCAGAATTCCGTGAATCATCGAATCTTTGAACGCACATTGCGCCTCCTGGTACTCCGNNAGGCATGCCTGTCCGAGCGTCATTATAACCCTCTCAAGCGTCATTGCTTGATCTTGNGGCAGCTCCGTCCACCGCGGCGGACCGCTCCGAATTCCAATGGCAGACGATGGTGTCAAACGTCAGCGTAGTGAGCATTTTTATCAAAGCATCGCGAAGCGTCGTCACCCGTCCCGCCCAATGGANCCCTTCAATTCTAANTGTTGACCTCGGNTCAGGTANGGATACCCGCTGAACT,Consensus Sequences
Contig 11,TATATATTCATTTGAATATACATTTCAAACCCCCTTGTCTAAACCACCTGTTGCTTCCGGCTGTTTGGGCTGTACAGTTAGCTGAATAGCCTGGCCGGAAGGTTAACATAAAATATTGTATTTAGAGTCTTCTGAATTTTTAAAATAGAAGTTAAAACTTTCAACAACGGATCTCTTGGTTCTCGCATCGATGAAGAACGCAGCGAAATGCGATAAGTAGTGTGAATTGCAGATTCAGTGATCATCGATCTTTGAACGCACNTTGCGCCTTCCGTATTCCGGGAGCWGCCTGCCGACKCWCAAAACCACNCAAKAGTTTSYTGTCWGNARARGTTSYTSMATTCCCTTCGAWTCATGCGARKYCWGWTCCGCKAKATACTATCSYTGTCWTKATATCTGCTCACCCCATYNAKGTNRMYCGWMKWRGWACCSYGACTASWWWASNNGAAGNCSTNAWCCCAAAYTRYCYMACCKRACWMAAYTCWYWYRTKGCYCGYCCRGRKWYSKGMWRYWWAMM,Consensus Sequences
